	510050 CH Equity			
	#N/A Requesting Data...	#N/A Requesting Data...	#N/A Requesting Data...	#N/A Requesting Data...
Dates	PX_LAST	PX_OPEN	PX_HIGH	PX_LOW
2015/1/5	2.4689	2.4294	2.5	2.4058
2015/1/6	2.4407	2.4482	2.4962	2.4115
2015/1/7	2.4369	2.4247	2.4689	2.4087
2015/1/8	2.371	2.4473	2.4576	2.3635
2015/1/9	2.3766	2.3635	2.4896	2.3503
2015/1/12	2.354	2.4039	2.4058	2.3145
2015/1/13	2.3399	2.354	2.3766	2.3267
2015/1/14	2.3484	2.3493	2.3823	2.322
2015/1/15	2.435	2.3484	2.4388	2.3305
2015/1/16	2.452	2.4463	2.4802	2.4303
2015/1/19	2.2071	2.2881	2.3211	2.2071
2015/1/20	2.2232	2.2043	2.2599	2.1808
2015/1/21	2.3569	2.2467	2.37	2.2335
2015/1/22	2.3531	2.3635	2.3682	2.3183
2015/1/23	2.3766	2.3672	2.419	2.3531
2015/1/26	2.3719	2.3832	2.3832	2.3399
2015/1/27	2.3333	2.3813	2.3842	2.2938
2015/1/28	2.2994	2.3088	2.3474	2.2928
2015/1/29	2.2599	2.2627	2.2806	2.2401
2015/1/30	2.2288	2.274	2.2909	2.2203
2015/2/2	2.1648	2.1667	2.2053	2.1591
2015/2/3	2.2288	2.193	2.2392	2.1657
2015/2/4	2.1977	2.2363	2.2636	2.1949
2015/2/5	2.1808	2.2787	2.2844	2.178
2015/2/6	2.1572	2.1761	2.1968	2.1375
2015/2/9	2.1949	2.1572	2.2213	2.1469
2015/2/10	2.2307	2.1949	2.2354	2.1855
2015/2/11	2.241	2.2326	2.2486	2.2213
2015/2/12	2.2448	2.2401	2.2514	2.2137
2015/2/13	2.2505	2.2505	2.2872	2.2429
2015/2/16	2.2542	2.2505	2.2627	2.2401
2015/2/17	2.2702	2.2608	2.2872	2.2608
2015/2/25	2.2316	2.2702	2.2702	2.2213
2015/2/26	2.307	2.2297	2.3088	2.2109
2015/2/27	2.2957	2.3041	2.3211	2.2862
2015/3/2	2.2985	2.3126	2.3164	2.2825
2015/3/3	2.226	2.2853	2.2853	2.2222
2015/3/4	2.2241	2.2297	2.242	2.2053
2015/3/5	2.1977	2.2081	2.2137	2.177
2015/3/6	2.2024	2.1987	2.2232	2.1968
2015/3/9	2.2571	2.1657	2.2693	2.1554
2015/3/10	2.2213	2.242	2.2495	2.2175
2015/3/11	2.2354	2.225	2.2693	2.2241
2015/3/12	2.3051	2.2636	2.3277	2.2486
2015/3/13	2.3117	2.3145	2.3493	2.2975
2015/3/16	2.3635	2.3277	2.3663	2.3079
2015/3/17	2.3945	2.3889	2.4002	2.3719
2015/3/18	2.4586	2.4011	2.4614	2.4011
2015/3/19	2.436	2.452	2.4576	2.4247
2015/3/20	2.4812	2.4473	2.5122	2.4256
2015/3/23	2.5198	2.5009	2.5264	2.4925
2015/3/24	2.484	2.5198	2.5216	2.4557
2015/3/25	2.452	2.4764	2.4943	2.4312
2015/3/26	2.4887	2.4388	2.5169	2.4265
2015/3/27	2.4943	2.4953	2.5169	2.468
2015/3/30	2.58	2.5179	2.5913	2.5056
2015/3/31	2.549	2.6205	2.6506	2.5424
2015/4/1	2.5923	2.5546	2.6054	2.5518
2015/4/2	2.5791	2.6177	2.6215	2.5461
2015/4/3	2.6111	2.5668	2.6139	2.565
2015/4/7	2.6761	2.6356	2.6808	2.6252
2015/4/8	2.7288	2.6883	2.741	2.6648
2015/4/9	2.709	2.741	2.8041	2.6996
2015/4/10	2.7646	2.71	2.7759	2.6996
2015/4/13	2.8164	2.8154	2.8333	2.7919
2015/4/14	2.8239	2.8164	2.8474	2.7928
2015/4/15	2.8352	2.8239	2.8983	2.8126
2015/4/16	2.9614	2.8465	2.9633	2.8079
2015/4/17	2.999	3.0508	3.0565	2.9727
2015/4/20	2.9218	3.016	3.0433	2.9096
2015/4/21	2.9576	2.9284	2.9661	2.8992
2015/4/22	3.0518	2.9859	3.0584	2.9633
2015/4/23	3.0245	3.0602	3.0659	2.999
2015/4/24	2.9859	2.9868	3.0056	2.9218
2015/4/27	3.065	3.016	3.0697	3.0085
2015/4/28	3.0395	3.0602	3.1139	3.0122
2015/4/29	3.032	3.032	3.0565	3.0009
2015/4/30	3.0113	3.0461	3.0593	3.0094
2015/5/4	3.0235	3.0132	3.0292	2.9661
2015/5/5	2.9152	3.0216	3.0235	2.903
2015/5/6	2.903	2.9284	3.0019	2.8747
2015/5/7	2.8672	2.9002	2.9096	2.8625
2015/5/8	2.8766	2.8917	2.8983	2.8164
2015/5/11	2.9284	2.8766	2.9341	2.8437
2015/5/12	2.9463	2.9218	2.9595	2.8992
2015/5/13	2.9039	2.9463	2.952	2.8879
2015/5/14	2.8936	2.8973	2.9181	2.8766
2015/5/15	2.8305	2.8936	2.8936	2.8201
2015/5/18	2.774	2.806	2.8239	2.7731
2015/5/19	2.887	2.774	2.8936	2.7683
2015/5/20	2.887	2.9039	2.9444	2.8729
2015/5/21	2.9228	2.9086	2.9322	2.886
2015/5/22	3.0122	2.9557	3.0141	2.936
2015/5/25	3.1102	3.048	3.113	3.0282
2015/5/26	3.1262	3.1337	3.1516	3.0706
2015/5/27	3.0932	3.1393	3.1554	3.0753
2015/5/28	2.8992	3.0932	3.1073	2.8719
2015/5/29	2.887	2.9011	2.9322	2.8211
2015/6/1	3.0113	2.887	3.0226	2.854
2015/6/2	3.0216	3.0075	3.0311	2.9651
2015/6/3	3.0047	3.0179	3.0254	2.9633
2015/6/4	3.0687	3.0047	3.0857	2.8719
2015/6/5	3.064	3.145	3.1544	3.0019
2015/6/8	3.2269	3.0885	3.2467	3.0659
2015/6/9	3.1648	3.257	3.2627	3.1318
2015/6/10	3.1262	3.1224	3.1779	3.0989
2015/6/11	3.1073	3.1393	3.1497	3.0791
2015/6/12	3.1196	3.129	3.1431	3.0791
2015/6/15	3.0282	3.1393	3.1535	3.0226
2015/6/16	2.9642	3.0122	3.0499	2.9294
2015/6/17	2.9896	2.9755	3.0038	2.9322
2015/6/18	2.8644	2.9727	2.9727	2.8531
2015/6/19	2.7062	2.8484	2.8625	2.6977
2015/6/23	2.8022	2.7241	2.8145	2.6365
2015/6/24	2.8418	2.8154	2.8531	2.7495
2015/6/25	2.7486	2.87	2.8813	2.7363
2015/6/26	2.5292	2.693	2.7599	2.4812
2015/6/29	2.5047	2.6102	2.6356	2.3361
2015/6/30	2.6845	2.5047	2.6883	2.4491
2015/7/1	2.5687	2.6459	2.6836	2.532
2015/7/2	2.5273	2.6271	2.6299	2.4294
2015/7/3	2.4284	2.5019	2.5687	2.354
2015/7/6	2.5819	2.6714	2.6714	2.4812
2015/7/7	2.6271	2.5254	2.6554	2.4548
2015/7/8	2.452	2.4482	2.596	2.3644
2015/7/9	2.629	2.3813	2.6893	2.3324
2015/7/10	2.7354	2.5763	2.8343	2.5518
2015/7/13	2.6949	2.6742	2.7768	2.6318
2015/7/14	2.6007	2.6412	2.6732	2.5574
2015/7/15	2.5885	2.5715	2.6149	2.5094
2015/7/16	2.58	2.5894	2.6158	2.5424
2015/7/17	2.6393	2.5951	2.6695	2.5631
2015/7/20	2.6149	2.6309	2.6478	2.597
2015/7/21	2.6064	2.5715	2.6365	2.5715
2015/7/22	2.5772	2.5941	2.6083	2.5612
2015/7/23	2.6309	2.5772	2.6328	2.5772
2015/7/24	2.5847	2.628	2.6412	2.5744
2015/7/27	2.3484	2.5621	2.5631	2.3446
2015/7/28	2.339	2.3013	2.3832	2.2655
2015/7/29	2.3861	2.354	2.3917	2.3183
2015/7/30	2.3248	2.3766	2.3992	2.3164
2015/7/31	2.3183	2.3164	2.3503	2.2938
2015/8/3	2.3333	2.2975	2.3343	2.2787
2015/8/4	2.3917	2.3427	2.3936	2.323
2015/8/5	2.3456	2.3813	2.387	2.3437
2015/8/6	2.3267	2.322	2.3616	2.3079
2015/8/7	2.3578	2.3465	2.3748	2.3352
2015/8/10	2.4633	2.3748	2.4764	2.3682
2015/8/11	2.4388	2.4651	2.4661	2.4265
2015/8/12	2.4143	2.4181	2.4482	2.4068
2015/8/13	2.4256	2.4115	2.4341	2.3757
2015/8/14	2.4247	2.4341	2.4397	2.4143
2015/8/17	2.3992	2.4105	2.4115	2.3766
2015/8/18	2.2693	2.4011	2.4209	2.2505
2015/8/19	2.2853	2.2571	2.2975	2.1921
2015/8/20	2.2232	2.2608	2.2787	2.2222
2015/8/21	2.1412	2.1968	2.2241	2.1346
2015/8/24	1.9275	2.0866	2.0866	1.9275
2015/8/25	1.7759	1.8286	1.9303	1.7599
2015/8/26	1.8324	1.8258	1.9152	1.7693
2015/8/27	1.9868	1.8813	1.9962	1.8474
2015/8/28	2.0414	2.0151	2.0471	1.9746
2015/8/31	2.08	2.0122	2.0838	1.9548
2015/9/1	2.0979	2.0264	2.113	1.9802
2015/9/2	2.1055	2.0198	2.1158	2.0169
2015/9/7	2.0151	2.0866	2.1233	2.0085
2015/9/8	2.0499	1.9962	2.0603	1.9633
2015/9/9	2.08	2.0687	2.0979	2.0508
2015/9/10	2.0772	2.0546	2.0894	2.0508
2015/9/11	2.065	2.0763	2.0904	2.0565
2015/9/14	2.0932	2.081	2.0951	1.9981
2015/9/15	2.0405	2.0527	2.0612	2.0207
2015/9/16	2.1111	2.0424	2.1516	2.0179
2015/9/17	2.0697	2.0923	2.1271	2.0678
2015/9/18	2.0697	2.081	2.0951	2.0631
2015/9/21	2.0829	2.0621	2.0913	2.0508
2015/9/22	2.1064	2.081	2.1271	2.081
2015/9/23	2.0527	2.0659	2.0904	2.0499
2015/9/24	2.0593	2.064	2.0706	2.0452
2015/9/25	2.0442	2.0565	2.0593	2.0198
2015/9/28	2.0471	2.0414	2.0527	2.0216
2015/9/29	2.0028	2.0264	2.0282	1.9953
2015/9/30	2.0216	2.0141	2.0424	2.0132
2015/10/8	2.0678	2.1102	2.112	2.065
2015/10/9	2.0913	2.0763	2.0979	2.0697
2015/10/12	2.1544	2.1045	2.1817	2.096
2015/10/13	2.1459	2.1346	2.1516	2.1337
2015/10/14	2.1262	2.1309	2.1544	2.1243
2015/10/15	2.1695	2.129	2.1723	2.1224
2015/10/16	2.1864	2.1751	2.1968	2.1714
2015/10/19	2.1845	2.1874	2.2081	2.1638
2015/10/20	2.2043	2.178	2.2062	2.1657
2015/10/21	2.1845	2.2006	2.2297	2.1384
2015/10/22	2.1968	2.1893	2.2015	2.1657
2015/10/23	2.2128	2.2006	2.2175	2.1845
2015/10/26	2.2128	2.241	2.2458	2.1949
2015/10/27	2.2109	2.2015	2.2222	2.1685
2015/10/28	2.1732	2.2015	2.2043	2.1704
2015/10/29	2.1761	2.177	2.1883	2.161
2015/10/30	2.1751	2.1704	2.1996	2.1638
2015/11/2	2.1497	2.1572	2.1789	2.1478
2015/11/3	2.1393	2.1544	2.1629	2.1318
2015/11/4	2.2467	2.1441	2.2495	2.1441
2015/11/5	2.3022	2.2363	2.3682	2.2307
2015/11/6	2.3531	2.2985	2.3597	2.2806
2015/11/9	2.3842	2.354	2.4378	2.3512
2015/11/10	2.3738	2.3644	2.4049	2.354
2015/11/11	2.3578	2.37	2.3738	2.3239
2015/11/12	2.3258	2.3635	2.3691	2.3173
2015/11/13	2.3013	2.307	2.3324	2.2957
2015/11/16	2.306	2.2636	2.3107	2.2627
2015/11/17	2.307	2.3164	2.3653	2.3022
2015/11/18	2.2957	2.3079	2.3258	2.2891
2015/11/19	2.3267	2.2985	2.3305	2.2919
2015/11/20	2.3154	2.3248	2.3352	2.3098
2015/11/23	2.307	2.3145	2.3361	2.2787
2015/11/24	2.3013	2.3022	2.3022	2.2759
2015/11/25	2.3107	2.2928	2.3154	2.2815
2015/11/26	2.3041	2.3258	2.3333	2.3004
2015/11/27	2.1827	2.2928	2.2966	2.1619
2015/11/30	2.193	2.1902	2.2081	2.1516
2015/12/1	2.2024	2.194	2.2288	2.1742
2015/12/2	2.3183	2.1987	2.3239	2.1958
2015/12/3	2.3164	2.3088	2.3314	2.2796
2015/12/4	2.258	2.2919	2.3004	2.2476
2015/12/7	2.2505	2.2571	2.2702	2.2373
2015/12/8	2.2279	2.2363	2.2505	2.2137
2015/12/9	2.2307	2.2232	2.2467	2.2156
2015/12/10	2.2175	2.2335	2.2646	2.21
2015/12/11	2.2071	2.2053	2.2203	2.1855
2015/12/14	2.274	2.1874	2.2787	2.1836
2015/12/15	2.2429	2.2627	2.2683	2.2307
2015/12/16	2.2335	2.2467	2.2542	2.2279
2015/12/17	2.2608	2.2448	2.2834	2.2439
2015/12/18	2.2806	2.2561	2.3145	2.2533
2015/12/21	2.3531	2.2665	2.3644	2.2646
2015/12/22	2.3446	2.3503	2.3569	2.3277
2015/12/23	2.3531	2.3446	2.3964	2.3399
2015/12/24	2.3333	2.3503	2.3531	2.307
2015/12/25	2.3409	2.3352	2.3474	2.3258
2015/12/28	2.2712	2.3418	2.3493	2.2674
2015/12/29	2.29	2.2702	2.2919	2.2655
2015/12/30	2.2825	2.2909	2.2919	2.2552
2015/12/31	2.2749	2.2768	2.2919	2.2646
2016/1/4	2.145	2.2702	2.2721	2.1384
2016/1/5	2.1525	2.128	2.1761	2.0998
2016/1/6	2.1817	2.1563	2.1845	2.1422
2016/1/7	2.0499	2.1525	2.1525	2.0386
2016/1/8	2.0894	2.1055	2.1271	2.0301
2016/1/11	2.0009	2.0527	2.0753	1.999
2016/1/12	2.0066	2.0151	2.0292	1.9934
2016/1/13	1.9887	2.0273	2.0386	1.9868
2016/1/14	2.0066	1.9539	2.0141	1.9397
2016/1/15	1.9491	1.9962	2.0066	1.9397
2016/1/18	1.9491	1.9209	1.9736	1.9181
2016/1/19	2.0056	1.9491	2.0169	1.9407
2016/1/20	1.9689	1.9934	2.0009	1.951
2016/1/21	1.9237	1.9539	1.9934	1.9209
2016/1/22	1.9463	1.9444	1.9576	1.9124
2016/1/25	1.9444	1.9491	1.9567	1.9341
2016/1/26	1.8437	1.9322	1.936	1.8361
2016/1/27	1.8427	1.8503	1.8597	1.806
2016/1/28	1.8032	1.8296	1.8531	1.7947
2016/1/29	1.8597	1.806	1.8785	1.806
2016/2/1	1.8286	1.8587	1.8616	1.8126
2016/2/2	1.8597	1.8286	1.8672	1.8258
2016/2/3	1.839	1.8409	1.8474	1.8192
2016/2/4	1.8625	1.8493	1.8691	1.8456
2016/2/5	1.8531	1.8616	1.8663	1.8503
2016/2/15	1.8352	1.8126	1.8446	1.807
2016/2/16	1.8842	1.8418	1.8889	1.8409
2016/2/17	1.8955	1.8823	1.903	1.8785
2016/2/18	1.8936	1.9049	1.9162	1.8908
2016/2/19	1.8889	1.8908	1.8983	1.8776
2016/2/22	1.9341	1.9058	1.9444	1.8974
2016/2/23	1.9115	1.9322	1.9331	1.8983
2016/2/24	1.92	1.9058	1.9237	1.8917
2016/2/25	1.823	1.9143	1.9171	1.8023
2016/2/26	1.8418	1.8324	1.8512	1.8173
2016/2/29	1.8239	1.8333	1.8409	1.7797
2016/3/1	1.8559	1.8267	1.8748	1.8164
2016/3/2	1.9294	1.8587	1.936	1.8587
2016/3/3	1.9331	1.9247	1.9407	1.9162
2016/3/4	1.9981	1.9265	2.0056	1.9209
2016/3/7	1.9877	1.9962	2.0151	1.9736
2016/3/8	1.9915	1.9812	1.9934	1.9162
2016/3/9	1.984	1.951	1.9868	1.9322
2016/3/10	1.9388	1.9623	1.983	1.935
2016/3/11	1.9454	1.9228	1.9501	1.92
2016/3/14	1.9548	1.9595	1.9962	1.951
2016/3/15	1.9755	1.9539	1.9812	1.935
2016/3/16	2.0103	1.9633	2.016	1.9604
2016/3/17	2.0075	2.0066	2.0329	1.9877
2016/3/18	2.0151	2.0103	2.0405	2.0066
2016/3/21	2.064	2.0339	2.0857	2.0282
2016/3/22	2.0424	2.0574	2.065	2.0386
2016/3/23	2.0442	2.0377	2.0584	2.0282
2016/3/24	2.0151	2.0348	2.0348	2.0113
2016/3/25	2.0198	2.0132	2.0311	2.0103
2016/3/28	1.9972	2.0264	2.0414	1.9934
2016/3/29	1.9812	2.0009	2.0113	1.9755
2016/3/30	2.032	1.9972	2.0358	1.9972
2016/3/31	2.0301	2.0377	2.0442	2.0207
2016/4/1	2.0386	2.0264	2.0395	1.9925
2016/4/5	2.048	2.0264	2.0612	2.0207
2016/4/6	2.0386	2.0414	2.048	2.0311
2016/4/7	2.0141	2.0433	2.0499	2.0113
2016/4/8	2	2.0038	2.0094	1.9887
2016/4/11	2.0188	2.0141	2.0395	2.0141
2016/4/12	2.0169	2.0188	2.0235	2.0085
2016/4/13	2.0414	2.0282	2.0687	2.0282
2016/4/14	2.0471	2.0518	2.0621	2.0377
2016/4/15	2.0508	2.0508	2.0584	2.0433
2016/4/18	2.0282	2.0367	2.0442	2.0245
2016/4/19	2.0348	2.0405	2.0433	2.0273
2016/4/20	2.0226	2.0377	2.0424	1.9708
2016/4/21	2.0207	2.0094	2.0424	2.0047
2016/4/22	2.0301	2.0085	2.0329	1.9972
2016/4/25	2.0198	2.0235	2.0282	1.9962
2016/4/26	2.0264	2.0179	2.0367	2.0122
2016/4/27	2.0188	2.0273	2.0301	2.0151
2016/4/28	2.0169	2.0198	2.0282	2.0066
2016/4/29	2.0103	2.0085	2.0188	2.0075
2016/5/3	2.0329	2.0122	2.0414	2.0028
2016/5/4	2.0273	2.0264	2.032	2.0198
2016/5/5	2.0254	2.0198	2.0264	2.0179
2016/5/6	1.9802	2.0254	2.0273	1.9774
2016/5/9	1.9501	1.9746	1.9783	1.9435
2016/5/10	1.9491	1.9463	1.9614	1.9435
2016/5/11	1.9557	1.9548	1.968	1.9463
2016/5/12	1.9614	1.9482	1.967	1.936
2016/5/13	1.9576	1.9491	1.967	1.9491
2016/5/16	1.9595	1.9473	1.9633	1.9416
2016/5/17	1.9557	1.9604	1.9651	1.9482
2016/5/18	1.9567	1.9491	1.9614	1.9322
2016/5/19	1.951	1.9501	1.9633	1.9482
2016/5/20	1.9614	1.9444	1.9623	1.9444
2016/5/23	1.9623	1.9623	1.9764	1.9576
2016/5/24	1.9482	1.9595	1.9595	1.9454
2016/5/25	1.9529	1.9548	1.9633	1.9501
2016/5/26	1.9529	1.9548	1.9642	1.9416
2016/5/27	1.9567	1.9539	1.9623	1.9491
2016/5/30	1.967	1.9548	1.9717	1.9444
2016/5/31	2.0339	1.9689	2.0348	1.9689
2016/6/1	2.0169	2.0339	2.0358	2.0169
2016/6/2	2.0151	2.0151	2.0235	2.0066
2016/6/3	2.0282	2.0169	2.032	2.0122
2016/6/6	2.016	2.0282	2.032	2.0122
2016/6/7	2.0179	2.0198	2.0245	2.0151
2016/6/8	2.0141	2.0179	2.0207	2.0056
2016/6/13	1.9661	1.999	2.0019	1.9651
2016/6/14	1.9783	1.9651	1.9812	1.9642
2016/6/15	1.9859	1.9586	1.9981	1.9557
2016/6/16	1.9793	1.9774	1.9868	1.9746
2016/6/17	1.9859	1.984	2.0009	1.983
2016/6/20	1.9906	1.9915	1.9943	1.9793
2016/6/21	1.9887	1.9953	2.016	1.9868
2016/6/22	2	1.9868	2.0019	1.983
2016/6/23	1.9925	2.0019	2.0028	1.984
2016/6/24	1.968	1.9896	2.0028	1.9473
2016/6/27	1.9877	1.968	1.9887	1.9651
2016/6/28	1.9934	1.983	1.9953	1.9755
2016/6/29	2.0103	1.9953	2.0132	1.9953
2016/6/30	2.0113	2.0151	2.0207	2.0113
2016/7/1	2.0169	2.0169	2.0235	2.016
2016/7/4	2.0499	2.016	2.0584	2.0122
2016/7/5	2.0574	2.048	2.065	2.048
2016/7/6	2.0565	2.0499	2.0584	2.0405
2016/7/7	2.0612	2.0546	2.0678	2.0471
2016/7/8	2.0499	2.0565	2.0593	2.049
2016/7/11	2.0603	2.0537	2.0791	2.0537
2016/7/12	2.1026	2.0603	2.1045	2.0603
2016/7/13	2.1055	2.1064	2.1337	2.1026
2016/7/14	2.1026	2.1064	2.1083	2.0904
2016/7/15	2.1055	2.1045	2.1111	2.097
2016/7/18	2.0979	2.1045	2.1158	2.097
2016/7/19	2.0866	2.096	2.1045	2.0763
2016/7/20	2.08	2.0866	2.0923	2.0781
2016/7/21	2.0904	2.0819	2.0979	2.0819
2016/7/22	2.0716	2.0885	2.0923	2.0706
2016/7/25	2.0725	2.0706	2.081	2.0687
2016/7/26	2.097	2.0725	2.0989	2.0687
2016/7/27	2.0857	2.0979	2.1017	2.0452
2016/7/28	2.0819	2.0744	2.0885	2.065
2016/7/29	2.0725	2.08	2.0829	2.0668
2016/8/1	2.0621	2.0706	2.0716	2.0546
2016/8/2	2.0621	2.0631	2.0697	2.0546
2016/8/3	2.0603	2.0603	2.065	2.0537
2016/8/4	2.0584	2.0593	2.0612	2.0452
2016/8/5	2.0668	2.0584	2.0763	2.0537
2016/8/8	2.0753	2.0678	2.0772	2.0574
2016/8/9	2.0913	2.0725	2.0932	2.0725
2016/8/10	2.0866	2.0923	2.0932	2.0838
2016/8/11	2.0932	2.0866	2.1243	2.0829
2016/8/12	2.1393	2.0932	2.1403	2.0923
2016/8/15	2.1996	2.1431	2.2297	2.1403
2016/8/16	2.1714	2.2034	2.2147	2.1695
2016/8/17	2.1657	2.1732	2.1855	2.1572
2016/8/18	2.1563	2.1667	2.1864	2.1497
2016/8/19	2.1667	2.1554	2.1704	2.1478
2016/8/22	2.1535	2.1657	2.1695	2.1497
2016/8/23	2.1563	2.1544	2.1723	2.1488
2016/8/24	2.1469	2.1582	2.1667	2.1412
2016/8/25	2.1365	2.1422	2.1422	2.1224
2016/8/26	2.1346	2.1393	2.1488	2.1328
2016/8/29	2.1328	2.1346	2.1365	2.1224
2016/8/30	2.1431	2.1337	2.1488	2.1337
2016/8/31	2.1506	2.1422	2.1554	2.1375
2016/9/1	2.1356	2.1506	2.1525	2.1346
2016/9/2	2.1459	2.1356	2.1469	2.1328
2016/9/5	2.1469	2.1478	2.1619	2.145
2016/9/6	2.1525	2.1469	2.161	2.1346
2016/9/7	2.1563	2.1525	2.1657	2.1516
2016/9/8	2.1563	2.1535	2.1582	2.1506
2016/9/9	2.1469	2.1544	2.1591	2.1422
2016/9/12	2.1186	2.1158	2.1233	2.0998
2016/9/13	2.1111	2.1167	2.1186	2.1073
2016/9/14	2.0989	2.1036	2.1073	2.0951
2016/9/19	2.1111	2.0989	2.1139	2.0979
2016/9/20	2.1083	2.1102	2.112	2.1036
2016/9/21	2.112	2.1064	2.1139	2.1055
2016/9/22	2.1233	2.1177	2.1337	2.1167
2016/9/23	2.1177	2.1233	2.1262	2.1167
2016/9/26	2.0923	2.1139	2.1149	2.0904
2016/9/27	2.0989	2.0904	2.1036	2.0894
2016/9/28	2.0894	2.1007	2.1017	2.0885
2016/9/29	2.0998	2.0942	2.1083	2.0942
2016/9/30	2.1045	2.0951	2.1073	2.0951
2016/10/10	2.1299	2.1149	2.1346	2.112
2016/10/11	2.1328	2.1299	2.1356	2.1262
2016/10/12	2.1252	2.128	2.129	2.1224
2016/10/13	2.1252	2.1224	2.1309	2.1224
2016/10/14	2.1337	2.1252	2.1384	2.1196
2016/10/17	2.1186	2.1365	2.1365	2.1149
2016/10/18	2.1488	2.1158	2.1506	2.1149
2016/10/19	2.1459	2.1488	2.1544	2.1431
2016/10/20	2.1469	2.145	2.1516	2.1431
2016/10/21	2.161	2.1469	2.1676	2.1422
2016/10/24	2.1883	2.1601	2.2062	2.1601
2016/10/25	2.1836	2.1893	2.1921	2.1798
2016/10/26	2.1761	2.1836	2.1864	2.1742
2016/10/27	2.1704	2.1751	2.1761	2.1657
2016/10/28	2.1723	2.1704	2.193	2.1704
2016/10/31	2.1704	2.1714	2.1723	2.1554
2016/11/1	2.1808	2.1695	2.1808	2.1667
2016/11/2	2.1657	2.1761	2.177	2.1638
2016/11/3	2.1911	2.1629	2.2024	2.1601
2016/11/4	2.1883	2.1893	2.2024	2.1855
2016/11/7	2.194	2.1883	2.1977	2.1855
2016/11/8	2.2015	2.1996	2.2137	2.194
2016/11/9	2.1845	2.2006	2.2006	2.1648
2016/11/10	2.2071	2.1958	2.2137	2.1958
2016/11/11	2.225	2.2024	2.2326	2.2006
2016/11/14	2.2354	2.2203	2.2552	2.2184
2016/11/15	2.2279	2.2316	2.2354	2.2232
2016/11/16	2.2232	2.2288	2.2316	2.2203
2016/11/17	2.2307	2.2222	2.2316	2.2128
2016/11/18	2.225	2.2316	2.2392	2.2203
2016/11/21	2.2505	2.2213	2.2655	2.2213
2016/11/22	2.2674	2.2486	2.2712	2.2476
2016/11/23	2.274	2.2683	2.2891	2.2636
2016/11/24	2.2834	2.2702	2.2938	2.2683
2016/11/25	2.3079	2.2834	2.3098	2.2693
2016/11/28	2.3164	2.3164	2.3399	2.3117
2016/11/29	2.3539	2.3125	2.3664	2.3058
2016/11/30	2.3279	2.3472	2.3568	2.3202
2016/12/1	2.3414	2.3327	2.3578	2.327
2016/12/2	2.325	2.3404	2.3414	2.3125
2016/12/5	2.2837	2.3019	2.3029	2.275
2016/12/6	2.2788	2.2827	2.2933	2.2779
2016/12/7	2.2856	2.2788	2.2865	2.2721
2016/12/8	2.2904	2.2894	2.2981	2.2856
2016/12/9	2.3221	2.2885	2.3298	2.2827
2016/12/12	2.2962	2.3212	2.3347	2.2769
2016/12/13	2.2817	2.2875	2.2923	2.2711
2016/12/14	2.2711	2.2827	2.2952	2.2702
2016/12/15	2.2211	2.2644	2.2663	2.1874
2016/12/16	2.2144	2.2201	2.2298	2.2134
2016/12/19	2.2067	2.2124	2.2182	2.2019
2016/12/20	2.1951	2.2067	2.2096	2.1778
2016/12/21	2.2115	2.198	2.2201	2.198
2016/12/22	2.2057	2.2105	2.2124	2.1961
2016/12/23	2.1932	2.2038	2.2067	2.1874
2016/12/26	2.2115	2.1807	2.2144	2.1711
2016/12/27	2.2028	2.2105	2.2173	2.2009
2016/12/28	2.1922	2.2009	2.2067	2.1865
2016/12/29	2.1922	2.1893	2.2009	2.1826
2016/12/30	2.2009	2.1913	2.2038	2.1903
2017/1/3	2.2201	2.199	2.2269	2.199
2017/1/4	2.2375	2.2173	2.2375	2.2173
2017/1/5	2.2346	2.2355	2.2403	2.2298
2017/1/6	2.2269	2.2346	2.2384	2.2249
2017/1/9	2.2317	2.2249	2.2365	2.2211
2017/1/10	2.2259	2.2278	2.2346	2.223
2017/1/11	2.2163	2.2269	2.2317	2.2144
2017/1/12	2.2096	2.2144	2.223	2.2086
2017/1/13	2.223	2.2086	2.2298	2.2067
2017/1/16	2.2509	2.2211	2.2557	2.1999
2017/1/17	2.2413	2.2413	2.2471	2.2346
2017/1/18	2.2557	2.2403	2.2634	2.2403
2017/1/19	2.2461	2.2529	2.2634	2.2442
2017/1/20	2.2606	2.2471	2.2644	2.2461
2017/1/23	2.2596	2.2615	2.2721	2.2548
2017/1/24	2.2654	2.2606	2.2673	2.2567
2017/1/25	2.2683	2.2625	2.2711	2.2567
2017/1/26	2.2769	2.2721	2.2827	2.2702
2017/2/3	2.2538	2.2779	2.2808	2.2509
2017/2/6	2.2548	2.2567	2.2625	2.248
2017/2/7	2.2471	2.2548	2.2586	2.2432
2017/2/8	2.2596	2.2471	2.2606	2.2365
2017/2/9	2.2654	2.2596	2.276	2.2538
2017/2/10	2.2769	2.2673	2.2827	2.2663
2017/2/13	2.2885	2.2779	2.2914	2.2779
2017/2/14	2.2808	2.2875	2.2894	2.2779
2017/2/15	2.2798	2.2808	2.2923	2.2788
2017/2/16	2.2827	2.2798	2.2865	2.2769
2017/2/17	2.2721	2.2856	2.2962	2.2711
2017/2/20	2.3048	2.2731	2.3058	2.2731
2017/2/21	2.3029	2.3048	2.3164	2.3
2017/2/22	2.3058	2.3029	2.3077	2.2981
2017/2/23	2.2971	2.3048	2.3096	2.2904
2017/2/24	2.2952	2.2962	2.2962	2.2846
2017/2/27	2.2779	2.2933	2.2942	2.274
2017/2/28	2.2788	2.2769	2.2875	2.2731
2017/3/1	2.2788	2.2808	2.2914	2.2769
2017/3/2	2.2644	2.2837	2.2894	2.2625
2017/3/3	2.2548	2.2615	2.2615	2.2509
2017/3/6	2.2606	2.2557	2.2654	2.2529
2017/3/7	2.2654	2.2577	2.2654	2.2567
2017/3/8	2.2663	2.2644	2.2711	2.2606
2017/3/9	2.2548	2.2625	2.2634	2.2442
2017/3/10	2.2471	2.2529	2.2557	2.2471
2017/3/13	2.2663	2.2461	2.2673	2.2394
2017/3/14	2.2625	2.2663	2.2683	2.2586
2017/3/15	2.2654	2.2596	2.2663	2.2557
2017/3/16	2.2798	2.2721	2.2865	2.2711
2017/3/17	2.2548	2.2817	2.2827	2.25
2017/3/20	2.2586	2.2596	2.2644	2.25
2017/3/21	2.2644	2.2586	2.2663	2.2567
2017/3/22	2.248	2.2567	2.2606	2.2413
2017/3/23	2.2557	2.2471	2.2644	2.2461
2017/3/24	2.275	2.2577	2.2817	2.2529
2017/3/27	2.2711	2.275	2.2875	2.2692
2017/3/28	2.2654	2.274	2.2769	2.2634
2017/3/29	2.2634	2.2673	2.2721	2.2586
2017/3/30	2.2548	2.2625	2.2673	2.2471
2017/3/31	2.2673	2.2529	2.2692	2.2529
2017/4/5	2.2923	2.2769	2.2933	2.274
2017/4/6	2.2942	2.2933	2.3	2.2827
2017/4/7	2.2942	2.2952	2.3	2.2856
2017/4/10	2.2875	2.2942	2.2981	2.2875
2017/4/11	2.2885	2.2846	2.2933	2.2654
2017/4/12	2.2846	2.2856	2.2923	2.2721
2017/4/13	2.2779	2.2808	2.2856	2.276
2017/4/14	2.2615	2.2769	2.2779	2.2567
2017/4/17	2.2644	2.2596	2.2673	2.249
2017/4/18	2.25	2.2615	2.2625	2.248
2017/4/19	2.2346	2.2452	2.2471	2.2259
2017/4/20	2.2432	2.2326	2.2452	2.2326
2017/4/21	2.2529	2.2442	2.2577	2.2423
2017/4/24	2.248	2.2538	2.2548	2.2355
2017/4/25	2.2538	2.2461	2.2557	2.2461
2017/4/26	2.2509	2.2538	2.2673	2.2509
2017/4/27	2.2557	2.248	2.2586	2.2384
2017/4/28	2.2519	2.2548	2.2557	2.2423
2017/5/2	2.2442	2.25	2.2567	2.2442
2017/5/3	2.2375	2.2442	2.25	2.2365
2017/5/4	2.2326	2.2365	2.2423	2.2269
2017/5/5	2.2259	2.2298	2.2307	2.2096
2017/5/8	2.2307	2.2201	2.2326	2.2115
2017/5/9	2.2278	2.2249	2.2317	2.223
2017/5/10	2.2336	2.2288	2.2442	2.2288
2017/5/11	2.2461	2.2288	2.249	2.2278
2017/5/12	2.2808	2.2432	2.2808	2.2432
2017/5/15	2.2846	2.2846	2.299	2.2827
2017/5/16	2.2894	2.2788	2.2894	2.2711
2017/5/17	2.2692	2.2856	2.2885	2.2683
2017/5/18	2.2615	2.2586	2.2683	2.2557
2017/5/19	2.2663	2.2606	2.2683	2.2586
2017/5/22	2.2837	2.2673	2.2875	2.2654
2017/5/23	2.3125	2.2808	2.3135	2.2808
2017/5/24	2.3087	2.3106	2.3154	2.2894
2017/5/25	2.377	2.3039	2.3837	2.3029
2017/5/26	2.3732	2.3712	2.3876	2.3616
2017/5/31	2.3818	2.378	2.4059	2.3626
2017/6/1	2.3962	2.3789	2.3991	2.3655
2017/6/2	2.377	2.3962	2.4001	2.3732
2017/6/5	2.3501	2.3674	2.376	2.3472
2017/6/6	2.3645	2.3472	2.3693	2.3472
2017/6/7	2.3866	2.3674	2.3962	2.3645
2017/6/8	2.4068	2.3847	2.4116	2.378
2017/6/9	2.4222	2.4059	2.4376	2.4059
2017/6/12	2.4193	2.4165	2.4453	2.4126
2017/6/13	2.4174	2.4155	2.4193	2.3991
2017/6/14	2.3885	2.4155	2.4155	2.3857
2017/6/15	2.3722	2.3857	2.3953	2.3664
2017/6/16	2.3674	2.3722	2.3837	2.3626
2017/6/19	2.403	2.3683	2.4049	2.3683
2017/6/20	2.3895	2.4059	2.4116	2.3847
2017/6/21	2.4145	2.4039	2.4155	2.3828
2017/6/22	2.429	2.4097	2.4588	2.3991
2017/6/23	2.4473	2.4242	2.4482	2.4136
2017/6/26	2.4578	2.4482	2.4732	2.4463
2017/6/27	2.4675	2.454	2.4713	2.4453
2017/6/28	2.4521	2.4617	2.4732	2.4511
2017/6/29	2.4684	2.455	2.4694	2.4482
2017/6/30	2.4617	2.4559	2.4675	2.4511
2017/7/3	2.4473	2.4655	2.4665	2.4376
2017/7/4	2.4251	2.4453	2.4501	2.4232
2017/7/5	2.4665	2.4242	2.4694	2.4232
2017/7/6	2.4703	2.4607	2.4809	2.453
2017/7/7	2.4646	2.4665	2.4723	2.455
2017/7/10	2.478	2.4626	2.4848	2.4578
2017/7/11	2.506	2.4761	2.5262	2.4752
2017/7/12	2.4992	2.5031	2.5367	2.4906
2017/7/13	2.5387	2.5031	2.5396	2.4992
2017/7/14	2.5647	2.5406	2.5656	2.5319
2017/7/17	2.5685	2.5675	2.6032	2.5377
2017/7/18	2.5589	2.5608	2.5791	2.5358
2017/7/19	2.6003	2.5598	2.6012	2.5589
2017/7/20	2.608	2.5964	2.6089	2.5858
2017/7/21	2.5791	2.5983	2.6022	2.5752
2017/7/24	2.5983	2.5733	2.608	2.5733
2017/7/25	2.582	2.5983	2.608	2.5801
2017/7/26	2.5762	2.581	2.6032	2.5598
2017/7/27	2.5762	2.5724	2.5839	2.556
2017/7/28	2.5791	2.5724	2.5849	2.5647
2017/7/31	2.581	2.5772	2.5906	2.5704
2017/8/1	2.6214	2.5829	2.6224	2.5801
2017/8/2	2.6253	2.6224	2.6388	2.6176
2017/8/3	2.5878	2.6214	2.6339	2.5878
2017/8/4	2.5704	2.5858	2.5974	2.5695
2017/8/7	2.5781	2.5666	2.5878	2.5589
2017/8/8	2.581	2.5781	2.5849	2.5656
2017/8/9	2.5637	2.5772	2.5791	2.5618
2017/8/10	2.555	2.5627	2.581	2.5367
2017/8/11	2.5146	2.5396	2.5473	2.5117
2017/8/14	2.5358	2.5194	2.5444	2.5146
2017/8/15	2.5512	2.5387	2.5675	2.5358
2017/8/16	2.5406	2.5464	2.5493	2.5319
2017/8/17	2.5521	2.5435	2.555	2.5377
2017/8/18	2.5637	2.5444	2.5695	2.5416
2017/8/21	2.5627	2.5656	2.5781	2.556
2017/8/22	2.5878	2.5675	2.5887	2.5627
2017/8/23	2.606	2.5878	2.6185	2.5849
2017/8/24	2.5964	2.607	2.6214	2.5887
2017/8/25	2.6532	2.5955	2.6551	2.5935
2017/8/28	2.683	2.6609	2.7119	2.6609
2017/8/29	2.684	2.6811	2.6917	2.6724
2017/8/30	2.6696	2.683	2.7071	2.6667
2017/8/31	2.6619	2.6734	2.6821	2.6493
2017/9/1	2.6561	2.6609	2.6801	2.6484
2017/9/4	2.6599	2.6542	2.6619	2.6416
2017/9/5	2.6773	2.659	2.6878	2.659
2017/9/6	2.6599	2.6705	2.6734	2.6532
2017/9/7	2.6397	2.6628	2.6676	2.6368
2017/9/8	2.6349	2.6407	2.6493	2.6272
2017/9/11	2.6272	2.6407	2.658	2.6234
2017/9/12	2.6426	2.632	2.6455	2.6234
2017/9/13	2.6359	2.6407	2.6426	2.6272
2017/9/14	2.6195	2.6368	2.6426	2.6128
2017/9/15	2.6195	2.6185	2.6262	2.6089
2017/9/18	2.6262	2.6214	2.6436	2.6214
2017/9/19	2.6176	2.6282	2.6349	2.608
2017/9/20	2.6147	2.6157	2.6243	2.6099
2017/9/21	2.6253	2.6137	2.6397	2.6099
2017/9/22	2.6262	2.6205	2.6339	2.6118
2017/9/25	2.6262	2.6195	2.6301	2.6147
2017/9/26	2.6282	2.6243	2.632	2.6214
2017/9/27	2.6089	2.6272	2.6272	2.608
2017/9/28	2.6128	2.6089	2.6137	2.6022
2017/9/29	2.6234	2.6147	2.632	2.6137
2017/10/9	2.6465	2.683	2.6936	2.6397
2017/10/10	2.6426	2.6455	2.6599	2.6253
2017/10/11	2.658	2.6436	2.6638	2.6426
2017/10/12	2.6686	2.6561	2.6724	2.6503
2017/10/13	2.6667	2.6676	2.6705	2.6619
2017/10/16	2.6763	2.6657	2.6878	2.6657
2017/10/17	2.6744	2.6753	2.6811	2.6676
2017/10/18	2.6965	2.6744	2.6994	2.6724
2017/10/19	2.7003	2.6955	2.7013	2.6917
2017/10/20	2.685	2.6946	2.6946	2.683
2017/10/23	2.6859	2.6898	2.6927	2.6782
2017/10/24	2.7003	2.6801	2.7071	2.6801
2017/10/25	2.6965	2.6994	2.7032	2.6927
2017/10/26	2.7206	2.7023	2.736	2.6984
2017/10/27	2.7648	2.7206	2.7658	2.7167
2017/10/30	2.7533	2.7629	2.7677	2.7283
2017/10/31	2.7437	2.7446	2.7446	2.7331
2017/11/1	2.735	2.7437	2.7619	2.7292
2017/11/2	2.7398	2.7311	2.7408	2.7206
2017/11/3	2.7437	2.7369	2.7475	2.7196
2017/11/6	2.736	2.7388	2.7408	2.7234
2017/11/7	2.7668	2.736	2.7744	2.736
2017/11/8	2.7658	2.7658	2.7898	2.7591
2017/11/9	2.7764	2.7629	2.7773	2.7571
2017/11/10	2.8081	2.7744	2.812	2.7716
2017/11/13	2.8178	2.811	2.8283	2.8081
2017/11/14	2.8033	2.8187	2.8245	2.8004
2017/11/15	2.7918	2.7966	2.8072	2.787
2017/11/16	2.8216	2.786	2.8245	2.7841
2017/11/17	2.8774	2.8149	2.8803	2.8129
2017/11/20	2.8832	2.8649	2.8832	2.8418
2017/11/21	2.9313	2.8726	2.9554	2.8688
2017/11/22	2.9515	2.94	2.9775	2.9313
2017/11/23	2.8784	2.9467	2.9602	2.8562
2017/11/24	2.8774	2.8745	2.8909	2.8514
2017/11/27	2.8543	2.8707	2.8765	2.8283
2017/11/28	2.8386	2.8514	2.8524	2.819
2017/11/29	2.8328	2.8455	2.8573	2.8014
2017/11/30	2.8014	2.823	2.8406	2.7936
2017/12/1	2.7818	2.8034	2.8102	2.7759
2017/12/4	2.8014	2.772	2.8112	2.7641
2017/12/5	2.8504	2.7936	2.8622	2.7906
2017/12/6	2.8141	2.8416	2.8416	2.7867
2017/12/7	2.7877	2.8132	2.82	2.77
2017/12/8	2.8083	2.7828	2.8171	2.7759
2017/12/11	2.8406	2.8083	2.8416	2.7994
2017/12/12	2.7896	2.8386	2.8445	2.7887
2017/12/13	2.8132	2.7936	2.821	2.7798
2017/12/14	2.7936	2.8132	2.821	2.7857
2017/12/15	2.7602	2.7867	2.7916	2.7583
2017/12/18	2.772	2.7592	2.7867	2.7592
2017/12/19	2.8132	2.773	2.8141	2.772
2017/12/20	2.819	2.8132	2.8279	2.8043
2017/12/21	2.8357	2.8132	2.8504	2.8034
2017/12/22	2.821	2.8298	2.8406	2.8171
2017/12/25	2.819	2.82	2.8563	2.8092
2017/12/26	2.8357	2.82	2.8396	2.8092
2017/12/27	2.7779	2.8308	2.8357	2.771
2017/12/28	2.7985	2.7818	2.8132	2.773
2017/12/29	2.8014	2.8014	2.8171	2.7916
2018/1/2	2.8494	2.8073	2.8514	2.8053
2018/1/3	2.8543	2.8514	2.8867	2.8484
2018/1/4	2.8612	2.8553	2.8739	2.8514
2018/1/5	2.8749	2.8631	2.8798	2.8582
2018/1/8	2.8857	2.869	2.8926	2.8671
2018/1/9	2.9112	2.8837	2.9112	2.8828
2018/1/10	2.9347	2.9082	2.9367	2.9014
2018/1/11	2.9318	2.9288	2.9455	2.92
2018/1/12	2.9582	2.9318	2.9602	2.9318
2018/1/15	2.9827	2.9612	3.0043	2.9582
2018/1/16	3.0033	2.9759	3.0043	2.9739
2018/1/17	3.0102	3.0033	3.0651	2.9945
2018/1/18	3.0445	3.0288	3.0602	3.021
2018/1/19	3.0513	3.0543	3.0778	3.0347
2018/1/22	3.067	3.0415	3.0768	3.0308
2018/1/23	3.1102	3.0749	3.1121	3.0749
2018/1/24	3.1092	3.1209	3.1317	3.0837
2018/1/25	3.0876	3.1023	3.1082	3.0592
2018/1/26	3.1082	3.0827	3.1317	3.0788
2018/1/29	3.0523	3.118	3.1298	3.0415
2018/1/30	3.0141	3.0445	3.0621	3.0112
2018/1/31	3.0513	3.0033	3.0553	3.0014
2018/2/1	3.0719	3.0533	3.0739	3.0347
2018/2/2	3.0827	3.0484	3.0857	3.0151
2018/2/5	3.117	3.0445	3.118	3.0376
2018/2/6	3.0484	3.069	3.0837	3.0278
2018/2/7	2.9631	3.0798	3.0994	2.9533
2018/2/8	2.8808	2.9406	2.9563	2.8494
2018/2/9	2.7475	2.7945	2.821	2.6593
2018/2/12	2.7445	2.7455	2.7661	2.7151
2018/2/13	2.7916	2.773	2.8269	2.772
2018/2/14	2.8092	2.7994	2.8161	2.7808
2018/2/22	2.8671	2.8494	2.8808	2.8367
2018/2/23	2.8965	2.8759	2.9033	2.8661
2018/2/26	2.9063	2.9112	2.9298	2.869
2018/2/27	2.8622	2.9141	2.9171	2.8543
2018/2/28	2.8141	2.8406	2.8445	2.8014
2018/3/1	2.8269	2.7955	2.8465	2.7926
2018/3/2	2.7994	2.8053	2.8269	2.7896
2018/3/5	2.7985	2.8014	2.8318	2.7808
2018/3/6	2.8308	2.8181	2.8318	2.7739
2018/3/7	2.8141	2.8308	2.8592	2.8024
2018/3/8	2.8357	2.8161	2.8406	2.8034
2018/3/9	2.8455	2.8426	2.8553	2.8279
2018/3/12	2.8475	2.8582	2.8651	2.8367
2018/3/13	2.8161	2.8484	2.8582	2.8122
2018/3/14	2.8063	2.8073	2.8171	2.7965
2018/3/15	2.8328	2.7994	2.8337	2.7955
2018/3/16	2.8053	2.8337	2.8475	2.8043
2018/3/19	2.8347	2.8063	2.8357	2.7936
2018/3/20	2.8377	2.819	2.8435	2.8141
2018/3/21	2.8269	2.8622	2.8661	2.8141
2018/3/22	2.8004	2.8279	2.8406	2.7857
2018/3/23	2.7259	2.7249	2.7387	2.6887
2018/3/26	2.6799	2.7093	2.7132	2.6485
2018/3/27	2.6848	2.7102	2.7191	2.6632
2018/3/28	2.6348	2.6563	2.6857	2.625
2018/3/29	2.6799	2.6387	2.6985	2.5985
2018/3/30	2.6593	2.6789	2.6808	2.6544
2018/4/2	2.6485	2.6563	2.6965	2.6416
2018/4/3	2.6397	2.6289	2.6544	2.623
2018/4/4	2.6406	2.6485	2.671	2.6348
2018/4/9	2.6573	2.6446	2.6622	2.6299
2018/4/10	2.72	2.6593	2.721	2.6514
2018/4/11	2.72	2.72	2.7396	2.7063
2018/4/12	2.6877	2.72	2.723	2.6857
2018/4/13	2.6632	2.7004	2.7093	2.6602
2018/4/16	2.6024	2.6544	2.6642	2.5975
2018/4/17	2.574	2.6083	2.625	2.5701
2018/4/18	2.5907	2.6054	2.6093	2.5661
2018/4/19	2.623	2.5995	2.6348	2.5936
2018/4/20	2.5848	2.6122	2.6201	2.572
2018/4/23	2.6054	2.573	2.6122	2.573
2018/4/24	2.6642	2.6103	2.6779	2.6103
2018/4/25	2.6397	2.6495	2.6583	2.6367
2018/4/26	2.6024	2.6504	2.6573	2.5916
2018/4/27	2.5897	2.6122	2.6152	2.5514
2018/5/2	2.5936	2.5995	2.6093	2.5769
2018/5/3	2.6014	2.5867	2.6132	2.5652
2018/5/4	2.5818	2.5956	2.6083	2.5799
2018/5/7	2.621	2.5897	2.6259	2.5759
2018/5/8	2.6602	2.622	2.673	2.6201
2018/5/9	2.6573	2.6583	2.6632	2.6436
2018/5/10	2.6691	2.6622	2.6799	2.6485
2018/5/11	2.6622	2.6749	2.6789	2.6593
2018/5/14	2.6906	2.671	2.6995	2.671
2018/5/15	2.6857	2.6975	2.6995	2.6681
2018/5/16	2.6514	2.6779	2.6808	2.6485
2018/5/17	2.6357	2.6573	2.6612	2.6348
2018/5/18	2.6789	2.6367	2.6799	2.6289
2018/5/21	2.6818	2.6965	2.7034	2.674
2018/5/22	2.6632	2.6818	2.6828	2.6465
2018/5/23	2.6191	2.6573	2.6573	2.6171
2018/5/24	2.6024	2.6201	2.6299	2.6014
2018/5/25	2.6014	2.6054	2.622	2.5916
2018/5/28	2.6152	2.6054	2.6269	2.5956
2018/5/29	2.6024	2.6132	2.6181	2.5828
2018/5/30	2.5495	2.5789	2.5799	2.5485
2018/5/31	2.5985	2.5681	2.6044	2.5652
2018/6/1	2.5907	2.5916	2.6054	2.5799
2018/6/4	2.6328	2.6044	2.6357	2.5956
2018/6/5	2.6426	2.6318	2.6495	2.6201
2018/6/6	2.6328	2.6387	2.6416	2.6289
2018/6/7	2.6406	2.6426	2.6632	2.6377
2018/6/8	2.5995	2.6387	2.6387	2.5887
2018/6/11	2.6103	2.5936	2.6161	2.5858
2018/6/12	2.6348	2.6103	2.6426	2.6005
2018/6/13	2.6191	2.6299	2.6338	2.6142
2018/6/14	2.622	2.6083	2.6436	2.6083
2018/6/15	2.625	2.623	2.6367	2.6152
2018/6/19	2.5603	2.6024	2.6093	2.5318
2018/6/20	2.5583	2.5505	2.5691	2.5328
2018/6/21	2.5407	2.5593	2.5887	2.5397
2018/6/22	2.5465	2.5338	2.5534	2.5201
2018/6/25	2.4975	2.5554	2.5622	2.4956
2018/6/26	2.4701	2.4858	2.4858	2.4338
2018/6/27	2.4162	2.4652	2.4799	2.4025
2018/6/28	2.3927	2.4025	2.4309	2.3848
2018/6/29	2.4456	2.4025	2.4505	2.3995
2018/7/2	2.3544	2.4407	2.4407	2.3397
2018/7/3	2.3623	2.3642	2.3691	2.3044
2018/7/4	2.3427	2.3564	2.375	2.3368
2018/7/5	2.3436	2.3427	2.3711	2.324
2018/7/6	2.377	2.3515	2.3966	2.3231
2018/7/9	2.4466	2.3878	2.4475	2.3868
2018/7/10	2.4436	2.4456	2.4515	2.423
2018/7/11	2.4054	2.3966	2.4162	2.3809
2018/7/12	2.4554	2.4034	2.473	2.4034
2018/7/13	2.4593	2.4632	2.4671	2.4485
2018/7/16	2.4407	2.4583	2.474	2.4289
2018/7/17	2.426	2.4397	2.4426	2.4103
2018/7/18	2.4142	2.4319	2.4554	2.4123
2018/7/19	2.425	2.425	2.4505	2.4142
2018/7/20	2.4897	2.425	2.5024	2.4034
2018/7/23	2.5181	2.477	2.5279	2.475
2018/7/24	2.5583	2.525	2.574	2.525
2018/7/25	2.5573	2.5671	2.5691	2.5465
2018/7/26	2.524	2.5622	2.573	2.522
2018/7/27	2.524	2.524	2.5397	2.5122
2018/7/30	2.5358	2.5171	2.5583	2.5142
2018/7/31	2.5436	2.5328	2.5544	2.522
2018/8/1	2.4868	2.5554	2.5691	2.4828
2018/8/2	2.4348	2.4779	2.4848	2.4113
2018/8/3	2.4083	2.4348	2.4495	2.4074
2018/8/6	2.4064	2.4093	2.4446	2.3897
2018/8/7	2.4799	2.4132	2.4809	2.4064
2018/8/8	2.4446	2.475	2.4799	2.4387
2018/8/9	2.5005	2.4368	2.5083	2.4338
2018/8/10	2.5005	2.5005	2.5162	2.4828
2018/8/13	2.476	2.4789	2.4877	2.4407
2018/8/14	2.4681	2.473	2.4819	2.4524
2018/8/15	2.4054	2.4662	2.4662	2.4005
2018/8/16	2.4044	2.3829	2.4319	2.3613
2018/8/17	2.3721	2.426	2.4289	2.3662
2018/8/20	2.4093	2.3789	2.4113	2.3701
2018/8/21	2.4466	2.4113	2.4603	2.4074
2018/8/22	2.4495	2.4593	2.4593	2.4338
2018/8/23	2.4593	2.4505	2.473	2.4328
2018/8/24	2.473	2.4505	2.4956	2.4358
2018/8/27	2.5201	2.4838	2.5211	2.4799
2018/8/28	2.5093	2.524	2.5318	2.5024
2018/8/29	2.5024	2.5064	2.5132	2.4985
2018/8/30	2.4828	2.5054	2.5191	2.4779
2018/8/31	2.4711	2.4603	2.4897	2.4534
2018/9/3	2.4622	2.4583	2.4701	2.4426
2018/9/4	2.4995	2.4642	2.5073	2.4495
2018/9/5	2.4377	2.4868	2.4926	2.4358
2018/9/6	2.4172	2.4348	2.4524	2.4093
2018/9/7	2.4417	2.425	2.4603	2.4172
2018/9/10	2.4172	2.4358	2.4456	2.4152
2018/9/11	2.4005	2.4152	2.427	2.3917
2018/9/12	2.3838	2.3956	2.4025	2.378
2018/9/13	2.4172	2.4132	2.4221	2.3858
2018/9/14	2.426	2.4201	2.4368	2.4113
2018/9/17	2.4034	2.4113	2.4201	2.4005
2018/9/18	2.4632	2.3956	2.4652	2.3927
2018/9/19	2.4877	2.4573	2.5064	2.4524
2018/9/20	2.4907	2.4907	2.5044	2.4848
2018/9/21	2.5799	2.4956	2.5848	2.4897
2018/9/25	2.5485	2.5495	2.5603	2.5387
2018/9/26	2.5858	2.5563	2.6122	2.5554
2018/9/27	2.5759	2.5779	2.5867	2.5642
2018/9/28	2.6063	2.5818	2.621	2.5818
2018/10/8	2.4828	2.5485	2.5583	2.4799
2018/10/9	2.4946	2.4858	2.5083	2.477
2018/10/10	2.4946	2.4975	2.5181	2.472
2018/10/11	2.3907	2.4162	2.4475	2.3672
2018/10/12	2.4446	2.3976	2.4554	2.3936
2018/10/15	2.4142	2.4485	2.4495	2.4103
2018/10/16	2.4181	2.4172	2.4603	2.4044
2018/10/17	2.4279	2.4495	2.4564	2.3829
2018/10/18	2.3711	2.4113	2.4152	2.3691
2018/10/19	2.4417	2.3505	2.4505	2.3466
2018/10/22	2.5475	2.4799	2.5691	2.4613
2018/10/23	2.4613	2.5407	2.5475	2.4485
2018/10/24	2.475	2.4564	2.5279	2.4564
2018/10/25	2.4809	2.4211	2.4868	2.4123
2018/10/26	2.4662	2.4868	2.4995	2.4426
2018/10/29	2.3829	2.4603	2.475	2.373
2018/10/30	2.4142	2.376	2.4466	2.374
2018/10/31	2.4466	2.423	2.4583	2.4093
2018/11/1	2.4573	2.4701	2.4975	2.4524
2018/11/2	2.5426	2.5191	2.5446	2.4858
2018/11/5	2.5073	2.522	2.522	2.4887
2018/11/6	2.4956	2.5024	2.5073	2.477
2018/11/7	2.4779	2.4995	2.5201	2.474
2018/11/8	2.4868	2.5005	2.5103	2.4799
2018/11/9	2.4309	2.4701	2.4701	2.4309
2018/11/12	2.4407	2.4279	2.4456	2.4181
2018/11/13	2.4593	2.4123	2.474	2.4093
2018/11/14	2.426	2.4573	2.4583	2.4221
2018/11/15	2.4554	2.426	2.4564	2.425
2018/11/16	2.4573	2.4564	2.4799	2.4397
2018/11/19	2.4897	2.4613	2.4897	2.4613
2018/11/20	2.4485	2.473	2.4819	2.4417
2018/11/21	2.4475	2.4309	2.4534	2.427
2018/11/22	2.4338	2.4515	2.4544	2.4211
2018/11/23	2.3936	2.4328	2.4397	2.3897
2018/11/26	2.4015	2.4044	2.4211	2.3887
2018/11/27	2.3907	2.4044	2.4132	2.3838
2018/11/28	2.4172	2.3917	2.423	2.3907
2018/11/29	2.4044	2.4299	2.4368	2.4025
2018/11/30	2.425	2.4015	2.4299	2.3995
2018/12/3	2.482	2.49	2.494	2.463
2018/12/4	2.49	2.482	2.496	2.475
2018/12/5	2.479	2.466	2.489	2.464
2018/12/6	2.433	2.455	2.46	2.431
2018/12/7	2.425	2.44	2.443	2.425
2018/12/10	2.408	2.412	2.424	2.398
2018/12/11	2.413	2.408	2.417	2.404
2018/12/12	2.419	2.428	2.431	2.412
2018/12/13	2.453	2.421	2.464	2.421
2018/12/14	2.423	2.445	2.445	2.422
2018/12/17	2.42	2.418	2.428	2.407
2018/12/18	2.391	2.408	2.423	2.386
2018/12/19	2.365	2.394	2.398	2.359
2018/12/20	2.331	2.36	2.369	2.312
2018/12/21	2.302	2.322	2.325	2.283
2018/12/24	2.304	2.289	2.31	2.281
2018/12/25	2.292	2.283	2.306	2.251
2018/12/26	2.275	2.289	2.297	2.271
2018/12/27	2.275	2.304	2.309	2.268
2018/12/28	2.286	2.277	2.303	2.274
2019/1/2	2.255	2.291	2.294	2.246
2019/1/3	2.261	2.255	2.284	2.25
2019/1/4	2.31	2.248	2.312	2.246
2019/1/7	2.307	2.32	2.325	2.299
2019/1/8	2.3	2.307	2.307	2.294
2019/1/9	2.325	2.313	2.353	2.311
2019/1/10	2.328	2.325	2.34	2.314
2019/1/11	2.347	2.331	2.355	2.328
2019/1/14	2.325	2.342	2.346	2.324
2019/1/15	2.37	2.33	2.372	2.328
2019/1/16	2.374	2.368	2.377	2.357
2019/1/17	2.365	2.378	2.391	2.362
2019/1/18	2.409	2.375	2.414	2.373
2019/1/21	2.424	2.407	2.437	2.406
2019/1/22	2.396	2.423	2.423	2.39
2019/1/23	2.392	2.389	2.408	2.384
2019/1/24	2.403	2.395	2.407	2.377
2019/1/25	2.433	2.412	2.445	2.407
2019/1/28	2.43	2.447	2.465	2.421
2019/1/29	2.448	2.426	2.454	2.417
2019/1/30	2.437	2.435	2.455	2.431
2019/1/31	2.474	2.447	2.478	2.443
2019/2/1	2.492	2.49	2.494	2.469
2019/2/11	2.516	2.482	2.518	2.475
2019/2/12	2.524	2.517	2.529	2.506
2019/2/13	2.571	2.525	2.581	2.519
2019/2/14	2.567	2.565	2.578	2.557
2019/2/15	2.511	2.56	2.562	2.505
2019/2/18	2.571	2.529	2.573	2.529
2019/2/19	2.567	2.575	2.604	2.557
2019/2/20	2.577	2.581	2.588	2.56
2019/2/21	2.566	2.575	2.604	2.558
2019/2/22	2.618	2.562	2.62	2.546
2019/2/25	2.816	2.645	2.829	2.64
2019/2/26	2.728	2.8	2.8	2.717
2019/2/27	2.736	2.729	2.782	2.707
2019/2/28	2.736	2.736	2.758	2.724
2019/3/1	2.802	2.75	2.806	2.733
2019/3/4	2.815	2.821	2.897	2.798
2019/3/5	2.813	2.812	2.822	2.791
2019/3/6	2.82	2.812	2.832	2.777
2019/3/7	2.773	2.811	2.813	2.756
2019/3/8	2.675	2.726	2.74	2.671
2019/3/11	2.69	2.673	2.701	2.655
2019/3/12	2.701	2.715	2.744	2.687
2019/3/13	2.706	2.713	2.733	2.682
2019/3/14	2.71	2.701	2.736	2.699
2019/3/15	2.74	2.717	2.767	2.717
2019/3/18	2.812	2.743	2.814	2.734
2019/3/19	2.79	2.815	2.828	2.783
2019/3/20	2.794	2.784	2.817	2.77
2019/3/21	2.784	2.799	2.807	2.781
2019/3/22	2.777	2.784	2.798	2.753
2019/3/25	2.702	2.738	2.75	2.698
2019/3/26	2.692	2.72	2.724	2.68
2019/3/27	2.723	2.702	2.733	2.7
2019/3/28	2.718	2.713	2.726	2.691
2019/3/29	2.819	2.727	2.831	2.727
2019/4/1	2.874	2.84	2.895	2.84
2019/4/2	2.873	2.88	2.889	2.861
2019/4/3	2.901	2.857	2.911	2.85
2019/4/4	2.939	2.912	2.945	2.9
2019/4/8	2.943	2.96	2.994	2.919
2019/4/9	2.949	2.947	2.966	2.929
2019/4/10	2.964	2.94	2.982	2.921
2019/4/11	2.912	2.962	2.986	2.901
2019/4/12	2.906	2.902	2.919	2.89
2019/4/15	2.906	2.955	2.982	2.904
2019/4/16	3.008	2.898	3.009	2.892
2019/4/17	2.997	3.006	3.022	2.977
2019/4/18	2.987	2.995	3.002	2.977
2019/4/19	3.024	2.997	3.031	2.97
2019/4/22	2.958	3.028	3.034	2.942
2019/4/23	2.963	2.95	2.991	2.95
2019/4/24	2.958	2.971	2.982	2.914
2019/4/25	2.913	2.945	2.958	2.911
2019/4/26	2.88	2.9	2.918	2.876
2019/4/29	2.921	2.888	2.952	2.887
2019/4/30	2.928	2.92	2.938	2.903
2019/5/6	2.787	2.84	2.857	2.752
2019/5/7	2.79	2.8	2.817	2.762
2019/5/8	2.745	2.745	2.782	2.736
2019/5/9	2.686	2.733	2.737	2.669
2019/5/10	2.777	2.718	2.783	2.679
2019/5/13	2.725	2.745	2.75	2.719
2019/5/14	2.708	2.704	2.746	2.7
2019/5/15	2.765	2.728	2.78	2.726
2019/5/16	2.774	2.759	2.777	2.751
2019/5/17	2.723	2.773	2.778	2.715
2019/5/20	2.699	2.715	2.735	2.682
2019/5/21	2.722	2.701	2.749	2.699
2019/5/22	2.709	2.723	2.728	2.697
2019/5/23	2.677	2.699	2.706	2.668
2019/5/24	2.691	2.686	2.715	2.681
2019/5/27	2.714	2.687	2.725	2.659
2019/5/28	2.733	2.712	2.751	2.708
2019/5/29	2.748	2.721	2.775	2.716
2019/5/30	2.737	2.742	2.746	2.717
2019/5/31	2.728	2.732	2.76	2.724
2019/6/3	2.74	2.737	2.762	2.722
2019/6/4	2.722	2.739	2.747	2.713
2019/6/5	2.718	2.74	2.747	2.714
2019/6/6	2.705	2.72	2.728	2.702
2019/6/10	2.739	2.718	2.748	2.71
2019/6/11	2.814	2.75	2.817	2.748
2019/6/12	2.802	2.807	2.809	2.795
2019/6/13	2.796	2.799	2.81	2.777
2019/6/14	2.79	2.8	2.819	2.785
2019/6/17	2.799	2.788	2.815	2.788
2019/6/18	2.81	2.801	2.812	2.789
2019/6/19	2.856	2.879	2.893	2.853
2019/6/20	2.954	2.854	2.972	2.854
2019/6/21	2.953	2.954	2.97	2.943
2019/6/24	2.959	2.953	2.97	2.944
2019/6/25	2.919	2.958	2.959	2.888
2019/6/26	2.916	2.908	2.927	2.901
2019/6/27	2.955	2.925	2.965	2.925
2019/6/28	2.952	2.952	2.953	2.931
2019/7/1	3.02	3	3.03	2.995
2019/7/2	3.016	3.015	3.021	3.005
2019/7/3	2.987	3.007	3.01	2.977
2019/7/4	2.976	2.985	2.998	2.961
2019/7/5	2.987	2.973	2.993	2.965
2019/7/8	2.924	2.974	2.974	2.903
2019/7/9	2.914	2.921	2.934	2.904
2019/7/10	2.912	2.926	2.93	2.901
2019/7/11	2.922	2.926	2.953	2.911
2019/7/12	2.943	2.919	2.954	2.917
2019/7/15	2.942	2.93	2.965	2.888
2019/7/16	2.925	2.939	2.949	2.923
2019/7/17	2.916	2.914	2.933	2.905
2019/7/18	2.905	2.908	2.915	2.898
2019/7/19	2.94	2.916	2.948	2.916
2019/7/22	2.922	2.936	2.949	2.911
2019/7/23	2.923	2.924	2.932	2.915
2019/7/24	2.952	2.937	2.968	2.937
2019/7/25	2.977	2.952	2.978	2.948
2019/7/26	2.982	2.964	2.989	2.962
2019/7/29	2.978	2.979	2.983	2.967
2019/7/30	2.988	2.98	3.002	2.98
2019/7/31	2.96	2.978	2.979	2.954
2019/8/1	2.935	2.945	2.956	2.924
2019/8/2	2.89	2.877	2.897	2.874
2019/8/5	2.835	2.873	2.876	2.831
2019/8/6	2.805	2.787	2.814	2.766
2019/8/7	2.791	2.812	2.816	2.79
2019/8/8	2.831	2.813	2.835	2.811
2019/8/9	2.82	2.845	2.848	2.814
2019/8/12	2.869	2.829	2.871	2.828
2019/8/13	2.84	2.85	2.858	2.834
2019/8/14	2.849	2.875	2.879	2.848
2019/8/15	2.858	2.805	2.864	2.801
2019/8/16	2.87	2.864	2.892	2.851
2019/8/19	2.927	2.889	2.928	2.873
2019/8/20	2.921	2.92	2.93	2.914
2019/8/21	2.919	2.919	2.924	2.913
2019/8/22	2.923	2.923	2.928	2.907
2019/8/23	2.963	2.923	2.97	2.92
2019/8/26	2.914	2.928	2.933	2.905
2019/8/27	2.934	2.929	2.962	2.926
2019/8/28	2.912	2.924	2.936	2.908
2019/8/29	2.901	2.912	2.916	2.886
2019/8/30	2.915	2.923	2.933	2.9
2019/9/2	2.94	2.914	2.949	2.909
2019/9/3	2.939	2.94	2.945	2.926
2019/9/4	2.973	2.938	2.976	2.937
2019/9/5	3.004	2.987	3.044	2.987
2019/9/6	3.037	3.023	3.039	3.009
2019/9/9	3.032	3.06	3.065	3.027
2019/9/10	3.021	3.032	3.042	3.011
2019/9/11	3.007	3.031	3.033	2.998
2019/9/12	3.047	3.014	3.053	3.014
2019/9/16	3.034	3.05	3.054	3.019
2019/9/17	2.987	3.026	3.028	2.976
2019/9/18	3.003	2.994	3.016	2.993
2019/9/19	3.007	3.011	3.015	2.989
2019/9/20	3.013	3.016	3.02	3.007
2019/9/23	2.981	3.001	3.003	2.969
2019/9/24	2.987	2.983	3.003	2.979
2019/9/25	2.977	2.979	2.991	2.97
2019/9/26	2.978	2.987	3	2.974
2019/9/27	2.978	2.977	2.983	2.966
2019/9/30	2.945	2.975	2.982	2.944
2019/10/8	2.968	2.945	2.986	2.944
2019/10/9	2.971	2.958	2.979	2.943
2019/10/10	2.987	2.971	2.992	2.959
2019/10/11	3.032	2.999	3.04	2.993
2019/10/14	3.061	3.052	3.089	3.045
2019/10/15	3.062	3.058	3.068	3.055
2019/10/16	3.051	3.064	3.094	3.045
2019/10/17	3.059	3.054	3.069	3.048
2019/10/18	3.014	3.065	3.076	3.009
2019/10/21	3.016	3.009	3.022	3
2019/10/22	3.019	3.024	3.029	3.006
2019/10/23	3	3.017	3.026	2.991
2019/10/24	3.008	3.004	3.023	2.993
2019/10/25	3.014	3.004	3.02	2.982
2019/10/28	3.028	3.018	3.036	3.01
2019/10/29	3.016	3.03	3.03	3.015
2019/10/30	2.999	3.012	3.022	2.994
2019/10/31	3.003	3.007	3.012	2.996
2019/11/1	3.052	3	3.053	2.994
2019/11/4	3.069	3.057	3.072	3.056
2019/11/5	3.086	3.069	3.117	3.061
2019/11/6	3.079	3.08	3.092	3.071
2019/11/7	3.079	3.075	3.096	3.069
2019/11/8	3.06	3.099	3.101	3.059
2019/11/11	3.013	3.046	3.046	3.009
2019/11/12	3.017	3.02	3.025	3.001
2019/11/13	3.006	3.01	3.011	3.001
