2016/12/30	19.99	19.93	20.02	19.93
2017/1/2	19.99	19.93	20.02	19.93
2017/1/3	20.05	20.04	20.16	20.03
2017/1/4	19.09	18.92	19.09	18.89
2017/1/5	18.26	18.07	18.26	18.07
2017/1/6	17.85	17.84	17.85	17.77
2017/1/9	17.7	17.69	17.7	17.65
2017/1/10	17.7	17.67	17.7	17.62
2017/1/11	17.59	17.6	17.63	17.55
2017/1/12	17.28	17.3	17.37	17.14
2017/1/13	17.1	17.08	17.13	17.08
2017/1/16	17.11	17.22	17.29	17.1
2017/1/17	17.16	17.16	17.2	17.09
2017/1/18	16.98	16.79	16.98	16.79
2017/1/19	16.9	16.93	16.93	16.88
2017/1/20	17.06	17.09	17.1	17
2017/1/23	16.58	16.6	16.64	16.56
2017/1/24	16.26	16.15	16.26	16.13
2017/1/25	16.26	16.15	16.26	16.13
2017/1/26	16.26	16.15	16.26	16.13
2017/1/27	16.26	16.15	16.26	16.13
2017/1/30	16.26	16.15	16.26	16.13
2017/1/31	16.26	16.15	16.26	16.13
2017/2/1	16.26	16.15	16.26	16.13
2017/2/2	15.36	15.39	15.39	15.16
2017/2/3	15.36	15.38	15.43	15.3
2017/2/6	14.96	14.86	14.96	14.85
2017/2/7	14.88	14.92	14.93	14.88
2017/2/8	14.94	14.99	15.06	14.94
2017/2/9	14.98	14.94	15.02	14.94
2017/2/10	14.66	14.64	14.67	14.6
2017/2/13	14.26	14.2	14.26	14.2
2017/2/14	13.9	13.87	13.93	13.85
2017/2/15	13.18	13.08	13.2	13.08
2017/2/16	13.6	13.64	13.66	13.6
2017/2/17	13.8	13.88	13.88	13.79
2017/2/20	13.89	13.82	13.89	13.82
2017/2/21	13.82	13.87	13.88	13.81
2017/2/22	13.98	14.04	14.06	13.98
2017/2/23	14.16	14.23	14.24	14.14
2017/2/24	14.48	14.6	14.63	14.48
2017/2/27	14.48	14.6	14.63	14.48
2017/2/28	14.48	14.6	14.63	14.48
2017/3/1	14.4	14.24	14.44	14.21
2017/3/2	14.17	14.26	14.29	14.17
2017/3/3	14.21	14.3	14.3	14.19
2017/3/6	13.98	13.97	13.98	13.92
2017/3/7	13.73	13.64	13.73	13.63
2017/3/8	13.69	13.81	13.89	13.68
2017/3/9	13.7	13.69	13.71	13.68
2017/3/10	13.69	13.64	13.7	13.64
2017/3/13	13.55	13.46	13.55	13.44
2017/3/14	13.25	13.1	13.3	13.09
2017/3/15	13.33	13.3	13.34	13.28
2017/3/16	12.9	12.86	12.9	12.81
2017/3/17	12.6	12.57	12.6	12.55
2017/3/20	12.59	12.6	12.62	12.59
2017/3/21	12.44	12.31	12.44	12.28
2017/3/22	12.9	13.09	13.15	12.9
2017/3/23	12.98	12.99	12.99	12.96
2017/3/24	13.14	13.2	13.21	13.14
2017/3/27	13.46	13.48	13.51	13.42
2017/3/28	12.76	12.73	12.76	12.69
2017/3/29	12.2	12.19	12.2	12.08
2017/3/30	12.1	12.14	12.14	12.07
2017/3/31	12.2	12.23	12.23	12.12
2017/4/3	12.2	12.23	12.23	12.12
2017/4/4	12.2	12.23	12.23	12.12
2017/4/5	12.26	12.34	12.4	12.25
2017/4/6	12.8	12.85	12.87	12.8
2017/4/7	12.53	12.71	13.03	12.5
2017/4/10	12.79	12.8	12.81	12.74
2017/4/11	13.41	13.54	13.61	13.39
2017/4/12	14.07	14	14.1	13.97
2017/4/13	14.13	14	14.23	14
2017/4/14	14.28	14.37	14.39	14.2
2017/4/17	14.33	14.27	14.38	14.22
2017/4/18	13.52	13.5	13.53	13.46
2017/4/19	13.5	13.45	13.55	13.44
2017/4/20	13.61	13.63	13.67	13.59
2017/4/21	13.4	13.38	13.44	13.38
2017/4/24	12.56	12.59	12.63	12.53
2017/4/25	12.15	12.04	12.17	12.03
2017/4/26	11.81	11.8	11.83	11.78
2017/4/27	11.79	11.77	11.79	11.73
2017/4/28	11.75	11.78	11.78	11.73
2017/5/1	11.75	11.78	11.78	11.73
2017/5/2	11.3	11.34	11.34	11.28
2017/5/3	11.36	11.42	11.42	11.32
2017/5/4	11.5	11.52	11.52	11.46
2017/5/5	11.26	11.39	11.4	11.24
2017/5/8	11.24	11.2	11.25	11.18
2017/5/9	11.03	11.02	11.03	11
2017/5/10	11.09	11.08	11.1	11.04
2017/5/11	11.1	11.1	11.1	11.08
2017/5/12	11.12	11.15	11.15	11.11
2017/5/15	10.96	10.9	10.96	10.89
2017/5/16	10.7	10.71	10.75	10.65
2017/5/17	10.95	11.08	11.15	10.93
2017/5/18	12.23	12.11	12.37	11.96
2017/5/19	12.18	12.18	12.25	12.18
2017/5/22	11.35	11.26	11.35	11.23
2017/5/23	11.01	11.02	11.04	10.98
2017/5/24	11.02	11.02	11.03	10.99
2017/5/25	10.63	10.7	10.72	10.56
2017/5/26	10.68	10.68	10.72	10.65
2017/5/29	10.68	10.68	10.72	10.65
2017/5/30	10.68	10.68	10.72	10.65
2017/5/31	10.51	10.49	10.51	10.45
2017/6/1	10.45	10.46	10.48	10.4
2017/6/2	10.24	10.22	10.24	10.2
2017/6/5	10.35	10.3	10.36	10.29
2017/6/6	10.38	10.41	10.41	10.37
2017/6/7	10.52	10.51	10.53	10.49
2017/6/8	10.49	10.45	10.49	10.41
2017/6/9	10.31	10.25	10.31	10.24
2017/6/12	10.41	10.49	10.49	10.37
2017/6/13	10.41	10.38	10.41	10.35
2017/6/14	10.15	10.16	10.19	10.12
2017/6/15	10.19	10.23	10.24	10.16
2017/6/16	10.18	10.16	10.21	10.13
2017/6/19	10.12	10.06	10.12	10.05
2017/6/20	9.9	9.86	9.9	9.84
2017/6/21	9.9	9.98	10	9.9
2017/6/22	10	10.03	10.04	10
2017/6/23	9.92	9.93	9.94	9.9
2017/6/26	9.8	9.75	9.8	9.72
2017/6/27	9.6	9.6	9.6	9.58
2017/6/28	9.95	10.03	10.03	9.9
2017/6/29	9.62	9.63	9.64	9.57
2017/6/30	9.91	9.97	9.99	9.88
2017/7/3	9.98	9.97	9.98	9.87
2017/7/4	10.07	10.18	10.18	10.07
2017/7/5	10.15	10.15	10.23	10.14
2017/7/6	10.13	10.15	10.15	10.11
2017/7/7	10.55	10.48	10.55	10.47
2017/7/10	10.25	10.18	10.26	10.16
2017/7/11	10.11	10.12	10.13	10.08
2017/7/12	10.05	10.02	10.07	9.98
2017/7/13	9.71	9.78	9.79	9.69
2017/7/14	9.71	9.72	9.73	9.69
2017/7/17	9.36	9.5	9.51	9.36
2017/7/18	9.45	9.47	9.51	9.41
2017/7/19	9.4	9.34	9.42	9.33
2017/7/20	9.25	9.2	9.25	9.19
2017/7/21	9.19	9.16	9.19	9.13
2017/7/24	9.15	9.19	9.23	9.1
2017/7/25	9.11	9.08	9.12	9.07
2017/7/26	9	9.09	9.09	8.99
2017/7/27	9	9.01	9.05	8.99
2017/7/28	9.1	9.41	9.41	9.1
2017/7/31	9.39	9.3	9.42	9.28
2017/8/1	9.24	9.29	9.29	9.17
2017/8/2	9.2	9.17	9.22	9.16
2017/8/3	9.2	9.23	9.34	9.17
2017/8/4	8.89	8.88	9.02	8.78
2017/8/7	8.71	8.69	8.73	8.68
2017/8/8	8.66	8.66	8.71	8.62
2017/8/9	9.01	9	9.06	8.99
2017/8/10	8.97	9.15	9.16	8.96
2017/8/11	10.45	10.57	10.69	10.45
2017/8/14	10	10.05	10.06	9.95
2017/8/15	9.16	9.11	9.16	9.08
2017/8/16	9.15	9.18	9.25	9.14
2017/8/17	9.15	9.15	9.2	9.14
2017/8/18	9.99	10.03	10.14	9.95
2017/8/21	10.18	10.15	10.24	10.12
2017/8/22	9.72	9.71	9.72	9.66
2017/8/23	9.21	9.33	9.35	9.18
2017/8/24	9.48	9.47	9.48	9.41
2017/8/25	9.42	9.39	9.46	9.34
2017/8/28	9.32	9.37	9.37	9.29
2017/8/29	9.59	9.67	9.79	9.54
2017/8/30	9.28	9.28	9.3	9.24
2017/8/31	9.22	9.29	9.3	9.22
2017/9/1	9	9.03	9.04	8.98
2017/9/4	9.31	9.24	9.33	9.21
2017/9/5	9.26	9.3	9.33	9.23
2017/9/6	9.38	9.3	9.38	9.26
2017/9/7	9.26	9.34	9.34	9.24
2017/9/8	9.25	9.26	9.26	9.18
2017/9/11	9.06	9.03	9.06	9.01
2017/9/12	8.81	8.85	8.86	8.79
2017/9/13	8.7	8.8	8.81	8.67
2017/9/14	8.69	8.66	8.7	8.64
2017/9/15	8.8	8.67	8.8	8.67
2017/9/18	8.51	8.41	8.53	8.4
2017/9/19	8.28	8.29	8.29	8.23
2017/9/20	8.3	8.3	8.32	8.25
2017/9/21	8.22	8.25	8.26	8.22
2017/9/22	8.35	8.49	8.51	8.35
2017/9/25	8.26	8.32	8.32	8.22
2017/9/26	8.32	8.24	8.32	8.22
2017/9/27	8.15	8.03	8.15	8.01
2017/9/28	8	7.97	8	7.94
2017/9/29	7.88	7.8	7.88	7.8
2017/10/2	7.57	7.58	7.61	7.56
2017/10/3	7.46	7.42	7.46	7.41
2017/10/4	7.46	7.42	7.46	7.41
2017/10/5	7.4	7.42	7.43	7.39
2017/10/6	7.21	7.21	7.22	7.19
2017/10/9	7.21	7.21	7.22	7.19
2017/10/10	7.21	7.21	7.22	7.19
2017/10/11	7.15	7.13	7.15	7.09
2017/10/12	7.04	7.03	7.04	7.01
2017/10/13	7	6.96	7	6.95
2017/10/16	6.78	6.71	6.78	6.71
2017/10/17	6.68	6.7	6.74	6.66
2017/10/18	6.7	6.73	6.73	6.7
2017/10/19	6.68	6.71	6.71	6.67
2017/10/20	6.63	6.56	6.63	6.5
2017/10/23	6.45	6.47	6.5	6.43
2017/10/24	6.68	6.65	6.71	6.64
2017/10/25	6.82	6.91	6.91	6.81
2017/10/26	6.93	6.92	6.93	6.88
2017/10/27	6.93	6.93	6.95	6.87
2017/10/30	6.68	6.71	6.71	6.64
2017/10/31	6.67	6.66	6.69	6.65
2017/11/1	6.53	6.52	6.53	6.49
2017/11/2	6.68	6.68	6.68	6.63
2017/11/3	6.52	6.53	6.54	6.51
2017/11/6	6.5	6.53	6.65	6.47
2017/11/7	6.43	6.4	6.44	6.4
2017/11/8	6.52	6.49	6.53	6.49
2017/11/9	6.44	6.57	6.57	6.44
2017/11/10	6.57	6.48	6.57	6.48
2017/11/13	6.59	6.58	6.64	6.58
2017/11/14	6.72	6.75	6.76	6.71
2017/11/15	6.82	6.84	6.86	6.8
2017/11/16	6.91	6.82	6.93	6.82
2017/11/17	6.69	6.76	6.76	6.67
2017/11/20	6.68	6.77	6.79	6.65
2017/11/21	6.44	6.41	6.45	6.4
2017/11/22	6.13	6.15	6.2	6.13
2017/11/23	6.13	6.13	6.13	6.11
2017/11/24	6.11	6.09	6.14	6.09
2017/11/27	6.05	6.15	6.15	6.05
2017/11/28	6.1	6.06	6.1	6.06
2017/11/29	6	6	6.02	5.99
2017/11/30	6.1	6.1	6.12	6.07
2017/12/1	6.16	6.17	6.2	6.15
2017/12/4	6.05	5.99	6.05	5.96
2017/12/5	6.18	6.19	6.21	6.16
2017/12/6	6.23	6.37	6.38	6.22
2017/12/7	6.14	6.13	6.14	6.1
2017/12/8	5.99	5.96	6	5.95
2017/12/11	5.79	5.79	5.8	5.74
2017/12/12	5.63	5.62	5.63	5.61
2017/12/13	5.64	5.66	5.72	5.62
2017/12/14	5.6	5.6	5.61	5.58
2017/12/15	5.62	5.57	5.62	5.56
2017/12/18	5.38	5.34	5.38	5.33
2017/12/19	5.32	5.32	5.33	5.3
2017/12/20	5.31	5.27	5.31	5.26
2017/12/21	5.33	5.33	5.34	5.31
2017/12/22	5.27	5.24	5.28	5.24
2017/12/25	5.28	5.28	5.31	5.28
2017/12/26	5.3	5.33	5.34	5.3
2017/12/27	5.3	5.27	5.3	5.27
2017/12/28	5.31	5.27	5.31	5.27
2017/12/29	5.27	5.24	5.27	5.23
2018/1/1	5.27	5.24	5.27	5.23
2018/1/2	5.29	5.26	5.3	5.25
2018/1/3	5.07	5.02	5.08	5.01
2018/1/4	5.01	5.01	5.03	5
2018/1/5	4.98	4.96	4.98	4.95
2018/1/8	4.92	4.95	4.96	4.92
2018/1/9	4.91	4.92	4.94	4.91
2018/1/10	4.97	4.97	4.97	4.94
2018/1/11	4.9	4.87	4.91	4.85
2018/1/12	4.87	4.87	4.87	4.85
2018/1/15	4.86	4.86	4.89	4.85
2018/1/16	4.86	4.86	4.89	4.85
2018/1/17	5.07	5.07	5.11	5.07
2018/1/18	5.07	5.12	5.13	5.07
2018/1/19	5.12	5.13	5.16	5.08
2018/1/22	5.1	5.08	5.12	5.06
2018/1/23	5	4.95	5	4.94
2018/1/24	5.05	5.06	5.07	5.04
2018/1/25	5.15	5.15	5.18	5.14
2018/1/26	5.18	5.2	5.23	5.18
2018/1/29	5.16	5.19	5.21	5.16
2018/1/30	5.6	5.77	5.86	5.6
2018/1/31	5.81	5.66	5.81	5.59
2018/2/1	5.56	5.52	5.56	5.47
2018/2/2	5.41	5.44	5.55	5.4
2018/2/5	6.43	6.34	6.53	6.33
2018/2/6	9.99	9.95	10.63	9.46
2018/2/7	8.56	8.77	8.8	8.5
2018/2/8	8.63	8.52	8.79	8.49
2018/2/9	9.83	9.81	9.96	9.59
2018/2/12	9.03	9.12	9.15	9
2018/2/13	9.03	9.12	9.15	9
2018/2/14	9.03	9.12	9.15	9
2018/2/15	9.03	9.12	9.15	9
2018/2/16	9.03	9.12	9.15	9
2018/2/19	9.03	9.12	9.15	9
2018/2/20	9.03	9.12	9.15	9
2018/2/21	8.2	8.37	8.4	8.11
2018/2/22	8.44	8.56	8.64	8.4
2018/2/23	8.08	8.13	8.15	8.04
2018/2/26	7.68	7.6	7.68	7.59
2018/2/27	7.31	7.39	7.39	7.3
2018/2/28	7.31	7.39	7.39	7.3
2018/3/1	8.18	8.31	8.42	8.18
2018/3/2	8.76	8.83	8.96	8.69
2018/3/5	8.57	8.83	8.83	8.53
2018/3/6	8.23	8.26	8.29	8.2
2018/3/7	8.77	8.79	8.8	8.55
2018/3/8	8.23	8.21	8.24	8.16
2018/3/9	7.88	7.95	7.98	7.83
2018/3/12	7.32	7.3	7.36	7.29
2018/3/13	7.49	7.49	7.53	7.48
2018/3/14	7.7	7.7	7.77	7.68
2018/3/15	7.95	7.78	7.97	7.74
2018/3/16	7.6	7.63	7.71	7.59
2018/3/19	7.55	7.56	7.67	7.5
2018/3/20	8.05	7.91	8.06	7.91
2018/3/21	7.9	7.89	7.91	7.87
2018/3/22	7.87	7.92	7.94	7.78
2018/3/23	8.95	8.94	9.05	8.85
2018/3/26	9	8.78	9.05	8.78
2018/3/27	8.63	8.7	8.72	8.62
2018/3/28	9.15	9.37	9.37	9.09
2018/3/29	9.34	9.5	9.51	9.32
2018/3/30	9.16	9.16	9.16	9.1
2018/4/2	9.02	9.03	9.09	8.96
2018/4/3	9.47	9.5	9.51	9.44
2018/4/4	9.47	9.5	9.51	9.44
2018/4/5	9.47	9.5	9.51	9.44
2018/4/6	9.47	9.5	9.51	9.44
2018/4/9	9.17	9.15	9.25	9.11
2018/4/10	9.43	9.17	9.45	9.05
2018/4/11	9.29	9.36	9.36	9.21
2018/4/12	9.19	9.25	9.25	9.13
2018/4/13	8.95	8.94	8.99	8.91
2018/4/16	8.44	8.54	8.56	8.4
2018/4/17	8.2	8.22	8.28	8.18
2018/4/18	7.8	7.74	7.8	7.74
2018/4/19	7.69	7.71	7.74	7.68
2018/4/20	7.84	7.88	7.88	7.8
2018/4/23	7.94	7.91	7.97	7.88
2018/4/24	7.95	7.93	7.99	7.87
2018/4/25	8.22	8.43	8.44	8.2
2018/4/26	8.25	8.37	8.4	8.24
2018/4/27	8.06	8.07	8.13	8.04
2018/4/30	7.82	7.76	7.84	7.76
2018/5/1	7.82	7.76	7.84	7.76
2018/5/2	7.8	7.83	7.84	7.77
2018/5/3	7.9	7.86	7.91	7.83
2018/5/4	7.87	7.85	7.91	7.81
2018/5/7	7.62	7.6	7.67	7.59
2018/5/8	7.61	7.65	7.65	7.61
2018/5/9	7.65	7.67	7.69	7.63
2018/5/10	7.34	7.29	7.34	7.29
2018/5/11	7.04	7.05	7.05	7.01
2018/5/14	6.74	6.73	6.77	6.73
2018/5/15	6.73	6.8	6.8	6.72
2018/5/16	7.09	7.09	7.1	7.06
2018/5/17	6.83	6.83	6.86	6.82
2018/5/18	6.67	6.7	6.7	6.66
2018/5/21	6.51	6.58	6.59	6.51
2018/5/22	6.61	6.59	6.62	6.58
2018/5/23	6.62	6.71	6.74	6.61
2018/5/24	6.57	6.59	6.63	6.55
2018/5/25	6.46	6.43	6.49	6.42
2018/5/28	6.48	6.52	6.53	6.45
2018/5/29	6.6	6.69	6.7	6.6
2018/5/30	7.32	7.21	7.35	7.14
2018/5/31	7.05	7.04	7.06	7.01
2018/6/1	7.1	7.07	7.1	7.05
2018/6/4	6.72	6.71	6.74	6.7
2018/6/5	6.56	6.56	6.58	6.55
2018/6/6	6.4	6.37	6.4	6.35
2018/6/7	6.2	6.18	6.21	6.18
2018/6/8	6.25	6.32	6.32	6.21
2018/6/11	6.3	6.31	6.33	6.26
2018/6/12	6.14	6.15	6.18	6.12
2018/6/13	6.09	6.09	6.11	6.08
2018/6/14	6.2	6.26	6.26	6.17
2018/6/15	6.07	6.1	6.11	6.06
2018/6/18	6.07	6.1	6.11	6.06
2018/6/19	6.2	6.46	6.5	6.17
2018/6/20	6.36	6.17	6.41	6.17
2018/6/21	6.13	6.12	6.15	6.07
2018/6/22	6.5	6.46	6.51	6.45
2018/6/25	6.54	6.6	6.6	6.51
2018/6/26	6.97	6.89	7.07	6.87
2018/6/27	7	7.09	7.09	6.95
2018/6/28	7.32	7.28	7.35	7.22
2018/6/29	7.23	7.08	7.26	7.03
2018/7/2	7.14	7.33	7.33	7.05
2018/7/3	7.14	7.2	7.24	7.02
2018/7/4	7.25	7.2	7.28	7.15
2018/7/5	7.21	7.27	7.29	7.16
2018/7/6	7.04	6.91	7.08	6.88
2018/7/9	6.57	6.48	6.58	6.48
2018/7/10	6.2	6.25	6.28	6.19
2018/7/11	6.49	6.46	6.53	6.39
2018/7/12	6.37	6.29	6.39	6.28
2018/7/13	6.19	6.18	6.19	6.16
2018/7/16	6.04	6.07	6.09	6.03
2018/7/17	6.11	6.1	6.14	6.08
2018/7/18	5.97	5.98	5.99	5.94
2018/7/19	5.95	5.97	5.98	5.92
2018/7/20	6	6.09	6.18	5.99
2018/7/23	6.15	6.16	6.2	6.14
2018/7/24	6	5.96	6.02	5.95
2018/7/25	6.04	6.04	6.05	6.02
2018/7/26	5.96	6.01	6.03	5.95
2018/7/27	5.92	5.92	5.95	5.9
2018/7/30	6.11	6.13	6.16	6.08
2018/7/31	6.22	6.2	6.24	6.19
2018/8/1	6.09	6.1	6.1	6.07
2018/8/2	6.07	6.15	6.15	6.06
2018/8/3	5.97	5.98	5.99	5.96
2018/8/6	5.88	5.87	5.9	5.83
2018/8/7	5.7	5.68	5.71	5.68
2018/8/8	5.53	5.53	5.54	5.52
2018/8/9	5.54	5.52	5.55	5.5
2018/8/10	5.59	5.66	5.66	5.56
2018/8/13	5.94	6	6.13	5.94
2018/8/14	6.04	5.98	6.1	5.97
2018/8/15	5.87	5.96	5.96	5.86
2018/8/16	6.11	5.96	6.12	5.94
2018/8/17	5.89	5.9	5.9	5.82
2018/8/20	5.71	5.7	5.74	5.7
2018/8/21	5.68	5.63	5.68	5.62
2018/8/22	5.84	5.83	5.85	5.77
2018/8/23	5.62	5.66	5.67	5.61
2018/8/24	5.62	5.61	5.65	5.6
2018/8/27	5.54	5.54	5.55	5.52
2018/8/28	5.55	5.59	5.6	5.54
2018/8/29	5.59	5.6	5.61	5.58
2018/8/30	5.57	5.62	5.62	5.56
2018/8/31	5.73	5.71	5.76	5.7
2018/9/3	5.59	5.63	5.65	5.58
2018/9/4	5.59	5.57	5.62	5.56
2018/9/5	5.64	5.68	5.68	5.62
2018/9/6	5.74	5.73	5.76	5.68
2018/9/7	5.96	5.92	5.96	5.88
2018/9/10	5.92	5.94	5.94	5.89
2018/9/11	5.79	5.76	5.79	5.75
2018/9/12	5.64	5.65	5.67	5.63
2018/9/13	5.56	5.6	5.6	5.55
2018/9/14	5.42	5.42	5.44	5.41
2018/9/17	5.36	5.37	5.39	5.35
2018/9/18	5.56	5.49	5.56	5.48
2018/9/19	5.4	5.4	5.41	5.39
2018/9/20	5.27	5.29	5.29	5.25
2018/9/21	5.16	5.17	5.18	5.15
2018/9/24	5.16	5.17	5.18	5.15
2018/9/25	5.17	5.17	5.17	5.15
2018/9/26	5.16	5.13	5.17	5.13
2018/9/27	5.21	5.23	5.24	5.2
2018/9/28	5.16	5.17	5.17	5.15
2018/10/1	5.06	5.04	5.08	5.03
2018/10/2	5.07	5.12	5.13	5.07
2018/10/3	5.11	5.09	5.13	5.07
2018/10/4	5.12	5.19	5.19	5.12
2018/10/5	5.25	5.26	5.32	5.23
2018/10/8	5.43	5.43	5.45	5.38
2018/10/9	5.53	5.55	5.55	5.5
2018/10/10	5.53	5.55	5.55	5.5
2018/10/11	6.5	6.87	6.89	6.5
2018/10/12	6.6	6.36	6.62	6.36
2018/10/15	6.63	6.66	6.69	6.58
2018/10/16	6.59	6.6	6.65	6.53
2018/10/17	6.16	6.19	6.19	6.14
2018/10/18	6.23	6.32	6.33	6.22
2018/10/19	6.6	6.52	6.62	6.52
2018/10/22	6.78	6.62	6.79	6.59
2018/10/23	6.8	6.95	6.97	6.74
2018/10/24	6.8	6.87	6.87	6.72
2018/10/25	7.35	7.42	7.43	7.31
2018/10/26	7.58	7.72	7.83	7.56
2018/10/29	7.52	7.56	7.64	7.48
2018/10/30	7.66	7.53	7.73	7.52
2018/10/31	7.47	7.42	7.51	7.42
2018/11/1	7.29	7.28	7.32	7.22
2018/11/2	7.08	6.94	7.12	6.93
2018/11/5	7.11	7.15	7.16	7.08
2018/11/6	6.93	6.98	7.01	6.92
2018/11/7	6.8	6.57	6.8	6.51
2018/11/8	6.21	6.25	6.25	6.2
2018/11/9	6.26	6.28	6.34	6.25
2018/11/12	6.37	6.32	6.38	6.29
2018/11/13	6.94	6.76	6.98	6.75
2018/11/14	6.86	6.95	6.97	6.85
2018/11/15	7.11	7.15	7.21	7.09
2018/11/16	7.03	7.11	7.12	7.03
2018/11/19	6.8	6.8	6.82	6.75
2018/11/20	7.14	7.17	7.18	7.1
2018/11/21	7.52	7.42	7.54	7.42
2018/11/22	7.34	7.4	7.44	7.31
2018/11/23	7.42	7.48	7.48	7.39
2018/11/26	7.44	7.34	7.45	7.33
2018/11/27	7.18	7.04	7.2	7.03
2018/11/28	6.91	6.87	6.95	6.86
2018/11/29	6.73	6.83	6.83	6.71
2018/11/30	6.85	6.84	6.86	6.8
2018/12/3	6.21	6.16	6.23	6.13
2018/12/4	6.26	6.4	6.4	6.25
2018/12/5	6.91	6.91	6.93	6.84
2018/12/6	7.2	7.4	7.46	7.2
2018/12/7	7.23	7.29	7.32	7.16
2018/12/10	7.84	7.87	7.9	7.78
2018/12/11	7.74	7.7	7.76	7.64
2018/12/12	7.57	7.51	7.6	7.49
2018/12/13	7.57	7.54	7.58	7.48
2018/12/14	7.55	7.68	7.69	7.54
2018/12/17	7.7	7.65	7.72	7.64
2018/12/18	8.01	8.03	8.07	7.94
2018/12/19	8.14	8.03	8.16	8.03
2018/12/20	8.2	8.41	8.45	8.15
2018/12/21	8.48	8.49	8.56	8.44
2018/12/24	8.91	8.85	8.98	8.85
2018/12/25	9.49	9.5	9.51	9.38
2018/12/26	9.5	9.75	9.77	9.48
2018/12/27	9.11	9.03	9.15	9.03
2018/12/28	9.23	9.29	9.33	9.22
2018/12/31	9.23	9.29	9.33	9.22
2019/1/1	9.23	9.29	9.33	9.22
2019/1/2	8.9	9.25	9.27	8.88
2019/1/3	9.07	9.14	9.14	9
2019/1/4	9.28	9.02	9.28	9.02
2019/1/7	8.34	8.36	8.43	8.31
2019/1/8	8.19	8.18	8.24	8.15
2019/1/9	8.07	8.03	8.07	8.01
2019/1/10	8	8.1	8.13	8
2019/1/11	7.86	7.9	7.94	7.85
2019/1/14	7.7	7.81	7.84	7.68
2019/1/15	7.59	7.5	7.61	7.48
2019/1/16	7.34	7.32	7.4	7.3
2019/1/17	7.41	7.5	7.51	7.39
2019/1/18	7.29	7.28	7.3	7.24
2019/1/21	7.2	7.23	7.24	7.16
2019/1/22	7.21	7.28	7.29	7.18
2019/1/23	7.69	7.68	7.72	7.6
2019/1/24	7.69	7.64	7.72	7.6
2019/1/25	7.46	7.36	7.49	7.34
2019/1/28	7.2	7.24	7.26	7.18
2019/1/29	7.5	7.51	7.53	7.48
2019/1/30	7.36	7.4	7.41	7.34
2019/1/31	7.36	7.4	7.41	7.34
2019/2/1	7.36	7.4	7.41	7.34
2019/2/4	7.36	7.4	7.41	7.34
2019/2/5	7.36	7.4	7.41	7.34
2019/2/6	7.36	7.4	7.41	7.34
2019/2/7	7.36	7.4	7.41	7.34
2019/2/8	7.36	7.4	7.41	7.34
2019/2/11	6.71	6.9	6.96	6.63
2019/2/12	6.5	6.52	6.59	6.48
2019/2/13	6.4	6.41	6.44	6.35
2019/2/14	6.43	6.43	6.43	6.38
2019/2/15	6.51	6.66	6.66	6.5
2019/2/18	6.35	6.33	6.35	6.3
2019/2/19	6.33	6.38	6.38	6.3
2019/2/20	6.27	6.3	6.32	6.26
2019/2/21	6.18	6.06	6.18	6.02
2019/2/22	6.15	6.17	6.18	6.12
2019/2/25	5.95	5.96	5.98	5.93
2019/2/26	6.08	6.18	6.21	6.08
2019/2/27	6.2	6.18	6.22	6.17
2019/2/28	6.2	6.18	6.22	6.17
2019/3/1	6.2	6.18	6.22	6.17
2019/3/4	5.93	5.98	6.01	5.91
2019/3/5	6.11	6.12	6.14	6.08
2019/3/6	6.17	6.14	6.17	6.14
2019/3/7	6.23	6.32	6.32	6.23
2019/3/8	6.46	6.36	6.47	6.3
2019/3/11	6.4	6.29	6.42	6.29
2019/3/12	5.99	6.01	6.02	5.96
2019/3/13	5.99	6.02	6.07	5.95
2019/3/14	5.97	6.01	6.02	5.96
2019/3/15	5.97	5.99	6	5.97
2019/3/18	5.97	5.99	6.02	5.96
2019/3/19	5.98	6	6.01	5.98
2019/3/20	6.01	6.05	6.11	6.01
2019/3/21	6.01	5.99	6.03	5.98
2019/3/22	5.77	5.85	5.86	5.68
2019/3/25	6.27	6.24	6.28	6.17
2019/3/26	6.1	6.07	6.12	6.07
2019/3/27	5.91	5.88	5.96	5.87
2019/3/28	6.02	6.01	6.05	5.99
2019/3/29	5.87	5.87	5.9	5.85
2019/4/1	5.7	5.72	5.74	5.68
2019/4/2	5.65	5.67	5.69	5.65
2019/4/3	5.6	5.59	5.62	5.58
2019/4/4	5.6	5.59	5.62	5.58
2019/4/5	5.6	5.59	5.62	5.58
2019/4/8	5.45	5.46	5.47	5.4
2019/4/9	5.37	5.39	5.39	5.37
2019/4/10	5.5	5.52	5.55	5.5
2019/4/11	5.38	5.42	5.44	5.37
2019/4/12	5.3	5.27	5.31	5.27
2019/4/15	5.11	5.09	5.11	5.06
2019/4/16	5.05	5.04	5.07	5.04
2019/4/17	5.01	5.07	5.08	5
2019/4/18	5.08	5.25	5.29	5.07
2019/4/19	5.13	5.15	5.18	5.11
2019/4/22	5.11	5.18	5.18	5.1
2019/4/23	5.13	5.1	5.17	5.1
2019/4/24	5.06	5.12	5.13	5.06
2019/4/25	5.16	5.1	5.17	5.1
2019/4/26	5.18	5.16	5.2	5.13
2019/4/29	5.03	5.01	5.03	4.88
2019/4/30	5.02	5.05	5.07	5.02
2019/5/1	5.02	5.05	5.07	5.02
2019/5/2	5.17	5.17	5.18	5.16
2019/5/3	5.17	5.14	5.19	5.14
2019/5/6	5.51	5.5	5.55	5.43
2019/5/7	5.34	5.34	5.37	5.3
2019/5/8	5.73	5.66	5.76	5.64
2019/5/9	5.82	5.86	5.89	5.79
2019/5/10	5.7	5.83	5.9	5.62
2019/5/13	5.68	5.67	5.68	5.61
2019/5/14	6.01	5.9	6.03	5.88
2019/5/15	5.83	5.75	5.85	5.74
2019/5/16	5.67	5.73	5.73	5.64
2019/5/17	5.4	5.5	5.51	5.38
2019/5/20	5.41	5.43	5.45	5.4
2019/5/21	5.45	5.41	5.46	5.4
2019/5/22	5.34	5.32	5.34	5.28
2019/5/23	5.32	5.38	5.4	5.32
2019/5/24	5.5	5.47	5.5	5.44
2019/5/27	5.44	5.46	5.47	5.43
2019/5/28	5.39	5.4	5.42	5.39
2019/5/29	5.61	5.62	5.64	5.6
2019/5/30	5.71	5.66	5.73	5.65
2019/5/31	5.82	5.84	5.85	5.77
2019/6/3	5.91	5.89	5.94	5.89
2019/6/4	5.84	5.77	5.84	5.76
2019/6/5	5.53	5.52	5.53	5.5
2019/6/6	5.47	5.47	5.48	5.45
2019/6/7	5.47	5.47	5.48	5.45
2019/6/10	5.39	5.38	5.4	5.37
2019/6/11	5.35	5.34	5.36	5.34
2019/6/12	5.38	5.41	5.41	5.37
2019/6/13	5.34	5.39	5.42	5.32
2019/6/14	5.35	5.35	5.35	5.33
2019/6/17	5.3	5.27	5.3	5.26
2019/6/18	5.22	5.26	5.26	5.22
2019/6/19	5.2	5.18	5.21	5.17
2019/6/20	5	5.03	5.05	4.99
2019/6/21	5.06	5.15	5.16	5.06
2019/6/24	5.13	5.09	5.14	5.08
2019/6/25	5.12	5.21	5.21	5.1
2019/6/26	5.24	5.19	5.24	5.19
2019/6/27	5.19	5.15	5.19	5.12
2019/6/28	5.09	5.13	5.13	5.08
2019/7/1	4.94	4.92	4.98	4.92
2019/7/2	4.92	4.94	4.95	4.91
2019/7/3	4.87	4.91	4.92	4.87
2019/7/4	4.86	4.87	4.88	4.85
2019/7/5	4.88	4.85	4.88	4.85
2019/7/8	4.9	4.96	4.96	4.88
2019/7/9	4.95	4.97	4.99	4.91
2019/7/10	4.94	4.93	4.94	4.92
2019/7/11	4.87	4.87	4.88	4.86
2019/7/12	4.87	4.9	4.9	4.85
2019/7/15	4.89	4.86	4.9	4.86
2019/7/16	4.88	4.89	4.9	4.88
2019/7/17	4.91	4.91	4.94	4.91
2019/7/18	4.97	4.96	4.98	4.95
2019/7/19	4.83	4.82	4.84	4.79
2019/7/22	4.84	4.84	4.87	4.82
2019/7/23	4.77	4.79	4.81	4.77
2019/7/24	4.77	4.67	4.78	4.54
2019/7/25	4.58	4.53	4.61	4.52
2019/7/26	4.56	4.56	4.6	4.56
2019/7/29	4.55	4.55	4.55	4.51
2019/7/30	4.54	4.53	4.55	4.52
2019/7/31	4.6	4.67	4.67	4.6
2019/8/1	4.86	4.86	4.86	4.81
2019/8/2	5.01	5.01	5.1	5.01
2019/8/5	5.06	5.29	5.31	5.03
2019/8/6	5.97	5.5	5.99	5.45
2019/8/7	5.44	5.57	5.6	5.4
2019/8/8	5.5	5.32	5.51	5.3
2019/8/9	5.5	5.32	5.51	5.3
2019/8/12	5.26	5.26	5.29	5.22
2019/8/13	5.52	5.58	5.59	5.52
2019/8/14	5.23	5.29	5.31	5.23
2019/8/15	5.72	5.64	5.72	5.64
2019/8/16	5.67	5.65	5.7	5.63
2019/8/19	5.39	5.37	5.4	5.37
2019/8/20	5.24	5.18	5.24	5.17
2019/8/21	5.21	5.2	5.24	5.2
2019/8/22	5.02	5.1	5.1	5.01
2019/8/23	5.12	5.11	5.14	5.09
2019/8/26	5.65	5.64	5.66	5.55
2019/8/27	5.5	5.53	5.54	5.46
2019/8/28	5.57	5.56	5.59	5.55
2019/8/29	5.52	5.56	5.6	5.52
2019/8/30	5.34	5.31	5.35	5.28
2019/9/2	5.41	5.38	5.41	5.37
2019/9/3	5.42	5.44	5.45	5.36
2019/9/4	5.46	5.36	5.46	5.36
2019/9/5	5.21	5.1	5.21	5.09
2019/9/6	5.05	5.1	5.1	5.04
2019/9/9	4.95	4.96	4.99	4.93
2019/9/10	4.95	5	5.02	4.94
2019/9/11	4.96	4.94	4.99	4.93
2019/9/12	4.86	4.87	4.88	4.84
2019/9/13	4.86	4.87	4.88	4.84
2019/9/16	4.87	4.88	4.92	4.87
2019/9/17	4.88	4.9	4.91	4.87
2019/9/18	4.89	4.89	4.89	4.87
2019/9/19	4.84	4.85	4.86	4.8
2019/9/20	4.85	4.82	4.85	4.82
2019/9/23	4.86	4.85	4.87	4.84
2019/9/24	4.84	4.84	4.85	4.83
2019/9/25	4.95	4.96	4.97	4.93
2019/9/26	4.9	4.96	4.97	4.89
2019/9/27	4.98	4.96	4.98	4.95
2019/9/30	4.98	4.96	4.98	4.95
2019/10/1	4.9	4.87	4.9	4.86
2019/10/2	4.99	5	5.03	4.97
2019/10/3	5.2	5.2	5.21	5.16
2019/10/4	5.12	5.11	5.16	5.1
2019/10/7	5.07	5.01	5.07	5
2019/10/8	5	4.96	5	4.95
2019/10/9	5.12	5.17	5.17	5.11
2019/10/10	5.12	5.17	5.17	5.11
2019/10/11	5.12	5.17	5.17	5.11
2019/10/14	4.85	4.85	4.87	4.83
2019/10/15	4.81	4.81	4.81	4.79
2019/10/16	4.77	4.82	4.83	4.77
2019/10/17	4.82	4.79	4.82	4.78
2019/10/18	4.8	4.81	4.81	4.79
2019/10/21	4.8	4.79	4.8	4.78
2019/10/22	4.74	4.72	4.74	4.71
2019/10/23	4.75	4.79	4.8	4.74
2019/10/24	4.74	4.74	4.75	4.73
2019/10/25	4.67	4.68	4.7	4.51
2019/10/28	4.6	4.63	4.64	4.59
2019/10/29	4.63	4.69	4.72	4.61
2019/10/30	4.7	4.73	4.76	4.69
2019/10/31	4.68	4.74	4.74	4.66
2019/11/1	4.74	4.7	4.75	4.69
2019/11/4	4.65	4.65	4.68	4.62
2019/11/5	4.63	4.63	4.67	4.62
2019/11/6	4.66	4.72	4.72	4.66
2019/11/7	4.71	4.71	4.73	4.69
2019/11/8	4.63	4.64	4.66	4.63
2019/11/11	4.65	4.67	4.69	4.6
2019/11/12	4.66	4.61	4.66	4.61
2019/11/13	4.61	4.65	4.65	4.61
2019/11/14	4.65	4.62	4.65	4.61
2019/11/15	4.58	4.52	4.58	4.51
2019/11/18	4.43	4.12	4.44	3.85
