Dates,S_Close,S_Open,C_Close,C_Open
2010/1/12,969.5,999.5,392.5,419
2010/1/13,983.5,965.5,384,384.5
2010/1/14,968.5,983.75,381,382.25
2010/1/15,974,983.5,371.5,379
2010/1/18,974,983.5,371.5,379
2010/1/19,963.5,974,369.25,371.5
2010/1/20,950,963.75,368,369.25
2010/1/21,954,950,372,369
2010/1/22,951.5,956,364.75,372.5
2010/1/25,940.5,955,367.75,366.75
2010/1/26,947.5,941,362.25,367.75
2010/1/27,929,945.75,358.25,362.25
2010/1/28,931.75,931.25,361.75,359
2010/1/29,914,931.5,356.5,361.75
2010/2/1,909.75,915.25,359,356.25
2010/2/2,925.5,911.25,365,359
2010/2/3,908,926.5,353,365
2010/2/4,914,911.25,354,355.75
2010/2/5,913.5,914,351.5,354.25
2010/2/8,929.5,919.75,356,354
2010/2/9,924.5,929.5,358.5,355.75
2010/2/10,937.5,924,361.75,358.75
2010/2/11,943,938,363.25,361.75
2010/2/12,945,942,361.5,363.5
2010/2/15,945,942,361.5,363.5
2010/2/16,965.5,948,367.25,362.25
2010/2/17,951.5,963.5,360,367
2010/2/18,948,952,357.25,360.5
2010/2/19,945,939.5,360,355
2010/2/22,961.5,946.25,371.5,360
2010/2/23,952.5,960,367.75,370
2010/2/24,955.5,952.5,375.25,367.75
2010/2/25,941.5,954.75,372.25,374.75
2010/2/26,951,940.5,378,372
2010/3/1,952.5,954.25,370.75,378
2010/3/2,954.25,952,370.5,371
2010/3/3,954.5,954.75,375.75,370
2010/3/4,932.5,952,372,375
2010/3/5,934.75,934.75,364.75,373
2010/3/8,940.5,938,364.5,367
2010/3/9,941.5,941,358.75,364.5
2010/3/10,952,941.25,355.5,359
2010/3/11,925.5,956,355.5,356.75
2010/3/12,926,931.5,354,356.25
2010/3/15,930,926.25,363.25,365
2010/3/16,945,930.5,366.75,363.75
2010/3/17,959,944,374,367.75
2010/3/18,959.5,957.5,376,373
2010/3/19,961.75,959.5,374.5,375.25
2010/3/22,968.5,959.75,370.75,373.5
2010/3/23,968,966.75,362.75,371
2010/3/24,960,967.75,365,363.25
2010/3/25,942.5,958,355,364.5
2010/3/26,952,942.75,356.25,355.25
2010/3/29,967.5,952.5,357,356
2010/3/30,974,967.5,354.5,356.5
2010/3/31,941,972,345,353.75
2010/4/1,942,940,344.5,345.25
2010/4/2,942,940,344.5,345.25
2010/4/5,936,942,345.75,344.75
2010/4/6,944.5,936,346.5,345.75
2010/4/7,952.5,942.5,356.5,346.75
2010/4/8,946.5,950.25,348.25,355
2010/4/9,952.25,946,345.75,348.25
2010/4/12,960,954.5,348.25,346.5
2010/4/13,968,958.25,352.5,347.75
2010/4/14,969,968,358,352
2010/4/15,984,968.5,363.25,357.5
2010/4/16,985.25,983,364,362
2010/4/19,976.75,981.5,347.75,362.5
2010/4/20,984,977.5,355.5,349.25
2010/4/21,995.5,985,359.25,355.25
2010/4/22,1004.25,995,362.25,358.75
2010/4/23,1000,1002.25,353,360.75
2010/4/26,998.75,996,352.25,353
2010/4/27,982.75,997.75,347.5,352.25
2010/4/28,982.75,982,357,348.5
2010/4/29,985.75,983,360.5,356.75
2010/4/30,989.5,985,366.25,361
2010/5/3,975.75,988.25,362.75,366
2010/5/4,977,975.25,360,362.25
2010/5/5,968.25,978.5,364.75,360
2010/5/6,945.5,969,364,365
2010/5/7,951.25,945.75,364.75,362.25
2010/5/10,952.75,954.25,363,363.75
2010/5/11,958.25,953,369.75,362
2010/5/12,959.5,958.75,371.75,369.5
2010/5/13,960.5,958.25,366.5,370.25
2010/5/14,948,960.5,356.75,366.5
2010/5/17,941,954,356,364
2010/5/18,939.5,943,359.75,358
2010/5/19,938.5,938.5,359.25,359.75
2010/5/20,944,941.5,362,360
2010/5/21,941,944.75,369,362
2010/5/24,940.5,941,371,368.5
2010/5/25,930.5,939,364.25,369
2010/5/26,938,934.25,371.5,367.25
2010/5/27,951.75,936.75,373.25,369.5
2010/5/28,937.75,951.75,359,372
2010/5/31,937.75,951.75,359,372
2010/6/1,932,939.25,354,358.75
2010/6/2,932.5,931.5,348.5,354.25
2010/6/3,955,934,349.5,349
2010/6/4,935,955,340,350
2010/6/7,935,934,335.75,340.75
2010/6/8,931,934,337.25,336.5
2010/6/9,943.5,929.75,338.25,338
2010/6/10,935,942.75,343.25,338
2010/6/11,946.25,935,349.5,343.25
2010/6/14,951.5,945,353.75,349
2010/6/15,949.5,949.75,353.75,352
2010/6/16,957.75,949.5,356.25,353.5
2010/6/17,952,957,357.5,356.25
2010/6/18,961,953.5,360.75,356.75
2010/6/21,963.25,965.25,355,363
2010/6/22,965.5,963.25,351.5,355
2010/6/23,958,964.25,346.5,351.25
2010/6/24,955.5,958,344.75,346.5
2010/6/25,957,956,340.5,344.75
2010/6/28,955,958.25,333.75,339.5
2010/6/29,947.25,957.5,325,333.5
2010/6/30,948.5,948.5,354.25,325.25
2010/7/1,953.5,948.5,365.5,354
2010/7/2,962.75,951,364,363.5
2010/7/5,962.75,951,364,363.5
2010/7/6,964.25,962.5,360,362.25
2010/7/7,993,964,370.75,360
2010/7/8,1012.5,989.5,377.5,370.75
2010/7/9,1025.5,1012.5,375.25,375.75
2010/7/12,1031.75,1024.75,371.25,375
2010/7/13,1030.5,1034,366.75,369.5
2010/7/14,1036,1030.5,375.25,366
2010/7/15,1019,995.75,392.5,383.5
2010/7/16,1019.5,1018,394.75,391.25
2010/7/19,1008,1007.25,381.5,386.25
2010/7/20,1011.75,1006.75,374,379.75
2010/7/21,1015.25,1012,379.75,374
2010/7/22,1016,1013.5,376.5,379
2010/7/23,1017,1015.25,371.25,375.25
2010/7/26,998.25,1014,364,369
2010/7/27,998,997.5,362.75,363.5
2010/7/28,1010.5,998,376.25,362.75
2010/7/29,1026.75,1012.5,379.25,376
2010/7/30,1052.5,1026.25,392.75,378.5
2010/8/2,1053.25,1051.75,390.5,391.5
2010/8/3,1053.5,1051,389.5,390
2010/8/4,1053,1048,400.25,388.75
2010/8/5,1055,1054,403.5,398.75
2010/8/6,1059,1052.25,405,401.25
2010/8/9,1048.5,1057.75,403,402.75
2010/8/10,1036.25,1047,393.5,402.5
2010/8/11,1044.5,1038,395.5,393.5
2010/8/12,1057,1049.5,406.25,394.75
2010/8/13,1052,1075,411.75,406
2010/8/16,1034,1042.25,407.25,409
2010/8/17,1045.25,1029.5,414.75,407
2010/8/18,1035.25,1044.75,418.5,414
2010/8/19,1016.75,1035,414.25,417.5
2010/8/20,1009.25,1017,421.25,414
2010/8/23,1007,1009,417.25,420
2010/8/24,999.5,1007,405.25,416
2010/8/25,1000,999.25,404.75,404.75
2010/8/26,1013,1000.5,416.5,405
2010/8/27,1022,1013.25,421,416
2010/8/30,1018,1024.25,425.5,423.25
2010/8/31,1008,1015,424.5,424.75
2010/9/1,1004.5,1008.75,432.25,424.75
2010/9/2,1007.5,1005.75,433,432.25
2010/9/3,1029.75,1008.5,449.75,432.5
2010/9/6,1029.75,1008.5,449.75,432.5
2010/9/7,1043.75,1031.25,451.5,449.75
2010/9/8,1041.25,1041,447.5,450.75
2010/9/9,1037.75,1036.25,456.25,447.75
2010/9/10,1023.5,1025,464,456
2010/9/13,1025.25,1021,469.25,463.25
2010/9/14,1025,1026.75,478,470
2010/9/15,1042.5,1035,495.25,494
2010/9/16,1036.25,1043,496,495
2010/9/17,1069,1036.75,513.25,497
2010/9/20,1084.5,1069,508.25,513.25
2010/9/21,1080,1083.75,505.25,507.5
2010/9/22,1088.5,1080,505,504.5
2010/9/23,1093.5,1091,499.25,506.25
2010/9/24,1126,1093,521.75,498.75
2010/9/27,1128.5,1126,512.75,522
2010/9/28,1110,1127,500,512
2010/9/29,1099,1108,505,500
2010/9/30,1106.75,1098.75,495.75,505
2010/10/1,1057,1105.5,465.75,494.75
2010/10/4,1054,1055,471.5,460.5
2010/10/5,1071.75,1053.75,491,471.25
2010/10/6,1062,1070,488.5,491
2010/10/7,1065,1061.75,498.25,488.25
2010/10/8,1135,1064,528.25,497.75
2010/10/11,1152.5,1155,555.75,573.25
2010/10/12,1178.5,1154,579,555
2010/10/13,1176.5,1177.5,569.25,578
2010/10/14,1188.5,1176.5,567.25,569
2010/10/15,1185,1189,563,568
2010/10/18,1184,1182,557.25,561.5
2010/10/19,1180,1184.25,546,557.25
2010/10/20,1212,1178,573.5,546
2010/10/21,1201.5,1212,564.25,573
2010/10/22,1199.5,1203,560,564
2010/10/25,1217.75,1202.5,568.75,561
2010/10/26,1219,1217,571,567
2010/10/27,1223.75,1221.75,577.25,571.75
2010/10/28,1225,1222.75,579,576
2010/10/29,1226,1224.25,582,579
2010/11/1,1225.25,1230.25,577.25,585
2010/11/2,1223.75,1225.25,575.75,577.75
2010/11/3,1227.5,1225.25,581,576.25
2010/11/4,1264.75,1230.5,590,581
2010/11/5,1273.5,1264.75,587.75,590
2010/11/8,1264.5,1273.75,585.25,587.5
2010/11/9,1319.25,1263.5,576.25,585.5
2010/11/10,1309.5,1315.25,566.75,575
2010/11/11,1330.25,1311.75,564,567
2010/11/12,1263,1335,534,564
2010/11/15,1286.5,1266,555.5,541.75
2010/11/16,1219.75,1286.25,526.5,555
2010/11/17,1205,1221.25,525.75,527.5
2010/11/18,1242,1208.75,541.75,527
2010/11/19,1201.5,1244,520.75,542.75
2010/11/22,1221.5,1196,515.25,515.25
2010/11/23,1239,1225,528.5,518.5
2010/11/24,1255,1241.25,538.75,528.5
2010/11/25,1255,1241.25,538.75,528.5
2010/11/26,1238.5,1247,538.25,540
2010/11/29,1235,1240,538.25,542.5
2010/11/30,1243,1238,530,539
2010/12/1,1283,1243,551.75,530.75
2010/12/2,1279.75,1282,540.75,550
2010/12/3,1300.25,1278,559,541
2010/12/6,1288.5,1304,553.75,559
2010/12/7,1285.5,1288.5,547.25,554.25
2010/12/8,1296,1283,559.5,547
2010/12/9,1281.5,1296,560.25,559.5
2010/12/10,1273,1283.25,560.25,562
2010/12/13,1302.5,1269.5,575.25,561
2010/12/14,1296,1300,574.5,573.75
2010/12/15,1296.5,1293,584.25,586
2010/12/16,1289,1295.5,587.5,583.25
2010/12/17,1298.75,1288.75,596.5,587
2010/12/20,1315.25,1302.75,599.5,597
2010/12/21,1326.25,1315.25,602.25,599
2010/12/22,1328.75,1324.5,609,602.5
2010/12/23,1349.5,1329.25,614,608.5
2010/12/24,1349.5,1329.25,614,608.5
2010/12/27,1373,1341,615.25,610
2010/12/28,1375.75,1373,623.25,614.5
2010/12/29,1366,1374,624,622.5
2010/12/30,1366,1366,616,623
2010/12/31,1393.75,1367.25,629,616.25
2011/1/3,1370.25,1388.5,620.5,626.25
2011/1/4,1361,1369.5,608.5,620
2011/1/5,1386,1362,619.25,609
2011/1/6,1369.5,1384.5,602,618.75
2011/1/7,1357.75,1365.5,595,600.5
2011/1/10,1373.25,1361.75,607,597.5
2011/1/11,1350.5,1376.5,607,608
2011/1/12,1409,1354,631,608
2011/1/13,1410,1412.75,642.5,633.5
2011/1/14,1406.5,1413.25,648.75,645
2011/1/17,1406.5,1413.25,648.75,645
2011/1/18,1413.25,1412.25,659.5,647.25
2011/1/19,1411.5,1416.5,641.25,659.5
2011/1/20,1414.25,1413,654,641.25
2011/1/21,1412.25,1415.75,657.25,656
2011/1/24,1404.5,1412.5,655.25,659.5
2011/1/25,1374.5,1404.25,644,654.75
2011/1/26,1385.5,1375.5,657.75,644
2011/1/27,1399.5,1389.25,650.75,658.5
2011/1/28,1398,1401.5,644,652
2011/1/31,1413,1395.25,659.5,642.25
2011/2/1,1438,1413.5,666,658.75
2011/2/2,1444,1439.5,669.25,665.5
2011/2/3,1435.5,1446,662.5,669
2011/2/4,1433.5,1438.5,678.5,664
2011/2/7,1424.5,1438,674.75,677
2011/2/8,1434.25,1425,673.75,674
2011/2/9,1451,1437,698,673.5
2011/2/10,1433,1451.25,698.5,698
2011/2/11,1416,1433,706.5,698.75
2011/2/14,1402.75,1419,695.75,706.25
2011/2/15,1368,1403,690.5,697
2011/2/16,1366,1369,690.5,691.5
2011/2/17,1404.5,1366,712.75,692
2011/2/18,1368,1406.5,709.75,712
2011/2/21,1368,1406.5,709.75,712
2011/2/22,1298,1379,679.75,714.5
2011/2/23,1320,1297,691.5,672.5
2011/2/24,1318.25,1321.5,685.75,693
2011/2/25,1365.5,1318.25,712,685
2011/2/28,1357.25,1367.5,722.5,712.5
2011/3/1,1367.5,1360,727.25,722
2011/3/2,1387.25,1365,714,726.25
2011/3/3,1405.5,1385,729.75,714
2011/3/4,1407.75,1404.75,721.25,729.5
2011/3/7,1387.75,1407.75,710.75,721.25
2011/3/8,1375.5,1389.25,698.75,710.75
2011/3/9,1344,1369,695,699
2011/3/10,1348.75,1335,676.25,694.5
2011/3/11,1326.5,1339.25,659.25,677.75
2011/3/14,1329,1323.75,664,658
2011/3/15,1270,1342,636,667.25
2011/3/16,1287,1273.5,616.5,630
2011/3/17,1335.25,1286.75,646.5,618.25
2011/3/18,1362.5,1336.25,683.5,656
2011/3/21,1363,1369.25,686.5,685.75
2011/3/22,1365.5,1363.5,686.75,686.75
2011/3/23,1351.25,1367,681,687.5
2011/3/24,1354.5,1350,702.5,681
2011/3/25,1358.25,1356.5,689.5,702.75
2011/3/28,1348.5,1360,671,692.75
2011/3/29,1361.5,1345.25,671.75,671
2011/3/30,1372,1362,663.25,672.25
2011/3/31,1410.25,1373,693.25,663.25
2011/4/1,1393.75,1411.5,736,730
2011/4/4,1384,1393.5,760.25,736
2011/4/5,1373.25,1384.5,766.75,758.25
2011/4/6,1376.5,1374,763,765
2011/4/7,1363.5,1376,759,762.75
2011/4/8,1392.25,1363,768,759
2011/4/11,1368.5,1395.5,776,772.75
2011/4/12,1329.75,1369,752.5,775.25
2011/4/13,1333.5,1332.5,755.5,753.25
2011/4/14,1331,1335.25,754.25,757.5
2011/4/15,1331.75,1332.75,742,755
2011/4/18,1344.25,1331.75,751.75,740.5
2011/4/19,1342,1344.5,749,752.25
2011/4/20,1357.75,1341.25,732.75,749
2011/4/21,1380.5,1357,737.25,733.25
2011/4/22,1380.5,1357,737.25,733.25
2011/4/25,1389.5,1380.75,762.5,748.25
2011/4/26,1382.75,1389,766.25,765.5
2011/4/27,1378,1382.75,752.25,766.75
2011/4/28,1350.25,1379.25,723,757
2011/4/29,1392.75,1348,754,723.25
2011/5/2,1390.25,1389.5,730.75,752.75
2011/5/3,1359.25,1390.25,719,735.5
2011/5/4,1350.5,1362.25,726.5,719.5
2011/5/5,1319.75,1354,705,728.25
2011/5/6,1325,1318.25,682.75,704.5
2011/5/9,1335,1330,704.5,682.75
2011/5/10,1340,1335.25,706,704
2011/5/11,1333.5,1340,668.75,708
2011/5/12,1345.25,1333.5,681.25,669.75
2011/5/13,1337,1351.5,679,685.25
2011/5/16,1326.5,1330,697.5,689
2011/5/17,1341,1324.75,720.25,697.5
2011/5/18,1379.5,1340.75,749.75,721.75
2011/5/19,1379.5,1377,748.25,749.25
2011/5/20,1380.25,1377.25,759.5,748
2011/5/23,1373.75,1386,754,769
2011/5/24,1372.25,1373.75,733.25,754.25
2011/5/25,1377,1373,742.25,735
2011/5/26,1384.75,1378,745.5,744
2011/5/27,1379.75,1387.75,758.5,747.5
2011/5/30,1379.75,1387.75,758.5,747.5
2011/5/31,1376,1371.5,747.5,749
2011/6/1,1386.25,1377.5,758.5,751
2011/6/2,1407,1386,766.5,757.5
2011/6/3,1414.5,1406.75,754,765.5
2011/6/6,1383.25,1415.75,732,754
2011/6/7,1394,1382.75,736.5,732
2011/6/8,1401.5,1392.25,764,738.75
2011/6/9,1393.75,1400,785.5,764
2011/6/10,1387.25,1396.25,787,785
2011/6/13,1382.75,1385.25,782.5,786
2011/6/14,1368,1382.25,755.5,779.25
2011/6/15,1368,1368,725.75,760.25
2011/6/16,1350.5,1370.25,701.5,725.75
2011/6/17,1333,1350.5,700.25,700.5
2011/6/20,1335.75,1334.75,700.5,704.5
2011/6/21,1348.75,1338.25,707.5,703
2011/6/22,1330.25,1348.75,677.5,709
2011/6/23,1317.75,1331.25,680.5,675
2011/6/24,1320.25,1318.5,670,687
2011/6/27,1329.75,1318.25,660.75,669
2011/6/28,1330.75,1334,683,667.75
2011/6/29,1334.25,1331.5,698,689.5
2011/6/30,1306.25,1335.5,629,699
2011/7/1,1322.25,1308.5,640.75,629
2011/7/4,1322.25,1308.5,640.75,629
2011/7/5,1332.25,1330.5,680.5,650.75
2011/7/6,1331,1330,648.75,679.5
2011/7/7,1345.5,1331.25,650,648.25
2011/7/8,1352,1346.5,672.25,652.5
2011/7/11,1352.5,1356.25,681.5,672.5
2011/7/12,1366.5,1352.5,697,682
2011/7/13,1387,1363,726.75,702
2011/7/14,1390.5,1390.25,716.5,724
2011/7/15,1385.75,1382,701.25,690.75
2011/7/18,1385.5,1385.75,696.25,701.75
2011/7/19,1379.25,1389,698,703.25
2011/7/20,1378.25,1379.75,688,698.25
2011/7/21,1380.25,1377.75,679.25,687.5
2011/7/22,1380.25,1379.75,690,679.25
2011/7/25,1365.5,1369.25,678.75,678.25
2011/7/26,1383,1366.25,689.75,682.25
2011/7/27,1375.75,1383,691.5,689.5
2011/7/28,1367.75,1373.25,682.25,690.25
2011/7/29,1354.25,1365.75,665.5,684
2011/8/1,1358.75,1354.25,681.25,668.5
2011/8/2,1373,1360,711.25,680.25
2011/8/3,1364,1373,706,711
2011/8/4,1339.25,1357.5,693.75,705.25
2011/8/5,1331.5,1333.25,693,688
2011/8/8,1309.25,1323,675.25,680.75
2011/8/9,1298.75,1300,678.25,673
2011/8/10,1300.75,1312.75,678,682.75
2011/8/11,1333.75,1349.75,702.5,676.75
2011/8/12,1337,1343.25,701.75,702
2011/8/15,1343.5,1331,707.25,703.75
2011/8/16,1340,1343,714,707
2011/8/17,1356.75,1340.5,711.5,713
2011/8/18,1352,1356.75,699,710.5
2011/8/19,1359.75,1348.75,711,699
2011/8/22,1376.5,1366.5,720.5,715.5
2011/8/23,1389.5,1376.5,730.25,723.5
2011/8/24,1386.5,1390,731.75,730
2011/8/25,1386,1384.75,732.25,730.5
2011/8/26,1414.75,1384,752.5,731
2011/8/29,1438,1413.5,756.25,751.75
2011/8/30,1448.75,1440.5,763.5,756.75
2011/8/31,1449,1447.75,757.5,763.25
2011/9/1,1424.75,1439,728.75,756.5
2011/9/2,1436,1431,750.25,733.75
2011/9/5,1436,1431,750.25,733.75
2011/9/6,1413.5,1426.25,746.75,742.5
2011/9/7,1411,1415.25,736.5,748.25
2011/9/8,1407.25,1412,723.25,737.25
2011/9/9,1416.5,1405.75,726,723
2011/9/12,1387.5,1415,734.25,726
2011/9/13,1381.25,1389.5,709.25,735
2011/9/14,1374,1375.5,713,711
2011/9/15,1358.75,1384.75,701,725
2011/9/16,1355.5,1358.75,692,701.75
2011/9/19,1336,1356.25,692.25,691.5
2011/9/20,1338,1341,690.25,697.25
2011/9/21,1320.5,1337,685.75,690
2011/9/22,1283,1319,650,682
2011/9/23,1258,1286,638.5,652.75
2011/9/26,1259.75,1265.25,648,645.75
2011/9/27,1263,1262.25,652.25,653
2011/9/28,1223.5,1260.5,630.75,650
2011/9/29,1230,1222.75,632.5,631
2011/9/30,1179,1231,592.5,634.25
2011/10/3,1177.5,1176.25,592.5,590
2011/10/4,1160,1174.5,587.75,592.5
2011/10/5,1163.75,1164.5,605.5,592.25
2011/10/6,1163.75,1165,605.5,605.5
2011/10/7,1158.25,1163.25,600,605.5
2011/10/10,1177.5,1158.25,605,599.25
2011/10/11,1235.5,1180,645,606.75
2011/10/12,1239.5,1234,640.75,646.25
2011/10/13,1257,1237.75,638.25,640.75
2011/10/14,1270,1258,640,638
2011/10/17,1253,1269,640.5,641.75
2011/10/18,1250.75,1253,644,639.75
2011/10/19,1225,1250.75,638.5,645
2011/10/20,1225,1225,649.5,638.25
2011/10/21,1212.25,1225,649.25,649
2011/10/24,1226.75,1212,651,647
2011/10/25,1225.5,1226,650.75,650
2011/10/26,1210.5,1223.25,637.25,649.5
2011/10/27,1235,1211.5,651.5,637.75
2011/10/28,1217,1235,655,651
2011/10/31,1207.5,1217,647,653.75
2011/11/1,1192.25,1204.5,654.25,646.25
2011/11/2,1193.5,1189.75,645,653.25
2011/11/3,1219.25,1192.75,653.5,644.75
2011/11/4,1212.5,1219,655.75,653
2011/11/7,1192.25,1211,653.25,654.75
2011/11/8,1195.25,1194,660.5,653
2011/11/9,1175.75,1196.25,656,660.25
2011/11/10,1158,1175,645.5,654.5
2011/11/11,1166,1160,638.5,646
2011/11/14,1172,1171.25,633.5,638
2011/11/15,1200.25,1178.25,645.5,633.5
2011/11/16,1187.75,1199.75,642.75,644.25
2011/11/17,1168.25,1186.75,614.5,641
2011/11/18,1168.25,1170,610.25,614.5
2011/11/21,1148,1171,597.75,610
2011/11/22,1153,1147.5,599,598.25
2011/11/23,1122.5,1155,588.75,600
2011/11/24,1122.5,1155,588.75,600
2011/11/25,1106.5,1120.5,582.5,588.25
2011/11/28,1121,1114.5,591.75,586
2011/11/29,1125,1124.25,598,591.75
2011/11/30,1131.25,1122.75,601.25,597.75
2011/12/1,1128,1133.25,594.75,602
2011/12/2,1135.75,1130.25,586.5,595.5
2011/12/5,1126.25,1140,580.25,588.25
2011/12/6,1129.5,1126,585.25,580.25
2011/12/7,1131,1130.5,582.25,586
2011/12/8,1132.5,1131.5,590,582
2011/12/9,1107,1131,585.5,589
2011/12/12,1112,1108,585.5,584
2011/12/13,1118.5,1112,588.5,585.75
2011/12/14,1100,1115.25,580,588.25
2011/12/15,1111.75,1100.75,579,580.75
2011/12/16,1130,1112.25,583,578.5
2011/12/19,1137,1137.25,601,586.25
2011/12/20,1144.5,1137,607,600
2011/12/21,1153.75,1144.5,616.5,606
2011/12/22,1162.25,1152.25,617.5,615.5
2011/12/23,1163,1160.75,619.5,616.25
2011/12/26,1163,1160.75,619.5,616.25
2011/12/27,1199.75,1172.75,633.25,625
2011/12/28,1198.25,1196.25,642.5,632
2011/12/29,1187.5,1196.75,638,640
2011/12/30,1198.5,1186,646.5,637.25
2012/1/2,1198.5,1186,646.5,637.25
2012/1/3,1218.25,1223.75,658.5,662
2012/1/4,1221.5,1218.25,658.5,658
2012/1/5,1201.25,1221.5,643.5,658
2012/1/6,1189.5,1198,643.5,642
2012/1/9,1225.75,1193.5,652,643
2012/1/10,1223.75,1224.5,652,651.5
2012/1/11,1197.5,1221.5,651.5,651.5
2012/1/12,1178.5,1199.75,611.5,651
2012/1/13,1160,1179,599.5,608.5
2012/1/16,1160,1179,599.5,608.5
2012/1/17,1183.5,1163,604,601.25
2012/1/18,1183.5,1182.5,593.5,605.25
2012/1/19,1197,1184,606,594
2012/1/20,1187,1197.5,611.5,606
2012/1/23,1217.5,1194,620,613.5
2012/1/24,1220,1213.75,630.25,619.5
2012/1/25,1213.5,1219.25,634.5,629.5
2012/1/26,1222.75,1213.5,634.5,634.25
2012/1/27,1219,1221.75,641.75,633.5
2012/1/30,1185.25,1214.25,631.75,639.5
2012/1/31,1199,1186.75,639,632.25
2012/2/1,1215.25,1202,642,639
2012/2/2,1217,1213.5,643,641.75
2012/2/3,1232.5,1217,644.5,642.5
2012/2/6,1233,1230.75,644.25,641
2012/2/7,1232,1232,642.25,643
2012/2/8,1231.5,1230.25,642.5,642
2012/2/9,1227.5,1229.5,637,641.75
2012/2/10,1229,1229.25,631.75,636.5
2012/2/13,1252,1238,639.5,634.5
2012/2/14,1255,1252,633.5,639
2012/2/15,1261,1254.75,627,633.5
2012/2/16,1258.25,1260.5,636.25,627
2012/2/17,1267.5,1258,641.75,635.5
2012/2/20,1267.5,1258,641.75,635.5
2012/2/21,1271,1271,629.5,643.25
2012/2/22,1272.25,1267.75,638.25,630
2012/2/23,1276.75,1271,639.5,638.25
2012/2/24,1279,1276.5,640.75,638.5
2012/2/27,1293.75,1278,644.5,638.5
2012/2/28,1305.25,1291.5,653.5,642.5
2012/2/29,1313.5,1304.25,656.5,653
2012/3/1,1316.75,1307.75,653.75,655.75
2012/3/2,1328.25,1316,659,653
2012/3/5,1319.25,1325,666.25,659
2012/3/6,1329.75,1317,658,665.5
2012/3/7,1321.5,1329.5,643.75,657.75
2012/3/8,1332.5,1321.25,645,643
2012/3/9,1331.75,1335.75,654,644.75
2012/3/12,1330.5,1332,671.5,653
2012/3/13,1348.75,1329.5,674,670.25
2012/3/14,1356,1348.75,669.5,672.25
2012/3/15,1369,1352.25,669,658.75
2012/3/16,1374,1368.5,673,668
2012/3/19,1366.5,1374.25,663.5,673
2012/3/20,1345,1367,647.5,663.25
2012/3/21,1355,1345,642,647.25
2012/3/22,1349.5,1355,644.5,643.5
2012/3/23,1365.75,1350.25,646.5,645.5
2012/3/26,1379.5,1365.75,637.75,646.25
2012/3/27,1369.75,1379.75,630.75,638
2012/3/28,1367.5,1370.75,620.25,630.5
2012/3/29,1355.5,1369,604,620.25
2012/3/30,1403,1355.5,644,605
2012/4/2,1421,1407,655,649.5
2012/4/3,1416.75,1421,658.25,654
2012/4/4,1419.5,1414.5,656.75,661
2012/4/5,1434,1420,658.25,657
2012/4/6,1434,1420,658.25,657
2012/4/9,1431,1431,649,656
2012/4/10,1426,1431,634.75,649.5
2012/4/11,1422,1428,636,636.5
2012/4/12,1441,1423.25,637.5,637
2012/4/13,1436.75,1442.5,629.25,640
2012/4/16,1420,1434.5,623.25,626.75
2012/4/17,1425.75,1420.25,616.75,623
2012/4/18,1407.75,1425,601.75,617
2012/4/19,1415.75,1409.25,621,603.75
2012/4/20,1446.75,1415.25,612.5,621
2012/4/23,1437.25,1446,622.5,613.25
2012/4/24,1461.25,1437,618.25,622.25
2012/4/25,1473.5,1461,611,617.25
2012/4/26,1481.25,1473,624,614
2012/4/27,1496.75,1483.25,653,625.25
2012/4/30,1503,1490.25,660.25,652.25
2012/5/1,1497.75,1500.25,659.75,659.25
2012/5/2,1480,1494.75,642.25,659
2012/5/3,1468.75,1477,650.75,645.25
2012/5/4,1475,1468.75,662.25,652
2012/5/7,1463.5,1472,665,663.25
2012/5/8,1437.75,1466.75,666,669.25
2012/5/9,1427.75,1435,641.25,666.5
2012/5/10,1452.25,1427.5,625.5,647.25
2012/5/11,1404,1448,608,626
2012/5/14,1390,1400,608,616
2012/5/15,1413,1385.5,597.25,582.5
2012/5/16,1422,1413.5,620,597
2012/5/17,1438,1423.75,625,619
2012/5/18,1405,1435,635.5,622.75
2012/5/21,1412.5,1413.75,633,638.25
2012/5/22,1382.25,1410.75,597,629
2012/5/23,1362.5,1382.5,603.5,601.25
2012/5/24,1376,1367.5,578.5,605.25
2012/5/25,1382,1380,578.5,583
2012/5/28,1382,1380,578.5,583
2012/5/29,1386.75,1383,562.5,580
2012/5/30,1373.25,1388,559.5,563.75
2012/5/31,1340,1377.25,555.25,560
2012/6/1,1344.25,1340.75,551.5,557.75
2012/6/4,1340,1350,568,560.25
2012/6/5,1349.5,1340.5,567.5,568
2012/6/6,1386.25,1353.5,586.25,569.25
2012/6/7,1428,1386,594,585.75
2012/6/8,1426.25,1425.25,598,593
2012/6/11,1424.75,1426,592,598.5
2012/6/12,1435,1425.5,584,595
2012/6/13,1408.25,1433.5,592.5,582.25
2012/6/14,1386,1408.25,601.5,592
2012/6/15,1376,1389.75,579.5,600
2012/6/18,1384.25,1383,599.5,584.75
2012/6/19,1433.75,1390,612.5,602.75
2012/6/20,1446.5,1434,611.75,610.5
2012/6/21,1438.5,1443,586.5,610
2012/6/22,1442.5,1437,591,589
2012/6/25,1482.5,1461.5,631,602.75
2012/6/26,1470.5,1489.75,646,633.75
2012/6/27,1471,1471.5,649.5,645.5
2012/6/28,1466,1475,652,649.25
2012/6/29,1512.75,1467.5,672.5,653
2012/7/2,1532.25,1526,692.5,682
2012/7/3,1572.25,1545.25,718.75,702.5
2012/7/4,1572.25,1545.25,718.75,702.5
2012/7/5,1626.5,1588.5,768,735
2012/7/6,1619.75,1625.75,743.25,764.5
2012/7/9,1665,1637.5,775.25,751.25
2012/7/10,1648.75,1660.25,761,773.5
2012/7/11,1623,1652.75,750.75,760.5
2012/7/12,1625.75,1627,771.25,757.75
2012/7/13,1642,1630,755.75,781
2012/7/16,1633.75,1613,776.75,750
2012/7/17,1639,1643.25,779.5,790
2012/7/18,1683.5,1639,795,780
2012/7/19,1733.75,1682,807.75,793
2012/7/20,1757.5,1731.5,824.5,806.75
2012/7/23,1698.5,1761,814,823
2012/7/24,1649.25,1702.25,790,814
2012/7/25,1694.25,1645.5,794.5,790
2012/7/26,1655.75,1687.25,781.25,790.5
2012/7/27,1684.25,1654,798.5,781.25
2012/7/30,1725.75,1698.75,820,801
2012/7/31,1721,1722,806.5,819
2012/8/1,1682.25,1721,800.5,806.5
2012/8/2,1653,1695.75,794,803
2012/8/3,1656.25,1653,810,794
2012/8/6,1607.5,1630,803,803.25
2012/8/7,1605.25,1607,796,801
2012/8/8,1630,1608.25,810.75,795.25
2012/8/9,1694.5,1633.75,818.25,810
2012/8/10,1709.5,1700,800,817.5
2012/8/13,1656.25,1710,782.75,799
2012/8/14,1680,1659.25,779.75,784.75
2012/8/15,1659.75,1623,794,780
2012/8/16,1656.25,1659.5,797.75,793.5
2012/8/17,1671,1653.75,798.5,796
2012/8/20,1703.75,1670.25,815.25,799
2012/8/21,1753.5,1703.75,831.25,814.75
2012/8/22,1748,1751.75,830.25,830.25
2012/8/23,1727.25,1750.5,808.75,829.5
2012/8/24,1737.5,1729.5,802.25,808.5
2012/8/27,1729.75,1748.25,794.5,806.25
2012/8/28,1732.5,1735.25,789.5,795
2012/8/29,1763.25,1736,810.25,789.75
2012/8/30,1770.25,1763.25,811.5,810.75
2012/8/31,1764.5,1766.5,802.75,811
2012/9/3,1764.5,1766.5,802.75,811
2012/9/4,1771,1778.5,807,805
2012/9/5,1748,1768.5,789.75,805.5
2012/9/6,1744.5,1743.75,797.25,792
2012/9/7,1731.75,1744.5,795,795
2012/9/10,1713,1715,781,793.5
2012/9/11,1696.5,1713,782.25,781
2012/9/12,1740.75,1700,771,782.5
2012/9/13,1743.5,1738,776.75,768.25
2012/9/14,1736.5,1743.5,777.5,776.5
2012/9/17,1669,1733.25,748,780.75
2012/9/18,1640,1660,740,748.25
2012/9/19,1669.5,1643,756.5,740.25
2012/9/20,1618.75,1668,746,755
2012/9/21,1621.75,1620.25,748.25,745.5
2012/9/24,1610,1621.75,744.75,746.75
2012/9/25,1611.5,1608.25,743.75,743.5
2012/9/26,1573,1611,724.75,743.25
2012/9/27,1570.75,1573.5,716.25,725
2012/9/28,1601,1570,756.25,716.5
2012/10/1,1560.25,1596.5,756.75,760.25
2012/10/2,1530.5,1559.75,758.25,756.5
2012/10/3,1531.75,1531.5,756.75,757.75
2012/10/4,1551.5,1532,757,756.5
2012/10/5,1551.5,1552,748,756.5
2012/10/8,1551,1553.5,742,747
2012/10/9,1550,1550.5,742,741.75
2012/10/10,1523.25,1547.75,736.75,742
2012/10/11,1548.5,1523,773.25,736.5
2012/10/12,1522.5,1548,752.75,772
2012/10/15,1492.5,1519,737.25,751.5
2012/10/16,1493.75,1494,738.25,737.75
2012/10/17,1509.25,1493.75,745.5,738
2012/10/18,1545.5,1509,760.75,745.25
2012/10/19,1534.25,1544.75,761.5,760.75
2012/10/22,1546.5,1530.75,761.25,761
2012/10/23,1553.25,1546.5,756,761
2012/10/24,1570.5,1554.75,754.5,756
2012/10/25,1564,1570,742,753.5
2012/10/26,1561.25,1562.5,737.75,742
2012/10/29,1527.25,1559,737,737
2012/10/30,1533.75,1528.25,741.75,737.25
2012/10/31,1547,1532,755.75,741.75
2012/11/1,1558.5,1547,751,755.5
2012/11/2,1527,1558,739.5,750
2012/11/5,1504.25,1522.25,735.5,737.5
2012/11/6,1516.75,1506.75,741,735.5
2012/11/7,1508.75,1519,744.25,740.5
2012/11/8,1499.25,1507.25,741.25,744.5
2012/11/9,1452,1500,738.75,741
2012/11/12,1411,1452.25,718,736.75
2012/11/13,1427,1422,723.5,717.5
2012/11/14,1432.75,1428.5,725.75,723
2012/11/15,1402,1420,721.25,725.75
2012/11/16,1383.25,1403.25,727,721.25
2012/11/19,1394.75,1386.75,738.75,726.5
2012/11/20,1412.75,1395.25,743.25,738.75
2012/11/21,1408.25,1412,741,743
2012/11/22,1408.25,1412,741,743
2012/11/23,1418.75,1422,745.5,746.25
2012/11/26,1424.75,1419.75,747.25,744.75
2012/11/27,1449.25,1424.75,760,746.5
2012/11/28,1446.25,1450.25,760.25,758.75
2012/11/29,1448,1447,751.5,759
2012/11/30,1438.75,1448.5,748,752.5
2012/12/3,1453.75,1443.75,749,752
2012/12/4,1455.5,1453,746.5,749
2012/12/5,1479.25,1455,753.25,747
2012/12/6,1491.25,1477.75,747.75,752.75
2012/12/7,1472.25,1490.75,732.75,748
2012/12/10,1474.75,1470,726.75,731
2012/12/11,1472,1474.75,724.25,727
2012/12/12,1473.5,1473,721,724.25
2012/12/13,1476.5,1471.25,712.25,721
2012/12/14,1496,1475.5,718.75,711.5
2012/12/17,1496.25,1496,724,732
2012/12/18,1466,1496,720,724
2012/12/19,1437,1468,703,721.25
2012/12/20,1408.75,1438.25,696.5,704
2012/12/21,1430.75,1408.75,702,697
2012/12/24,1439.75,1432.5,704.25,703
2012/12/25,1439.75,1432.5,704.25,703
2012/12/26,1424.5,1444.75,693.25,705
2012/12/27,1418.75,1423.75,691.5,693.25
2012/12/28,1424,1419,694,691.75
2012/12/31,1418.75,1423,698.25,694
2013/1/1,1418.75,1423,698.25,694
2013/1/2,1405.5,1437,690.75,706.25
2013/1/3,1403,1406.5,689.25,690.75
2013/1/4,1389,1403.25,680.25,688
2013/1/7,1410.75,1381,685.5,680.5
2013/1/8,1413.75,1412,688.75,685.5
2013/1/9,1419.75,1413.5,694.25,688
2013/1/10,1417.5,1421,698.75,694.75
2013/1/11,1424.75,1417.5,708.75,698.5
2013/1/14,1459.75,1420.75,724,713.75
2013/1/15,1413.5,1416.75,730.5,723.5
2013/1/16,1436.5,1413,731.25,730
2013/1/17,1430.25,1436,724.5,731.25
2013/1/18,1429.25,1431,727.5,724.5
2013/1/21,1429.25,1431,727.5,724.5
2013/1/22,1451.75,1440,728.5,730.25
2013/1/23,1437,1449,720.75,728
2013/1/24,1435.25,1437,724.25,720.25
2013/1/25,1441,1436,720.75,725
2013/1/28,1447.75,1446.5,729.25,722.75
2013/1/29,1451.75,1445.75,729.5,728.5
2013/1/30,1478.75,1450.25,740.25,729
2013/1/31,1468.5,1477.25,740.5,739.25
2013/2/1,1474.25,1470,736,740.25
2013/2/4,1488.75,1483.75,734.25,738.5
2013/2/5,1495.5,1488,729,734
2013/2/6,1487.5,1495,722.5,729.25
2013/2/7,1486.75,1488.5,710.75,721.25
2013/2/8,1452.5,1486.25,709,710.5
2013/2/11,1431.5,1450,702.25,709
2013/2/12,1420.75,1431.25,696.25,702.25
2013/2/13,1423,1423,695.5,696.5
2013/2/14,1418,1423.75,694.75,695.75
2013/2/15,1424.5,1419,698.75,695
2013/2/18,1424.5,1419,698.75,695
2013/2/19,1470.25,1432.5,695.25,701
2013/2/20,1482.75,1469.75,700.5,696.75
2013/2/21,1487.75,1480.75,690.75,700
2013/2/22,1461.25,1487,690.25,692
2013/2/25,1451.25,1461.25,693.5,690
2013/2/26,1447.75,1450,705,693.5
2013/2/27,1457.5,1449.5,709.5,705
2013/2/28,1474.25,1458,719.5,709.5
2013/3/1,1464.5,1473.5,724.25,719.5
2013/3/4,1490.25,1462.25,723,724.25
2013/3/5,1496.5,1488.5,732,723
2013/3/6,1484.5,1496.5,708,732.25
2013/3/7,1503.5,1482,711.5,707.75
2013/3/8,1508.5,1503.5,725.25,712.75
2013/3/11,1514.75,1516.75,734.5,726.5
2013/3/12,1489.75,1515,741,733.25
2013/3/13,1475,1492.25,741.25,741
2013/3/14,1457.25,1475,732.75,742
2013/3/15,1426,1439,717,716
2013/3/18,1409.5,1424,720,715.5
2013/3/19,1406.75,1409.5,728.5,719
2013/3/20,1419.75,1407,732.5,727
2013/3/21,1449,1420.5,733,731.25
2013/3/22,1440.5,1447,726.25,732.25
2013/3/25,1437.25,1440.5,733.25,725.5
2013/3/26,1447.75,1437,730.25,731.5
2013/3/27,1453.75,1447.75,735.25,730
2013/3/28,1404.75,1455.5,695.25,734
2013/3/29,1404.75,1455.5,695.25,734
2013/4/1,1390.75,1401.5,642.25,679
2013/4/2,1394,1393.5,640.5,647
2013/4/3,1380.25,1395.25,641.5,641.5
2013/4/4,1372,1381.5,630,642.5
2013/4/5,1361.75,1372,629,630
2013/4/8,1378,1360.25,633.5,627.5
2013/4/9,1395.5,1378.75,644.25,634.25
2013/4/10,1392.75,1394.5,649,644
2013/4/11,1402,1392.75,651.25,649
2013/4/12,1413,1401.25,658.5,651.25
2013/4/15,1395,1413,646.75,660.5
2013/4/16,1411.5,1394.5,663.25,645
2013/4/17,1422.25,1411,660.5,662.75
2013/4/18,1430.5,1420,644.5,659
2013/4/19,1428.25,1430.5,652,645.25
2013/4/22,1417.25,1424,645.75,649.5
2013/4/23,1419.75,1417,638.5,647.5
2013/4/24,1404,1419.25,639.5,638.5
2013/4/25,1423.5,1404,645.25,639.5
2013/4/26,1430.75,1420.75,644,645
2013/4/29,1471.75,1430,684,649
2013/4/30,1467.75,1470,683.25,684.5
2013/5/1,1437.5,1466.25,681.75,679.5
2013/5/2,1441,1439.75,697.5,682
2013/5/3,1455,1440,699.5,697
2013/5/6,1444.5,1450.25,678.75,689
2013/5/7,1463.5,1445,676.5,682
2013/5/8,1479,1463.25,675,675.75
2013/5/9,1491.25,1475.25,694.5,675
2013/5/10,1488.25,1490.75,687.75,693
2013/5/13,1521,1486.5,718,694
2013/5/14,1524.5,1522,706.75,718
2013/5/15,1412.75,1414.75,650.75,652
2013/5/16,1427.5,1412.75,641.5,650.25
2013/5/17,1448.5,1427.5,652.75,641.75
2013/5/20,1464.5,1446.25,649.5,652
2013/5/21,1478.25,1460.5,640,644.75
2013/5/22,1494.25,1477,658.5,640.25
2013/5/23,1499.5,1492.5,662,658
2013/5/24,1476.25,1493,657.25,660.5
2013/5/27,1476.25,1493,657.25,660.5
2013/5/28,1509.25,1475,666.5,659
2013/5/29,1501.75,1505,665,666
2013/5/30,1495.75,1502,654.25,663.75
2013/5/31,1510,1494.25,662,654
2013/6/3,1532.5,1509.5,655.75,661.25
2013/6/4,1528.75,1531.75,660.5,655.5
2013/6/5,1532,1528,660.75,660.75
2013/6/6,1527.25,1532,663.25,660
2013/6/7,1528.25,1528,666.25,662.75
2013/6/10,1511.75,1522.75,650,661.25
2013/6/11,1540.5,1515.5,659.5,650.5
2013/6/12,1540.75,1539.75,650.75,659
2013/6/13,1510.25,1540,643.5,652
2013/6/14,1516.5,1510,655,644
2013/6/17,1512.5,1508.25,668.5,652.5
2013/6/18,1510.75,1511.75,673.25,667.75
2013/6/19,1523,1513,682.25,672
2013/6/20,1497.5,1521.25,673.25,679.75
2013/6/21,1493.25,1497,661.75,673
2013/6/24,1512,1489.75,653.25,660
2013/6/25,1525.25,1511.75,656.75,654
2013/6/26,1534.25,1524,664.5,658.5
2013/6/27,1548.5,1532.25,667.25,664
2013/6/28,1564.5,1547.5,679.25,668
2013/7/1,1570.5,1565.5,655.5,678.5
2013/7/2,1573,1570.75,672.75,652.5
2013/7/3,1583.5,1574,678.25,674
2013/7/4,1583.5,1574,678.25,674
2013/7/5,1588,1584.75,684.75,678
2013/7/8,1609.25,1585.5,691.75,684
2013/7/9,1613.25,1609.75,704,692
2013/7/10,1591.75,1617.75,709.75,703.75
2013/7/11,1601.25,1593.75,716.75,712
2013/7/12,1563.25,1595,701.5,718
2013/7/15,1453.75,1424,536.25,542.5
2013/7/16,1475.25,1456.75,545.25,540
2013/7/17,1477.5,1475.25,538.5,546.25
2013/7/18,1469.25,1475,541,537.5
2013/7/19,1490.75,1469,544,539.75
2013/7/22,1520.25,1491,540.75,544.25
2013/7/23,1462.5,1515,522.5,539.25
2013/7/24,1392.5,1460,508.25,522.5
2013/7/25,1355.25,1388.25,496,508.5
2013/7/26,1349.75,1353.5,492,495.25
2013/7/29,1367.5,1345.5,489.25,492
2013/7/30,1350,1370,495.5,489.75
2013/7/31,1374,1350,499,495.5
2013/8/1,1357.75,1371.75,487.5,499
2013/8/2,1331,1358,476,487.5
2013/8/5,1329.75,1332.5,469.25,473
2013/8/6,1324.25,1330,472.25,469
2013/8/7,1327.75,1323.25,468.25,472
2013/8/8,1355.75,1328,473.5,468
2013/8/9,1340.75,1354.75,465.75,473
2013/8/12,1373.75,1339.75,472,465.5
2013/8/13,1359.75,1374,455.25,472
2013/8/14,1368,1347,464.75,455.25
2013/8/15,1288.25,1271.75,481.5,465
2013/8/16,1283.25,1287.75,473.75,481
2013/8/19,1322,1296.5,493.25,483.25
2013/8/20,1309.25,1320.75,483.75,492.75
2013/8/21,1333,1308,498,483.5
2013/8/22,1322,1329.5,487.5,497
2013/8/23,1365.25,1326,495.5,487.5
2013/8/26,1427.75,1382.5,515.75,500.75
2013/8/27,1414,1425,499.75,515
2013/8/28,1433,1414.25,504.25,500
2013/8/29,1430,1435,497.25,503.75
2013/8/30,1424,1434.5,495,496.75
2013/9/2,1424,1434.5,495,496.75
2013/9/3,1435.5,1454,498,501.25
2013/9/4,1397.75,1432.75,494,497
2013/9/5,1423,1402.75,489.5,493.75
2013/9/6,1437,1428.75,491.5,489.25
2013/9/9,1404.25,1448.75,477.25,491
2013/9/10,1403.75,1390.75,474.75,475.5
2013/9/11,1405.25,1403,479.75,474.5
2013/9/12,1442,1410,479,479.75
2013/9/13,1488.75,1435,450,479.75
2013/9/16,1348.25,1374,456.5,457.5
2013/9/17,1342.5,1349,454,457
2013/9/18,1347.75,1341.5,456.25,454
2013/9/19,1339.5,1352.5,459.5,457
2013/9/20,1315.25,1340.5,451,459.5
2013/9/23,1307.75,1310,453.25,450
2013/9/24,1312.5,1306.5,448.75,452.5
2013/9/25,1321.75,1311.5,454.75,448.25
2013/9/26,1316.75,1320,456.75,454.5
2013/9/27,1319.75,1316.5,454,456.5
2013/9/30,1282.75,1312.75,441.5,452.5
2013/10/1,1268,1278.5,439,441.25
2013/10/2,1273.75,1267.5,439,438.75
2013/10/3,1288.25,1273,439.25,438.75
2013/10/4,1295,1286.25,443.25,439.5
2013/10/7,1296.5,1292.25,449.25,442.75
2013/10/8,1288.75,1296.25,441.75,448.5
2013/10/9,1287.75,1287.5,443.5,441.5
2013/10/10,1288,1286.5,438.25,443
2013/10/11,1266.75,1286,433.25,436.5
2013/10/14,1273,1263.75,437,432.75
2013/10/15,1267,1271,443.5,436.5
2013/10/16,1276.5,1267,442.75,443
2013/10/17,1293.25,1276.25,443,442
2013/10/18,1291.25,1291.25,441.5,442.5
2013/10/21,1303.25,1289,444,440.5
2013/10/22,1302.25,1300.75,438.25,443.25
2013/10/23,1310,1299,442.75,438
2013/10/24,1309.75,1309,440.25,442
2013/10/25,1300,1309,440,440
2013/10/28,1271.25,1300,430.75,439
2013/10/29,1279,1270,432,430.25
2013/10/30,1287.5,1279,430.25,431.5
2013/10/31,1280.25,1287,428.25,430
2013/11/1,1266,1280,427.25,427.75
2013/11/4,1264,1263,426.25,426.25
2013/11/5,1259.25,1264.75,425,425.5
2013/11/6,1263,1259,421.25,424.5
2013/11/7,1278.75,1263,420.5,421
2013/11/8,1306,1277.25,426.75,419.5
2013/11/11,1308,1305,434.75,427.25
2013/11/12,1319.25,1305.25,432.25,434.25
2013/11/13,1319.75,1319.25,429.75,432
2013/11/14,1317.25,1317.5,426.5,429.75
2013/11/15,1280.5,1312.75,422,426
2013/11/18,1287.5,1280,412,421.5
2013/11/19,1276.25,1285.5,417.75,411.75
2013/11/20,1273.75,1277,417,417.5
2013/11/21,1291.5,1275.25,423,417
2013/11/22,1319.5,1290.75,422.25,422.25
2013/11/25,1329.25,1318.5,424.75,422.5
2013/11/26,1329.25,1327,418.5,424.75
2013/11/27,1320,1327.5,417.25,418
2013/11/28,1320,1327.5,417.25,418
2013/11/29,1336.5,1328.5,415.25,418.75
2013/12/2,1321.25,1335.75,416.5,414.75
2013/12/3,1319.75,1320.75,422,416.5
2013/12/4,1329.5,1320,425.5,421.5
2013/12/5,1328,1328,422.75,425.5
2013/12/6,1325.5,1328,424,422.5
2013/12/9,1343.75,1324.75,428.5,424
2013/12/10,1338.25,1342.75,427.5,428
2013/12/11,1344,1339.25,431.25,427.5
2013/12/12,1323.75,1343,428.25,431.25
2013/12/13,1327.5,1323,420.5,430
2013/12/16,1337.75,1328,423.25,425.75
2013/12/17,1346.5,1336,426.75,423
2013/12/18,1324,1344,425,426
2013/12/19,1327,1325,430.5,425
2013/12/20,1339,1325.75,433.25,429.75
2013/12/23,1328.5,1343.5,434.25,433
2013/12/24,1333.75,1328.5,434.5,433.5
2013/12/25,1333.75,1328.5,434.5,433.5
2013/12/26,1318.75,1332,426.25,433
2013/12/27,1331.5,1318.75,427.5,426.25
2013/12/30,1328.25,1324.75,423.5,426.5
2013/12/31,1312.5,1327.75,422,423.5
2014/1/1,1312.5,1327.75,422,423.5
2014/1/2,1287,1312.5,420.5,422
2014/1/3,1289.25,1287,423.5,420.5
2014/1/6,1296.75,1291.25,427.75,423.5
2014/1/7,1299.5,1297,426,427
2014/1/8,1300.75,1299.25,417,425.25
2014/1/9,1296.25,1300.75,412,416
2014/1/10,1303.75,1297.25,432.75,411.5
2014/1/13,1326.75,1301.75,434.5,431.75
2014/1/14,1339,1327,431.5,433.5
2014/1/15,1318,1305.25,425.75,431
2014/1/16,1315,1316.5,428,425.75
2014/1/17,1316.5,1312.75,424,427
2014/1/20,1316.5,1312.75,424,427
2014/1/21,1280.5,1313,425,424
2014/1/22,1279.5,1279.75,426.25,425
2014/1/23,1277,1279.75,429,426
2014/1/24,1284.75,1275.75,429.5,428.5
2014/1/27,1287.75,1286,431.75,428.75
2014/1/28,1285.5,1287.25,432,431
2014/1/29,1269.25,1284.75,427.5,431.25
2014/1/30,1275,1269,433.5,427.5
2014/1/31,1282.75,1275.5,434,432.5
2014/2/3,1292.75,1281.75,435.75,433.5
2014/2/4,1313.25,1292.75,441.75,435.5
2014/2/5,1316.25,1312,443.25,441
2014/2/6,1325.75,1315.25,443,442.5
2014/2/7,1331.5,1324,444.25,442.5
2014/2/10,1325.5,1327,443,442.75
2014/2/11,1334.75,1323.25,441.5,442.75
2014/2/12,1323,1335,440,440.75
2014/2/13,1344.25,1323,440.5,439.75
2014/2/14,1337.5,1342.25,445.25,440.25
2014/2/17,1337.5,1342.25,445.25,440.25
2014/2/18,1361,1337.25,449.5,445
2014/2/19,1354.25,1360.5,453.75,448.5
2014/2/20,1358.25,1354,455.75,453.25
2014/2/21,1370.75,1358.5,453,455.5
2014/2/24,1386.5,1370.25,451.5,451.5
2014/2/25,1399,1384.25,455.75,451
2014/2/26,1407.25,1397,455.5,454.75
2014/2/27,1393.5,1405.25,448,455
2014/2/28,1414.25,1395.25,457.5,448
2014/3/3,1407.25,1418.5,464,459
2014/3/4,1418,1404,476.75,462.75
2014/3/5,1420,1421.5,475.25,475
2014/3/6,1437.5,1421.75,485.75,474.25
2014/3/7,1457.5,1436.5,481,485.25
2014/3/10,1419.25,1451.25,472,479
2014/3/11,1411.5,1415.25,478,471.75
2014/3/12,1381.75,1402,484.25,477.75
2014/3/13,1390.75,1382.25,484.25,483.75
2014/3/14,1376,1389,472.25,484.5
2014/3/17,1391.75,1388,479,484.5
2014/3/18,1418.25,1390,486.25,478.25
2014/3/19,1431.25,1416.5,487.75,485.75
2014/3/20,1433.75,1430.5,478.5,487
2014/3/21,1408.75,1433.5,479,478.5
2014/3/24,1425.5,1404.5,490,479
2014/3/25,1428,1425.75,486.5,489.5
2014/3/26,1440,1426,484.5,486
2014/3/27,1436.5,1439.5,492,484
2014/3/28,1436.5,1436,492,491
2014/3/31,1464,1433.5,502,490.25
2014/4/1,1484.5,1463,507.5,501.5
2014/4/2,1462.25,1483.25,495.75,506.75
2014/4/3,1475.25,1462.25,500,497
2014/4/4,1473.75,1474.75,501.75,498.5
2014/4/7,1464.25,1472.25,499.25,500.25
2014/4/8,1482.5,1464.25,507,498.5
2014/4/9,1495.25,1482.5,502.25,506.25
2014/4/10,1482.25,1494.75,501.25,502
2014/4/11,1463,1481.75,498.5,499
2014/4/14,1476.25,1462.25,503,498.25
2014/4/15,1501.25,1476.25,503.75,502.75
2014/4/16,1518.75,1500.25,497.5,502.5
2014/4/17,1514,1518,494.75,497.5
2014/4/18,1514,1518,494.75,497.5
2014/4/21,1498.75,1515,488.5,494
2014/4/22,1479.75,1502,496.25,489
2014/4/23,1468.5,1480,503.5,495.75
2014/4/24,1472,1468.5,501.25,502.75
2014/4/25,1498,1472,507,501.25
2014/4/28,1508.25,1502.25,507.75,506.25
2014/4/29,1524,1508.25,515.75,509
2014/4/30,1530.75,1525,514,515
2014/5/1,1473.5,1528,503.25,513.25
2014/5/2,1480.75,1475.75,494,503
2014/5/5,1472,1481.75,503.25,494
2014/5/6,1464,1470,513,503
2014/5/7,1451,1459.25,510.25,512
2014/5/8,1474.25,1451,513.25,510.75
2014/5/9,1501,1470,505,512
2014/5/12,1483.75,1497.25,497.5,503
2014/5/13,1502.25,1484,503.25,498
2014/5/14,1496.25,1503.75,494.75,503.25
2014/5/15,1470.25,1486,484.25,495.5
2014/5/16,1465,1469.25,483.5,484.5
2014/5/19,1485.25,1463.75,477.25,481.75
2014/5/20,1469.75,1484,473.5,477.75
2014/5/21,1505.25,1469,474.5,473.5
2014/5/22,1518.75,1505,476.75,474.5
2014/5/23,1515.5,1519,478,477.5
2014/5/26,1515.5,1519,478,477.5
2014/5/27,1488.75,1510.5,469.75,474.5
2014/5/28,1497.75,1488.25,472.5,469.75
2014/5/29,1499,1498,469.5,472.5
2014/5/30,1493.25,1501.5,465.75,469.75
2014/6/2,1500.5,1488,465.5,465
2014/6/3,1481.25,1497.5,458.25,463.25
2014/6/4,1482.5,1481.25,456.25,458.5
2014/6/5,1460.5,1482.5,449,457
2014/6/6,1457,1461,459,449
2014/6/9,1457,1458.25,451,457
2014/6/10,1462.5,1457,445.5,450.5
2014/6/11,1445.5,1461.75,441,445.5
2014/6/12,1415.25,1444,444,440.5
2014/6/13,1425.75,1415,447,444
2014/6/16,1421.75,1427.75,441,444.25
2014/6/17,1398.25,1421.5,438.75,440.75
2014/6/18,1409,1398.5,441.5,438.5
2014/6/19,1420.75,1409.5,450.5,441
2014/6/20,1415.75,1421.5,453.25,449.75
2014/6/23,1424.75,1423,444.5,453
2014/6/24,1413.5,1423,443,444.75
2014/6/25,1415.75,1413.75,441,443
2014/6/26,1437,1416.5,442.75,441.5
2014/6/27,1432,1433.5,443,442.25
2014/6/30,1400.5,1434.5,424.25,443
2014/7/1,1400,1400.5,422.75,423.75
2014/7/2,1392.5,1399.75,418.5,423
2014/7/3,1387.75,1395.5,417,418.75
2014/7/4,1387.75,1395.5,417,418.75
2014/7/7,1363,1386,409.25,412.25
2014/7/8,1329.75,1362.25,408.25,410.5
2014/7/9,1334.5,1325.75,404,408.75
2014/7/10,1329.75,1330,400.5,404
2014/7/11,1295.75,1329.75,399.75,400.5
2014/7/14,1295,1302.5,390.25,397.75
2014/7/15,1180.5,1194.25,374,381
2014/7/16,1187.25,1180.5,378.25,374
2014/7/17,1174.75,1189,379.5,378
2014/7/18,1176.75,1174,371.25,379
2014/7/21,1175.75,1173.75,364,369
2014/7/22,1184,1175,360.25,363.5
2014/7/23,1201,1183.25,362.5,360
2014/7/24,1207.5,1199.75,361.5,361.75
2014/7/25,1212.25,1206.5,363,361
2014/7/28,1236.5,1219,367.75,363
2014/7/29,1226.5,1240,361.5,367.5
2014/7/30,1220.5,1226.5,361.75,361
2014/7/31,1224.5,1219.75,357,360.5
2014/8/1,1215,1224.25,352.5,357
2014/8/4,1232.5,1212,358.75,351.5
2014/8/5,1222.75,1226.75,356.25,358
2014/8/6,1237,1222.75,363.25,355.75
2014/8/7,1250,1237,359.5,362
2014/8/8,1284.75,1249.75,351.75,358.75
2014/8/11,1314.75,1281,356.75,351
2014/8/12,1290,1315,358.5,355.5
2014/8/13,1264.5,1290,358,358
2014/8/14,1224.5,1255,362,357.75
2014/8/15,1102.5,1097.5,365.75,361
2014/8/18,1115.5,1101.75,360.75,365.5
2014/8/19,1120.25,1112.5,362.5,360
2014/8/20,1119.75,1119.25,359.5,361.5
2014/8/21,1136.25,1119.75,362.25,358.75
2014/8/22,1166,1137,365.5,361.25
2014/8/25,1125.75,1161.5,360,363.5
2014/8/26,1075.5,1123,356,359
2014/8/27,1085.75,1070,356,355
2014/8/28,1073.75,1085,361.75,355.25
2014/8/29,1089.5,1070.25,359,360
2014/9/1,1089.5,1070.25,359,360
2014/9/2,1097.25,1090.25,355.75,357.5
2014/9/3,1080.75,1091.75,341.25,355
2014/9/4,1064.25,1080,335.75,341.25
2014/9/5,1085.5,1068.5,346.5,336.25
2014/9/8,1090.75,1090,339.25,345
2014/9/9,1076.5,1090,336.25,338.75
2014/9/10,1071,1077,338.75,336
2014/9/11,1061.5,1071,331.75,338
2014/9/12,1091,1066,339,333.5
2014/9/15,989.5,976.75,343,337
2014/9/16,980.75,989.25,343.75,342.5
2014/9/17,982.5,980,341.75,343.25
2014/9/18,971.5,982.5,338.25,341
2014/9/19,957,971.25,331.5,338
2014/9/22,938.25,953,330.25,331
2014/9/23,936.25,936,325.5,329.5
2014/9/24,936.75,935,329.5,325.5
2014/9/25,922.75,936,326,329.25
2014/9/26,910.25,922,323,326
2014/9/29,923.5,907.25,325.75,322.25
2014/9/30,913.25,922,320.75,325.5
2014/10/1,916.75,911,321.25,320.25
2014/10/2,924.5,915.25,322.75,320.5
2014/10/3,912.25,924,323.25,322.75
2014/10/6,942.25,914,332.5,323.25
2014/10/7,940.75,941,340.5,331.75
2014/10/8,935,939,343.25,340
2014/10/9,942,934,344.75,342.5
2014/10/10,922.5,939.5,334,343.25
2014/10/13,945.25,920,346,333.5
2014/10/14,964.75,943.75,357,345.5
2014/10/15,952.5,962.5,347.5,356
2014/10/16,966.5,949.5,352.25,347.75
2014/10/17,951.75,966,348,351.75
2014/10/20,944.25,950,348.25,345.25
2014/10/21,964.25,944,356,347.5
2014/10/22,962.75,961.25,353,355.5
2014/10/23,993.25,960.75,359.75,352
2014/10/24,977.5,991.5,353,359.25
2014/10/27,1006,973.5,363,351.75
2014/10/28,1008,1004.25,364.5,362.5
2014/10/29,1043,1005,375.25,364.25
2014/10/30,1024.25,1042.5,374,374.75
2014/10/31,1046.5,1023,376.75,372.75
2014/11/3,1028.75,1043,373.5,374.5
2014/11/4,1010,1027.25,364.5,372.5
2014/11/5,1020.5,1009.75,370.25,364
2014/11/6,1031,1020.5,371.25,369.5
2014/11/7,1040.25,1031,367.5,370
2014/11/10,1027.5,1040.25,369.25,366
2014/11/11,1066.5,1025.75,373.75,368.25
2014/11/12,1048.25,1067.25,377.75,373.5
2014/11/13,1050.5,1048.5,386.25,377
2014/11/14,1021,1046.5,381.75,385.5
2014/11/17,1036.25,1023,377.5,381.5
2014/11/18,1023.25,1036.75,372,377.5
2014/11/19,1004.75,1024,363.25,371.75
2014/11/20,1020.5,1005.75,373.25,363
2014/11/21,1039,1020.5,372.75,372.75
2014/11/24,1033.75,1036.25,367.5,372.25
2014/11/25,1051,1033.75,374.25,367.5
2014/11/26,1047,1049.25,378.25,374
2014/11/27,1047,1049.25,378.25,374
2014/11/28,1016,1041,375.75,377
2014/12/1,1017,1010.75,375.5,374
2014/12/2,995.75,1017,367.75,375.25
2014/12/3,998.25,995.5,368.75,367.5
2014/12/4,1010.5,998.5,376,368.5
2014/12/5,1036,1009.75,381.5,375.25
2014/12/8,1043.75,1035,377.5,380.5
2014/12/9,1049.25,1043,383,377.25
2014/12/10,1032,1047.75,382.5,382.5
2014/12/11,1042.25,1032.75,390,382.5
2014/12/12,1047.25,1039,396.25,389.75
2014/12/15,1039.5,1050,408.5,407.5
2014/12/16,1023.5,1034.25,406,407.75
2014/12/17,1027,1022.5,408.25,405.75
2014/12/18,1035,1027,411,408
2014/12/19,1030.5,1034.75,410.5,410.75
2014/12/22,1038.25,1029,411.75,409.75
2014/12/23,1038.5,1036.5,414,411
2014/12/24,1028.75,1036.5,407.75,413.5
2014/12/25,1028.75,1036.5,407.75,413.5
2014/12/26,1047.5,1028.5,414.75,410.25
2014/12/29,1041.75,1045.75,412.75,414
2014/12/30,1037.75,1041.5,406.5,411.75
2014/12/31,1019.25,1035.5,397,406
2015/1/1,1019.25,1035.5,397,406
2015/1/2,1002.5,1017.75,395.75,396.25
2015/1/5,1039.75,1002.5,406,395.75
2015/1/6,1051,1037.5,405,405.5
2015/1/7,1052.75,1049.75,396.25,404.75
2015/1/8,1045,1051.5,394.25,396.5
2015/1/9,1051.5,1044.25,400.25,394.75
2015/1/12,1013.5,1047,402,399
2015/1/13,1000,1017.5,385.75,402
2015/1/14,992.5,1003.5,381,386
2015/1/15,991,1014.5,380,382.75
2015/1/16,991.75,991.25,387,380.5
2015/1/19,991.75,991.25,387,380.5
2015/1/20,982,982,390.25,385.25
2015/1/21,983.5,983.5,388,390
2015/1/22,976.75,984.25,383.75,387.75
2015/1/23,972.75,977,386.75,384
2015/1/26,983.5,971.75,384,385.75
2015/1/27,973.75,982.25,381.25,383.5
2015/1/28,970.25,972.75,373.25,380.75
2015/1/29,968.25,969.5,371.5,373.5
2015/1/30,961,968,370,372.75
2015/2/2,959.5,961,369.75,369.75
2015/2/3,987,959.75,385.75,370
2015/2/4,972,985.25,383.5,385
2015/2/5,981.25,970,385.25,382.5
2015/2/6,973.5,981.25,385.75,385
2015/2/9,978.5,973.5,391.25,385.25
2015/2/10,969,978.25,388,390.75
2015/2/11,977.75,970.75,385.75,388
2015/2/12,983.75,977.25,383,385.25
2015/2/13,990.5,982.75,387.25,383
2015/2/16,990.5,982.75,387.25,383
2015/2/17,1007.75,992,389.5,387
2015/2/18,995.75,1007,383.75,389
2015/2/19,1007.25,995.25,389.75,383.75
2015/2/20,999.25,1006.75,385.25,389
2015/2/23,999.25,1000.5,378.75,385.25
2015/2/24,1016,999.25,377.5,379
2015/2/25,1007.75,1015,375.75,378
2015/2/26,1024,1007.5,380,376
2015/2/27,1030.75,1023,384.5,379
2015/3/2,1011.25,1029.75,378.75,383
2015/3/3,1008.75,1011.75,382,379
2015/3/4,989,1008.75,381.5,382
2015/3/5,979.25,990,382.75,381.25
2015/3/6,979.25,979,379.25,381
2015/3/9,988.25,983,383.25,379.25
2015/3/10,980,987.25,382.25,383
2015/3/11,989,979,384,382.25
2015/3/12,986.5,989,382.25,384
2015/3/13,968.25,986.5,374,383.25
2015/3/16,969.25,972.5,379,380.75
2015/3/17,954.5,968,371,379
2015/3/18,965,954.5,374.75,371.5
2015/3/19,961.75,969.25,373.5,377.5
2015/3/20,973.75,961.75,385,373.5
2015/3/23,983.5,974.5,390.25,385
2015/3/24,981.75,983.75,393.25,389.25
2015/3/25,978.75,982.75,395,392.75
2015/3/26,974.5,977,391.25,394
2015/3/27,967.25,974,391,391
2015/3/30,967.75,968,394.5,391.5
2015/3/31,973.25,967,376.25,394
2015/4/1,989.75,973.25,381.75,377
2015/4/2,986,988,386.5,381.75
2015/4/3,986,988,386.5,381.75
2015/4/6,978.5,985,385,386.25
2015/4/7,971,977.75,383,385
2015/4/8,971.5,971,379.25,383.25
2015/4/9,953.5,971.25,378,379
2015/4/10,951.5,954,377,378.25
2015/4/13,948.75,948,370.5,375
2015/4/14,960.25,948.75,373.5,371
2015/4/15,965,959.25,376,372.75
2015/4/16,966,964,376.25,375.75
2015/4/17,968.75,965.25,379.75,376.25
2015/4/20,977.5,968,378,379.5
2015/4/21,975.25,976.75,373,377
2015/4/22,970.5,973.75,372.5,373
2015/4/23,978.25,971.25,370.75,372.5
2015/4/24,969.75,978,364.5,371
2015/4/27,973,968,360.75,363.75
2015/4/28,977.5,972,361,360.5
2015/4/29,988.5,977,363.75,361
2015/4/30,978.5,989,362.5,364.25
2015/5/1,968.5,979.75,359.75,362.5
2015/5/4,983,968,358.75,359
2015/5/5,993.5,982.5,361.25,357.75
2015/5/6,990.5,993.25,366.5,361.75
2015/5/7,981.5,990.5,357.75,365.5
2015/5/8,984.5,982.75,358.5,357.75
2015/5/11,983,983,358.25,359
2015/5/12,967,982,357,358.25
2015/5/13,975,974.5,356,356.25
2015/5/14,963,976.75,361,356.75
2015/5/15,953.25,957.25,365.5,367.75
2015/5/18,954.5,953.25,368,365.25
2015/5/19,946.25,953.25,362,367.25
2015/5/20,941.25,946.25,360,362.25
2015/5/21,938.5,941.25,365,360
2015/5/22,924.25,938,360,364
2015/5/25,924.25,938,360,364
2015/5/26,922.5,923.75,355,361
2015/5/27,927,922,349.5,355
2015/5/28,926,927,353.5,349.5
2015/5/29,934,926,351.5,353.25
2015/6/1,926,931,352.25,350.5
2015/6/2,940.75,926,359,352
2015/6/3,935.25,941.5,359,359
2015/6/4,946.5,934.75,363.5,358.5
2015/6/5,937.75,944.5,360.5,362.75
2015/6/8,944.25,938.25,365.25,360.5
2015/6/9,951.5,946,365,364.75
2015/6/10,949.5,951.5,357.25,364.75
2015/6/11,940,947.25,356.5,357.5
2015/6/12,940,939,353,356
2015/6/15,937.75,940,348.25,353
2015/6/16,957.5,939,354,349
2015/6/17,969,957.5,359.25,353.75
2015/6/18,977.75,967,358,359
2015/6/19,971.5,976,353.25,357.75
2015/6/22,989.5,972.5,360,352.75
2015/6/23,987.5,989.5,367.5,361
2015/6/24,981.75,987.25,366.5,367
2015/6/25,1000.25,981,376.5,366
2015/6/26,1002,999,385,376
2015/6/29,1002.5,997.25,383.25,383.75
2015/6/30,1056.25,1000.5,414,383.25
2015/7/1,1044,1053.5,413.75,411
2015/7/2,1045.25,1041.75,419.75,413
2015/7/3,1045.25,1041.75,419.75,413
2015/7/6,1033.75,1037,418.5,417.75
2015/7/7,1002,1029,415.75,412.5
2015/7/8,1006.25,1008.25,416.25,414.75
2015/7/9,1037.75,1008.75,421.25,416.5
2015/7/10,1043.5,1037.25,427.25,420
2015/7/13,1045.25,1044.5,433.5,427
2015/7/14,1039,1052.5,424,433.75
2015/7/15,1025,1030,429.5,427
2015/7/16,1019,1027.25,430,430.25
2015/7/17,1014.75,1016.5,420.25,428
2015/7/20,1007.75,1012,405,418.5
2015/7/21,1018.75,1011,406.5,406.5
2015/7/22,1020.75,1018.75,402.75,407.25
2015/7/23,1010,1021.25,403.25,403.5
2015/7/24,991.25,1010.5,392.5,403.25
2015/7/27,961.25,988,373,389
2015/7/28,974.75,963,375,373.5
2015/7/29,983,976.75,367.75,377.5
2015/7/30,990.25,982,373.25,367.75
2015/7/31,980.75,993,371,374.75
2015/8/3,977.5,978,366.5,370
2015/8/4,976,977.5,368.75,368
2015/8/5,991.75,974.5,372.75,368.75
2015/8/6,985.5,991,369.75,372.5
2015/8/7,1009,982,372.75,370
2015/8/10,1044.75,1010.5,390.25,374
2015/8/11,1014,1039,376.5,388.5
2015/8/12,951,1018.75,357.25,377
2015/8/13,993,953,363.75,358.25
2015/8/14,978.5,991.25,364,363.75
2015/8/17,927,920,363.25,363.5
2015/8/18,913.25,925.25,366.25,363
2015/8/19,903.5,913,367.25,366
2015/8/20,921.5,904.75,371,367
2015/8/21,905.25,920,365.25,370.25
2015/8/24,892.75,899.5,368.75,365
2015/8/25,894.25,893,365.5,368
2015/8/26,877.75,893.25,361.75,365.25
2015/8/27,886.25,879.5,363.75,362.5
2015/8/28,893.25,887.25,363.25,362.5
2015/8/31,897.5,894.25,363.75,362.25
2015/9/1,884.75,891.75,356,362.5
2015/9/2,883.75,882.5,354,356.75
2015/9/3,879.75,883.75,347.75,354
2015/9/4,877.25,879.75,349.5,348
2015/9/7,877.25,879.75,349.5,348
2015/9/8,890.75,884,355,354.25
2015/9/9,882.75,888.25,356.5,353.25
2015/9/10,884.5,882.75,361.75,356
2015/9/11,887.75,886,374.5,361.75
2015/9/14,882.75,887.25,379,377.5
2015/9/15,889,886.5,390.5,392.75
2015/9/16,887.25,889,386,390
2015/9/17,884.5,886.75,379.75,385.25
2015/9/18,867.25,883.75,377.25,380
2015/9/21,874.25,868,384.5,376.5
2015/9/22,861.75,871.25,380.5,384
2015/9/23,863.75,861.25,383.25,379.5
2015/9/24,868,863,381.5,382.75
2015/9/25,889.25,869,389,381.25
2015/9/28,876.75,888,386.75,388.75
2015/9/29,884.25,876.25,389,387.25
2015/9/30,892,883.5,387.75,389
2015/10/1,877.25,891.5,388.75,387.75
2015/10/2,874.25,877,389.25,388
2015/10/5,884.25,874,393.5,389.25
2015/10/6,888,879.25,398.25,392.75
2015/10/7,891,887.25,395.75,397.5
2015/10/8,881.25,890,391.25,394.75
2015/10/9,885.75,880.5,382.75,391
2015/10/12,887.5,885.5,380.75,381.5
2015/10/13,914,886.25,384.5,381
2015/10/14,910.5,912,379,384.5
2015/10/15,905.25,909,375.5,378.75
2015/10/16,898.25,904.25,376.75,375.5
2015/10/19,891,897.5,373,377.25
2015/10/20,896,890.25,376.75,372.75
2015/10/21,905.25,896,380.75,377
2015/10/22,898.75,905,378.25,380.25
2015/10/23,895.5,898.75,379.75,377.75
2015/10/26,885,895,384.5,380
2015/10/27,891.25,885.75,380,384
2015/10/28,881.5,890.5,376,379.75
2015/10/29,878.75,881,380,376
2015/10/30,883.75,877,382.25,379.75
2015/11/2,877.75,883.75,376.5,381.25
2015/11/3,878.5,878.5,380.5,376.5
2015/11/4,882,878.5,380.5,379.5
2015/11/5,867.75,882.5,374.5,379.5
2015/11/6,871.25,868,373,374.75
2015/11/9,873.5,872,366.75,372.75
2015/11/10,864.5,875,359,367
2015/11/11,868.5,865.75,362.25,360.5
2015/11/12,869.25,869.75,362,361.75
2015/11/13,859,871.75,358.25,361.5
2015/11/16,859.5,854.25,360,358.25
2015/11/17,864,859.5,362,360
2015/11/18,857.75,864,361.75,362
2015/11/19,860,858,364.25,361.75
2015/11/20,857.5,860,363.25,363.5
2015/11/23,864.25,855,367.25,362.5
2015/11/24,863.75,864,364.25,367
2015/11/25,875.25,863,366,364.25
2015/11/26,875.25,863,366,364.25
2015/11/27,873,874.25,359.25,365.25
2015/11/30,881,873,365,359.75
2015/12/1,889.25,881,367,365.25
2015/12/2,892.25,889,364,367
2015/12/3,897.5,891,370.25,363.75
2015/12/4,906,897,376.25,370
2015/12/7,882.25,906,368.5,375.75
2015/12/8,876.75,886,370,369
2015/12/9,876.75,877,371.75,370.75
2015/12/10,878.25,877,377.25,372.5
2015/12/11,870.75,878.25,373,377
2015/12/14,874.25,870.75,381.75,373.5
2015/12/15,867.25,873.5,377.25,378.25
2015/12/16,862.5,867,369.75,377
2015/12/17,877,860,374.25,370.25
2015/12/18,892.25,876,374.5,374.25
2015/12/21,891.25,892,372,374
2015/12/22,885.25,891,366.25,372
2015/12/23,881.75,885,365.5,366.5
2015/12/24,875.25,882.75,364.5,365
2015/12/25,875.25,882.75,364.5,365
2015/12/28,865,873,361,363.75
2015/12/29,870,866.5,362.5,361
2015/12/30,875.5,870,359,362.5
2015/12/31,871.25,875,358.75,358.5
2016/1/1,871.25,875,358.75,358.5
2016/1/4,864.5,870.75,351.5,359.5
2016/1/5,867.75,866.25,353,352.75
2016/1/6,875.75,867,353.25,353.5
2016/1/7,877,875.75,353,353.25
2016/1/8,879.5,877.5,357,353
2016/1/11,881,880,351.75,357
2016/1/12,890.75,881.5,356.75,352
2016/1/13,899,892,358,356
2016/1/14,896,897,358,357.75
2016/1/15,879,882.25,363.25,358
2016/1/18,879,882.25,363.25,358
2016/1/19,883.5,881,367.75,364
2016/1/20,874,882,368.75,367.5
2016/1/21,878.5,874.5,367,368.75
2016/1/22,876.5,879,370.25,366.75
2016/1/25,880.5,876.5,369.75,370
2016/1/26,876.5,879.75,369.25,369.25
2016/1/27,883,876,369.25,368.75
2016/1/28,867.75,882.5,365.5,368.75
2016/1/29,882.25,868.75,372,365.25
2016/2/1,880.75,883,371.25,371
2016/2/2,886.25,880.25,372.5,371.25
2016/2/3,876.75,885.5,371,372
2016/2/4,874.5,878,368.5,371
2016/2/5,867.5,875.75,365.75,369
2016/2/8,862.5,867.5,362.25,366
2016/2/9,863.25,862.75,361,362.25
2016/2/10,862.25,863.5,360.25,361
2016/2/11,873.5,862.25,360.25,360
2016/2/12,872.75,873,358.75,361
2016/2/15,872.75,873,358.75,361
2016/2/16,879.75,875.5,363,359.75
2016/2/17,882.5,879,367.25,362.75
2016/2/18,879.75,882.25,365.5,367
2016/2/19,878.25,879.5,365.5,365.25
2016/2/22,881,881.75,367.5,366.5
2016/2/23,869.25,880,362,367
2016/2/24,867.5,869.25,359.75,362
2016/2/25,859,867,355.5,359.75
2016/2/26,855,860,354.5,355.5
2016/2/29,853,854,353.5,355
2016/3/1,850.75,853,353.75,353.5
2016/3/2,854.25,850.25,354.5,353.75
2016/3/3,856.25,855,353.75,354
2016/3/4,870.5,860.5,354.5,354
2016/3/7,873.5,875,355,357.5
2016/3/8,877.5,872,358.75,355
2016/3/9,880,880,359,358.75
2016/3/10,881.75,880,362.5,358.5
2016/3/11,888,882.75,366,362.5
2016/3/14,888,889,366.75,366
2016/3/15,892,894.75,368.5,367.75
2016/3/16,894.5,891.5,368.25,367.75
2016/3/17,897.75,895,368.5,368.25
2016/3/18,897.5,897,367,368
2016/3/21,902,895,369.5,366.5
2016/3/22,910.25,901.5,370,369
2016/3/23,905.25,909.5,368.5,369.75
2016/3/24,910.5,905.25,370,368.75
2016/3/25,910.5,905.25,370,368.75
2016/3/28,909,911,370.5,369.5
2016/3/29,916,908.25,373,370.5
2016/3/30,909,915.25,367,372.5
2016/3/31,910.75,908.5,351.5,366.75
2016/4/1,918.25,909.25,354,351.75
2016/4/4,913.5,918.5,354.5,353.75
2016/4/5,904.75,911.5,356.75,354.5
2016/4/6,908,904.25,358,356.75
2016/4/7,904.5,908,361.5,357.75
2016/4/8,916.75,905.25,362.25,361.5
2016/4/11,928.25,916.25,356.75,362
2016/4/12,936.25,927.5,362.75,357
2016/4/13,955.75,938,373.5,363
2016/4/14,948,955.25,374,373
2016/4/15,956,947.5,378.5,373.5
2016/4/18,954.25,955,381,375.25
2016/4/19,985.5,954.25,384.5,380
2016/4/20,1009.75,981.5,394.75,384.5
2016/4/21,1018.75,1007.75,384.5,394
2016/4/22,987,1016.75,371.75,384.25
2016/4/25,999.75,985,377,371.25
2016/4/26,1017.75,999.25,382.25,377.25
2016/4/27,1019,1017,380.75,382
2016/4/28,1018,1015.5,387,379.75
2016/4/29,1021,1015.25,390.25,387
2016/5/2,1035.5,1021.5,390.25,388.75
2016/5/3,1021.5,1035,378.25,390.25
2016/5/4,1024.5,1017,373.25,376.5
2016/5/5,1003.5,1027.25,371.75,374.5
2016/5/6,1026.25,1002,376,372.25
2016/5/9,1018.75,1031.25,367.75,379.5
2016/5/10,1076,1018.5,378.5,367.75
2016/5/11,1069.75,1072.25,374,378.5
2016/5/12,1064.5,1070,385.25,374.75
2016/5/13,1055,1056.5,382,380.25
2016/5/16,1064.5,1063,394,390.25
2016/5/17,1080.25,1063.75,397,392.5
2016/5/18,1075.25,1079.5,399.5,397
2016/5/19,1071.5,1073.75,390,397.5
2016/5/20,1074.25,1071.75,394.5,390
2016/5/23,1058.5,1074.25,397.75,394
2016/5/24,1054.75,1057.5,397.5,397.25
2016/5/25,1085.5,1056.75,404.75,396.5
2016/5/26,1079.75,1084.75,408.25,404
2016/5/27,1086.5,1079,412.75,408
2016/5/30,1086.5,1079,412.75,408
2016/5/31,1078.5,1086,404.75,412.5
2016/6/1,1099.75,1078.75,413.75,404.25
2016/6/2,1144.25,1101.25,415.25,413.75
2016/6/3,1132,1142,418.25,414
2016/6/6,1138.25,1143.25,427.25,419.75
2016/6/7,1141.25,1136.75,427.75,426.25
2016/6/8,1177.75,1140.25,431.25,427.25
2016/6/9,1176,1177,426.5,430.25
2016/6/10,1178.25,1174.5,423,426.5
2016/6/13,1169,1191.75,430,427.5
2016/6/14,1169.5,1168,436.5,429.5
2016/6/15,1156,1171.25,429,435.75
2016/6/16,1134.5,1155.5,425.25,426.25
2016/6/17,1159.5,1133.75,437.75,425
2016/6/20,1143.5,1153.5,421.25,435.5
2016/6/21,1133.25,1145,396.25,420.5
2016/6/22,1137.5,1131.5,393,396.5
2016/6/23,1124.5,1139,387.25,392
2016/6/24,1103,1124.75,384.5,387.5
2016/6/27,1133,1104.25,385.25,384.25
2016/6/28,1150.5,1130.5,385.25,383
2016/6/29,1144.5,1148.25,372.75,385.5
2016/6/30,1175,1145,358.75,375
2016/7/1,1168.75,1175,353,360.75
2016/7/4,1168.75,1175,353,360.75
2016/7/5,1117,1150.25,344,348
2016/7/6,1106.25,1115,335.75,344.75
2016/7/7,1054.25,1111.25,335.5,338.5
2016/7/8,1089.75,1054,349.75,337.25
2016/7/11,1082.75,1105,343.75,354.25
2016/7/12,1107.25,1080,349.75,343
2016/7/13,1128,1112.25,365.75,353
2016/7/14,1111.5,1133.5,362.25,369.5
2016/7/15,1072.5,1083,352.25,356.5
2016/7/18,1078.25,1062,357,352.25
2016/7/19,1044,1076.5,341.75,356.5
2016/7/20,1027,1047,337.5,344.25
2016/7/21,1032.5,1026,334.25,337.75
2016/7/22,1006.5,1034.25,335,334.5
2016/7/25,983.75,998.25,334.75,335
2016/7/26,993.5,984,332.5,333.5
2016/7/27,1010.5,994,335.75,332.5
2016/7/28,1003.5,1012.5,331.25,335.75
2016/7/29,1032.5,1005.25,334.5,331.25
2016/8/1,996,1024.5,325.75,332.5
2016/8/2,985.25,994.25,324.25,325.25
2016/8/3,990.5,987,325,323.75
2016/8/4,990.5,990,320.75,325
2016/8/5,1003.75,990.5,324.25,320.5
2016/8/8,1018.75,1012.5,325.25,324.25
2016/8/9,1022,1018,322.25,325.25
2016/8/10,1017,1027,322.5,322
2016/8/11,1022.25,1022.25,321,322.25
2016/8/12,1003.25,1023.5,322.25,320.5
2016/8/15,1023.75,998.5,326.5,321.25
2016/8/16,1019.5,1022.25,327.5,326.75
2016/8/17,1030.5,1020.75,330.25,327.25
2016/8/18,1032.25,1037,332,330
2016/8/19,1027,1032.5,334.25,332.25
2016/8/22,1035.25,1025.5,333.25,333.75
2016/8/23,1034.25,1030.5,328.5,333
2016/8/24,1030.75,1033.5,327.5,328.25
2016/8/25,998.25,1029.75,323.5,327
2016/8/26,990.75,996.5,316.25,323.5
2016/8/29,983.25,991.75,311.75,316.25
2016/8/30,965.5,984,304,311.75
2016/8/31,960,966.5,301.5,304
2016/9/1,959,960.25,311,302
2016/9/2,968.5,960,316.5,311
2016/9/5,968.5,960,316.5,311
2016/9/6,974.25,969,316.75,316
2016/9/7,991.75,980.5,321,316.25
2016/9/8,992,994.5,327,322
2016/9/9,997.25,989.5,330,326.5
2016/9/12,984.5,990.25,329.25,329.25
2016/9/13,968.25,982.5,319.25,329.25
2016/9/14,972,971.75,322.25,320.5
2016/9/15,950.5,943,330,331.5
2016/9/16,966,949,337,329
2016/9/19,972.5,970.5,337.25,337.25
2016/9/20,989.75,973.5,340.5,336
2016/9/21,975.5,988.25,340,339
2016/9/22,976.5,975,336.75,339.25
2016/9/23,955,975,336.5,336
2016/9/26,945.25,951.5,329,334
2016/9/27,952.5,946.75,331.75,329.25
2016/9/28,945.5,951.75,329.25,331.75
2016/9/29,950.25,947,329.25,329.75
2016/9/30,954,950,336.75,329
2016/10/3,973,952.5,346,336.25
2016/10/4,963.5,970.75,348.25,345
2016/10/5,956.75,963.5,347.75,347.75
2016/10/6,958.5,956,340.5,347.25
2016/10/7,956.75,958.75,339.75,340.75
2016/10/10,954.5,955.75,343.25,339.5
2016/10/11,954.25,953.5,345.5,343
2016/10/12,945.5,953,337,345
2016/10/13,956.25,946,349.5,337.5
2016/10/14,962.5,955.5,354.25,349.5
2016/10/17,978.25,961.75,354,353
2016/10/18,972.5,977.5,353.75,354.25
2016/10/19,981.5,972,357.5,353.5
2016/10/20,975.5,981.25,351,357.5
2016/10/21,983,976.25,352.5,351.25
2016/10/24,992,982.75,348.25,351.5
2016/10/25,990.75,991.25,349.25,348.25
2016/10/26,1010,990.25,354,349.25
2016/10/27,1014.25,1008.5,357.5,353.75
2016/10/28,1001.25,1013,355,357.5
2016/10/31,1002.25,1002,354.75,355
2016/11/1,984.25,1002,349,354.75
2016/11/2,976.75,983,346.25,348.75
2016/11/3,979.75,976.5,348,346.25
2016/11/4,981.5,980.5,348.75,348
2016/11/7,989.25,981.75,346.25,348
2016/11/8,1001.75,989.5,354.25,346
2016/11/9,982,1000,340.75,353
2016/11/10,989,982.25,343.5,341.5
2016/11/11,978.5,997,340.25,343.25
2016/11/14,971,980.75,337.25,340.5
2016/11/15,989.5,985.5,341.5,337
2016/11/16,985.75,993.25,338.5,341.5
2016/11/17,989.5,985.25,342,339
2016/11/18,993.75,989,345.5,342
2016/11/21,1020.25,995.5,349.75,345.25
2016/11/22,1030,1020,351,349.5
2016/11/23,1034.25,1030.25,350.75,350.25
2016/11/24,1034.25,1030.25,350.75,350.25
2016/11/25,1046,1032,349.25,349.75
2016/11/28,1056,1043.25,348.5,349.25
2016/11/29,1042.5,1055,336.75,348
2016/11/30,1032.25,1043,336.75,337.25
2016/12/1,1029.75,1033.5,331.75,337
2016/12/2,1027.5,1033,337.5,332.75
2016/12/5,1043.5,1030.5,349.5,337.5
2016/12/6,1047.75,1042.5,351,348.25
2016/12/7,1049,1047,350.5,350.25
2016/12/8,1027,1049,346.5,350.25
2016/12/9,1037.5,1026,352.5,349
2016/12/12,1031,1041.75,354.5,352.25
2016/12/13,1028,1031.25,356.25,355.25
2016/12/14,1023.75,1027.25,351.75,356.75
2016/12/15,1029,1023.5,356.5,361.5
2016/12/16,1036.75,1029.25,356.25,356
2016/12/19,1021.5,1034,353.25,356
2016/12/20,1005.25,1021.25,350.25,353.25
2016/12/21,1006.75,1005.25,347.25,350
2016/12/22,994.5,1007.75,347.25,347.25
2016/12/23,989,994.25,345.75,347
2016/12/26,989,994.25,345.75,347
2016/12/27,1014.75,989.75,355,346.5
2016/12/28,1006.75,1014,348.25,354.25
2016/12/29,1003.25,1006.5,349.75,348.25
2016/12/30,996.5,1003.5,352,349.5
2017/1/2,996.5,1003.5,352,349.5
2017/1/3,986.75,996,355.75,352
2017/1/4,1006.25,986,359.75,355
2017/1/5,1003.5,1005.5,361.25,359.5
2017/1/6,986,1003.5,358,360.75
2017/1/9,996.5,986.25,360,359
2017/1/10,1005.5,993.75,358.25,359.25
2017/1/11,1003,1004.5,357.25,357.75
2017/1/12,1032,1002.75,358.25,357
2017/1/13,1042.5,1029.5,358.5,357.5
2017/1/16,1042.5,1029.5,358.5,357.5
2017/1/17,1069.25,1054,365.5,359
2017/1/18,1075,1068,365,364.5
2017/1/19,1070.25,1073,366.25,364
2017/1/20,1067.5,1070,369.75,366
2017/1/23,1057.75,1067.5,369.5,369.5
2017/1/24,1058.5,1059.75,363.25,369.25
2017/1/25,1055.25,1057,366.25,363.25
2017/1/26,1049.5,1055.5,363.75,366
2017/1/27,1049.25,1047,362.5,363.25
2017/1/30,1022.75,1044,357.75,361.5
2017/1/31,1024.5,1023,359.75,358.5
2017/2/1,1036.75,1024.5,368.25,360
2017/2/2,1037.25,1037.25,367.5,367.5
2017/2/3,1027,1036.75,365.25,365.75
2017/2/6,1036,1027,363.75,364
2017/2/7,1042.75,1038.25,368.5,363.75
2017/2/8,1058.75,1041.75,370.75,368
2017/2/9,1050.5,1057,369.5,369.5
2017/2/10,1059,1050,374.5,368.5
2017/2/13,1054.25,1059.25,375.5,373.5
2017/2/14,1045,1055,374.25,375
2017/2/15,1061.25,1045.25,378.75,374
2017/2/16,1043.75,1060.25,373.5,378
2017/2/17,1032.5,1043,368.25,373.25
2017/2/20,1032.5,1043,368.25,373.25
2017/2/21,1026.25,1033.25,369.25,368.5
2017/2/22,1022.75,1027.25,371,369.25
2017/2/23,1011.5,1023,365.5,370.5
2017/2/24,1013.5,1012.25,364,365.75
2017/2/27,1011,1015.5,360.25,364.25
2017/2/28,1025,1013,366.75,361.5
2017/3/1,1041.25,1025.25,375.75,366.25
2017/3/2,1026.75,1039.75,372.75,375
2017/3/3,1027,1027.5,374.75,371.75
2017/3/6,1026.75,1027.5,372.75,375.5
2017/3/7,1014.75,1026.75,369.5,373
2017/3/8,1011,1014,365.25,369.25
2017/3/9,1000.25,1009,359.75,366
2017/3/10,996.25,999.5,358,360.25
2017/3/13,996.25,996.25,354.5,358
2017/3/14,987.25,996.5,353.75,354
2017/3/15,998,998.75,363.5,362.25
2017/3/16,1001.5,1000,366,363.5
2017/3/17,1000,1001.5,367.5,366.25
2017/3/20,999.5,1003.75,363.5,369
2017/3/21,1001.5,1000,361.25,363.5
2017/3/22,999.75,1001,358.75,361.25
2017/3/23,991,999.25,356.75,358.5
2017/3/24,975.75,990.5,356.25,357
2017/3/27,971.5,976,355.75,356.75
2017/3/28,972,971.25,357.75,356
2017/3/29,969,970.5,358.5,357.25
2017/3/30,963,969.5,357.5,358.25
2017/3/31,946,961.75,364.25,358
2017/4/3,938.25,946.25,367.75,365.75
2017/4/4,937.75,939.25,363,367
2017/4/5,944.25,937.5,364.75,363
2017/4/6,941.5,944,360.75,364.25
2017/4/7,942,938.5,359.5,360.5
2017/4/10,941.75,944.25,367,360
2017/4/11,939.25,941.75,366.5,366
2017/4/12,947.75,942.25,369,366.5
2017/4/13,955.5,947.25,371,368.75
2017/4/14,955.5,947.25,371,368.75
2017/4/17,953.25,958.75,366.5,371
2017/4/18,946,952.5,361.75,366.5
2017/4/19,950.25,947,361.75,361.25
2017/4/20,946.75,950,357.75,361.75
2017/4/21,951,946,357,357.5
2017/4/24,961.25,951.5,359.25,358
2017/4/25,954.5,959,365,359.25
2017/4/26,945.75,955,359,365
2017/4/27,945.75,944.5,362,358.75
2017/4/28,945.25,945,358,360
2017/5/1,959,950,369.25,363
2017/5/2,958,958.5,364,367.25
2017/5/3,965.5,959.5,366.25,363.5
2017/5/4,965.25,965.25,358,367
2017/5/5,963,965.5,361.75,359
2017/5/8,956.25,962.5,356.75,360.5
2017/5/9,965.25,956.25,358.25,358.25
2017/5/10,961.75,965.25,365.25,358.75
2017/5/11,956,962.5,360.5,364.25
2017/5/12,954,953.5,361.75,361
2017/5/15,965.25,962.5,367.75,370.5
2017/5/16,976.25,964.75,367.75,367.25
2017/5/17,975.75,975.5,371.5,367
2017/5/18,944.75,972.5,366,371.5
2017/5/19,953,945.5,372.5,366
2017/5/22,956.5,953,375,372.75
2017/5/23,948.25,956.25,369.5,374.75
2017/5/24,948.25,948.5,371.25,370
2017/5/25,939.5,947.75,369.25,371
2017/5/26,926.5,939.5,374.25,369.25
2017/5/29,926.5,939.5,374.25,369.25
2017/5/30,912.75,926,367,373.5
2017/5/31,916,915.25,372,370.25
2017/6/1,912.25,916,370.5,371.5
2017/6/2,921.25,912.25,372.75,370.5
2017/6/5,922,924.5,373,373.75
2017/6/6,923.5,921,377.25,372
2017/6/7,930.75,924.5,384.75,378.25
2017/6/8,938,931,385.75,385
2017/6/9,941.5,937,387.75,384.25
2017/6/12,931.25,942,377.25,386
2017/6/13,932.5,933.75,381,379.25
2017/6/14,931.75,932,377,381
2017/6/15,934.75,931.75,379.5,376.75
2017/6/16,939,935.75,384,378.75
2017/6/19,937.75,936.5,375.25,378.25
2017/6/20,927.75,937.25,370,376.25
2017/6/21,918.75,928,368.75,369.5
2017/6/22,904,919.25,362.75,368.75
2017/6/23,904.5,906.5,357.75,362.75
2017/6/26,906.75,904,359,358.5
2017/6/27,911.25,909,359.25,361.25
2017/6/28,914,910.5,356.75,359.5
2017/6/29,915.5,914.25,359.75,356.75
2017/6/30,942.25,915,370.5,360
2017/7/3,964.75,949.5,378,373.25
2017/7/4,964.75,949.5,378,373.25
2017/7/5,976.25,971.75,381.75,379.5
2017/7/6,980.75,979,380.25,380
2017/7/7,996,979,382.25,379
2017/7/10,1020.25,1001,391.75,387.75
2017/7/11,1025.25,1027.75,392.25,393.25
2017/7/12,1016.75,1023,376.25,390.5
2017/7/13,972.5,997,361,376.25
2017/7/14,985.25,978,365.25,369
2017/7/17,985,989,375,375.75
2017/7/18,989.5,997.25,377,380.75
2017/7/19,999.75,990.25,382.5,376.5
2017/7/20,1013.25,999,391,382.5
2017/7/21,1009,1011.25,379.75,390.5
2017/7/24,997.5,1000.25,377.25,375.5
2017/7/25,981.5,1012,368.75,382
2017/7/26,988.75,980,372.75,368.5
2017/7/27,994.75,991.75,374.25,374
2017/7/28,1000.75,992.75,374.25,373.75
2017/7/31,994.5,991.5,370.75,371
2017/8/1,959.5,985.25,362.5,369.25
2017/8/2,966.5,960.75,365,364.5
2017/8/3,950.5,965.5,363.5,365
2017/8/4,949.25,948,366.5,363.5
2017/8/7,959.75,956,372.25,368.75
2017/8/8,963,967,369.75,372.5
2017/8/9,963,964,372.25,369
2017/8/10,930.75,963.75,357.25,371.75
2017/8/11,935.5,934,360.75,358.75
2017/8/14,925.5,926.5,362.75,358.75
2017/8/15,921.75,932.75,355.25,361
2017/8/16,921.75,921.25,352.5,355
2017/8/17,930.25,924,350.5,352.5
2017/8/18,937.5,929.75,352,350
2017/8/21,932.5,935.25,349,350.5
2017/8/22,933.75,931.25,346,349
2017/8/23,935,940.25,342,346.25
2017/8/24,941.25,934,342,341.5
2017/8/25,939,939.5,338.75,342
2017/8/28,935.25,936,336,338.75
2017/8/29,930.75,934.5,333.5,335.5
2017/8/30,923,929.75,329.5,333
2017/8/31,936.25,923.5,342.25,329.25
2017/9/1,942,937.25,340,341.5
2017/9/4,942,937.25,340,341.5
2017/9/5,960.5,945,344.25,343.25
2017/9/6,964.5,960.5,347,343.75
2017/9/7,963.25,963,341.75,346.75
2017/9/8,956.5,966.75,344.25,342.25
2017/9/11,954.75,955,345.5,345.25
2017/9/12,944.25,955.25,340,346
2017/9/13,953,949,338.5,339.5
2017/9/14,967.25,967.5,341.75,343.25
2017/9/15,968.75,975.5,354.75,353.5
2017/9/18,967.75,966.25,351.5,353.25
2017/9/19,965.5,968.5,348.25,351
2017/9/20,970,966,350,348
2017/9/21,970.75,969.5,350.25,349.5
2017/9/22,984.25,970,353.5,349.75
2017/9/25,971.25,983.5,353.75,352.75
2017/9/26,963.5,971.25,352.25,352.75
2017/9/27,965.5,963.5,354,352
2017/9/28,959.5,965.25,352.5,353.25
2017/9/29,968.25,959.25,355.25,352.25
2017/10/2,957.25,967.5,351.5,354.75
2017/10/3,955.25,956.75,349.5,351.5
2017/10/4,958.25,955.25,348.25,349.25
2017/10/5,968.25,958.25,349.5,348.25
2017/10/6,972.25,968,350,349.25
2017/10/9,966.75,974.5,349.5,350.5
2017/10/10,966,966.25,349.25,349
2017/10/11,965.25,965.5,346,348.75
2017/10/12,992,965,349,346
2017/10/13,1000.25,991,352.75,348.5
2017/10/16,991,998,350.5,352.75
2017/10/17,984.75,990,350,350.25
2017/10/18,984.25,984.75,348.5,350.25
2017/10/19,986.5,983.75,349,348.75
2017/10/20,978.75,985.25,344.5,349
2017/10/23,980.75,977,351.25,344.25
2017/10/24,975.5,980,352.75,351
2017/10/25,975.5,975.75,351,352.5
2017/10/26,971.25,975.5,350.5,350.75
2017/10/27,975.25,971,348.75,350.25
2017/10/30,972.75,975.25,348.75,348.5
2017/10/31,973.75,972.75,345.75,348
2017/11/1,981,974.5,348.25,345.75
2017/11/2,989,979.5,350.5,347.75
2017/11/3,977,988.25,348.25,350.25
2017/11/6,984,977.25,348,348.5
2017/11/7,986,986,347.75,347.75
2017/11/8,988,985.25,348.25,347.5
2017/11/9,975.25,988,341.5,347.5
2017/11/10,977.25,976.75,343.5,341.75
2017/11/13,963.5,977.25,342.25,343.5
2017/11/14,959,966,337.5,342
2017/11/15,976.25,969,338.25,337.25
2017/11/16,972,976.5,336.5,338.25
2017/11/17,990.5,972.75,343,336.5
2017/11/20,990,990,345,342.5
2017/11/21,989,990,345,344
2017/11/22,997.25,988.5,345.25,344.25
2017/11/23,997.25,988.5,345.25,344.25
2017/11/24,993.25,995,342.25,344.25
2017/11/27,996,993.75,338.75,342.5
2017/11/28,993,996,336.25,339
2017/11/29,992.5,993.25,339,335.75
2017/11/30,985.75,992.75,341.75,339.25
2017/12/1,994.25,985.75,344.75,341.75
2017/12/4,998.5,998.25,339.5,344.75
2017/12/5,1008.5,998.5,339.75,339.75
2017/12/6,1002.75,1008,339.25,339
2017/12/7,992,1003.5,338.75,339
2017/12/8,989.75,991.75,340,338.5
2017/12/11,982.5,989,336.5,340
2017/12/12,975.75,981.75,335.75,336.5
2017/12/13,979.25,976,336.75,337.25
2017/12/14,967.75,979.5,336.25,337
2017/12/15,967.25,968,347.5,348.75
2017/12/18,961.5,970.5,347,347.25
2017/12/19,956,962.25,347.5,346.75
2017/12/20,954,955.75,349.25,347.5
2017/12/21,948.75,953.5,351.25,349
2017/12/22,949.5,948,352,350.75
2017/12/25,949.5,948,352,350.75
2017/12/26,959.25,952.25,352.75,352
2017/12/27,955.5,958.75,353.75,352
2017/12/28,945.75,955,352,353
2017/12/29,951.75,945,350.75,351.25
2018/1/1,951.75,945,350.75,351.25
2018/1/2,955,956.5,353.25,351.25
2018/1/3,959.75,956.25,353,353
2018/1/4,959.25,959.25,351,353
2018/1/5,961.5,960,351.25,350.75
2018/1/8,958.25,960.75,347.25,350.75
2018/1/9,955.75,958.75,349,347.5
2018/1/10,947,953.25,349,348.75
2018/1/11,940.5,946,348.75,349
2018/1/12,944,940.25,346.25,348.75
2018/1/15,944,940.25,346.25,348.75
2018/1/16,968,965,348.25,347.25
2018/1/17,968.75,966.25,353,348.5
2018/1/18,973,968.75,351.5,352.5
2018/1/19,977.25,972.5,352.5,351.5
2018/1/22,984.25,980.5,352,353.5
2018/1/23,986.25,983,351.25,351.75
2018/1/24,992.25,985.75,356.5,351.25
2018/1/25,992.25,992,355.25,356
2018/1/26,985.5,990.25,356.5,355
2018/1/29,991.5,992.25,358.75,356.75
2018/1/30,1000.25,994.5,361.5,359.5
2018/1/31,995.75,1000,361.5,361.5
2018/2/1,985,995.25,361.75,360.75
2018/2/2,978.75,985.75,361.5,361
2018/2/5,969.75,976.25,358.75,359.5
2018/2/6,986.25,969.75,363.5,358.75
2018/2/7,983,988.75,365.25,363.75
2018/2/8,987.75,983.25,365.75,365
2018/2/9,983,987.5,362,364.75
2018/2/12,1001.75,995.5,367,365
2018/2/13,1011.75,1001,366.75,366.5
2018/2/14,1017.25,1011.25,367.25,366.5
2018/2/15,1024.25,1016.5,367.75,367
2018/2/16,1021.5,1023.5,367.5,368
2018/2/19,1021.5,1023.5,367.5,368
2018/2/20,1026.5,1031.5,365.5,369
2018/2/21,1034.25,1027.75,365.75,365.75
2018/2/22,1032,1034,366.75,365.5
2018/2/23,1036.25,1031,366.25,366.25
2018/2/26,1034.25,1039.5,368.5,366.5
2018/2/27,1038,1034,370.5,368.25
2018/2/28,1045,1037.75,374.5,370.5
2018/3/1,1057.5,1043.75,378.75,374
2018/3/2,1060.75,1057,377.25,377.75
2018/3/5,1066.75,1063.5,378.25,376.25
2018/3/6,1064.5,1066,379.75,377.75
2018/3/7,1055,1058,379.25,378.75
2018/3/8,1053.75,1052.5,385.75,378.5
2018/3/9,1029.25,1049.75,383,385
2018/3/12,1033.25,1023,384.25,382.75
2018/3/13,1040.5,1035.5,385.5,383.75
2018/3/14,1028.5,1042.25,383.5,386.5
2018/3/15,1040.75,1031,386.75,388.25
2018/3/16,1049.5,1042,382.75,386.25
2018/3/19,1022.5,1045.25,375,382
2018/3/20,1028.25,1022.25,374.5,375.25
2018/3/21,1029.75,1029.5,375,375
2018/3/22,1029.75,1032,376,375.5
2018/3/23,1028.25,1026.5,377.25,376.25
2018/3/26,1025.5,1026.25,374,378.5
2018/3/27,1019.5,1027,374,374
2018/3/28,1018,1019.5,373.5,374.25
2018/3/29,1044.75,1019.5,387.75,373.75
2018/3/30,1044.75,1019.5,387.75,373.75
2018/4/2,1035.5,1045.25,387.25,389.25
2018/4/3,1038,1036.25,388.5,387
2018/4/4,1015.25,1038.75,381,388
2018/4/5,1031.25,1015.5,389.5,382
2018/4/6,1033.75,1003,388.5,382
2018/4/9,1047,1038.25,390.75,389.75
2018/4/10,1050,1045.5,389.25,390
2018/4/11,1047.75,1050.75,387,389.25
2018/4/12,1060.75,1047.75,388.75,386.5
2018/4/13,1054.25,1060.25,386.25,388.5
2018/4/16,1042,1054.25,382.5,385
2018/4/17,1046,1043.25,380.25,383
2018/4/18,1041.75,1046.25,383,380.75
2018/4/19,1037.25,1041.75,382,382.75
2018/4/20,1028.75,1037,376.5,381.25
2018/4/23,1020.75,1027.5,378.5,376.5
2018/4/24,1022.25,1020.75,381.25,378.5
2018/4/25,1027.5,1022.25,386.5,381
2018/4/26,1028,1027.25,386,386
2018/4/27,1045,1028.5,389.5,385.25
2018/4/30,1037.75,1046.25,392.5,390.75
2018/5/1,1042.5,1038.75,396.75,393
2018/5/2,1032.75,1041.25,396,396.25
2018/5/3,1043.25,1032.75,399.5,396
2018/5/4,1027.25,1038.5,398.75,399.5
2018/5/7,1002.25,1025,393.25,397.25
2018/5/8,1011.25,1004.25,395.5,392.75
2018/5/9,1007.25,1011.25,394.75,396.25
2018/5/10,1013.25,1008,394.75,395.5
2018/5/11,994.75,1008.75,389.75,394
2018/5/14,1013,1007.25,389,388.5
2018/5/15,1018.75,1017.25,402.25,396.25
2018/5/16,999.75,1017.75,399.25,401.75
2018/5/17,995,1001,395.25,399
2018/5/18,998.5,995.75,402.5,395.25
2018/5/21,1025.25,1017.5,402.75,405.5
2018/5/22,1030.5,1022,404.75,402.25
2018/5/23,1039.25,1030.5,408.5,404.5
2018/5/24,1035.75,1039.75,404.25,408.25
2018/5/25,1041.5,1036.75,406,404
2018/5/28,1041.5,1036.75,406,404
2018/5/29,1030.5,1045.25,400,408.75
2018/5/30,1023,1030.5,393.5,398.25
2018/5/31,1018.5,1023,394,393.5
2018/6/1,1021.25,1019.25,391.5,393.75
2018/6/4,1001.75,1013.25,380.75,389.75
2018/6/5,1001.25,1002.25,383.75,380.75
2018/6/6,994.25,1004.5,378.25,384.25
2018/6/7,974.25,995,376.25,379
2018/6/8,969.25,974.25,377.75,376.25
2018/6/11,953.75,966.75,367.25,376.5
2018/6/12,954,956.5,377.5,368
2018/6/13,936,954,376,377.5
2018/6/14,927.25,933.75,363,374
2018/6/15,905.5,926.25,361.25,364.5
2018/6/18,908.5,905.5,356,359.5
2018/6/19,889,905,353.75,355.75
2018/6/20,889.5,890.75,354.25,354
2018/6/21,880.5,889.5,357,354.25
2018/6/22,894.5,879.25,357.25,358
2018/6/25,874.5,896.5,350.5,358.5
2018/6/26,867.25,873.25,352.5,350.5
2018/6/27,867.5,868,352.5,352
2018/6/28,861.25,865.25,345,351.5
2018/6/29,858.5,861.25,350.25,345.75
2018/7/2,848.5,860,337.5,352.25
2018/7/3,844,849.5,342.75,340.25
2018/7/4,844,849.5,342.75,340.25
2018/7/5,835.5,843.5,343.5,345.5
2018/7/6,874,836,351.75,342
2018/7/9,851.75,867.5,345.75,346
2018/7/10,852.25,849,339.75,344.25
2018/7/11,829.75,840.5,331.25,336
2018/7/12,830,832.75,336.5,332.25
2018/7/13,814,831.5,330.25,332.25
2018/7/16,829.5,818.5,341.75,340
2018/7/17,839.5,833.25,346.25,345
2018/7/18,842.25,839,347.25,346.25
2018/7/19,846,842,351.25,347
2018/7/20,849.75,846,355.25,351.25
2018/7/23,847.75,853.25,357.25,356
2018/7/24,858,844,352,355.25
2018/7/25,860.75,860,359.25,352.25
2018/7/26,861.25,870,361.5,361
2018/7/27,870.5,858.25,362,361
2018/7/30,875,878.5,367.25,364
2018/7/31,903.75,875.5,372.25,367
2018/8/1,886.75,898,365,372
2018/8/2,882.5,886.75,366.75,365
2018/8/3,886.25,878.5,369.75,366.75
2018/8/6,877.25,880.5,371,370
2018/8/7,889.25,887.75,370.75,371
2018/8/8,893.75,892,371.25,370.5
2018/8/9,887.75,890.5,369.25,371
2018/8/10,846,886.25,357.75,368.5
2018/8/13,853.5,838,356.5,357.5
2018/8/14,864.5,858.5,362.25,356.5
2018/8/15,857.5,867.75,361.5,362.25
2018/8/16,885.5,859.75,365.25,361.5
2018/8/17,881.5,884.75,364.25,365
2018/8/20,881.75,889.75,362,365.25
2018/8/21,874.5,874,359.75,362.75
2018/8/22,858.25,873.5,352.5,359.25
2018/8/23,842,857.5,346.75,353
2018/8/24,842,841.5,348.5,346.5
2018/8/27,834.75,838.25,346.75,348.5
2018/8/28,820.5,833.25,341,345.75
2018/8/29,823.25,820.75,341.25,341
2018/8/30,819.5,823,341,341.5
2018/8/31,833,816,351,341
2018/9/3,833,816,351,341
2018/9/4,832,832,354.5,351.5
2018/9/5,825.5,835.25,351.75,356
2018/9/6,826.75,828.25,353.5,353.5
2018/9/7,832,826.5,354.25,352.75
2018/9/10,833.5,832.25,355.5,353.25
2018/9/11,820.25,836.75,355.25,357.25
2018/9/12,829,820.5,341.5,354.25
2018/9/13,822.75,828.25,336.25,344.5
2018/9/14,821.5,828.25,337,338.5
2018/9/17,823.5,827.5,348,351
2018/9/18,814,821,343.25,348
2018/9/19,830,813.75,345.75,343
2018/9/20,850.25,830,352.5,345.25
2018/9/21,847.25,846.25,357.25,352.5
2018/9/24,841,844,360.5,357.25
2018/9/25,845.75,841.25,363.75,360.25
2018/9/26,850,846.25,363,363.5
2018/9/27,855,848.25,364.75,363
2018/9/28,845.5,854.25,356.25,364.5
2018/10/1,857.75,845.5,365.75,356.75
2018/10/2,866,856.75,367.5,365
2018/10/3,861.5,866,364.75,367.75
2018/10/4,859.25,860,367.5,364.75
2018/10/5,869,860,368.25,367.5
2018/10/8,869.75,870,366.5,368.5
2018/10/9,863,869.75,364.5,366.5
2018/10/10,852.25,863,362.75,364.5
2018/10/11,858.25,852,369.25,362
2018/10/12,867.5,859.5,373.75,369
2018/10/15,891.5,867,378.25,373
2018/10/16,884.75,891.25,375.25,377.25
2018/10/17,885.75,883.5,374.25,375
2018/10/18,863.5,882.25,370.75,373
2018/10/19,856.75,865.25,367,370.5
2018/10/22,858.5,855.75,369.5,365.5
2018/10/23,857.5,857.5,370.25,369.25
2018/10/24,850.25,855.75,368.25,369.5
2018/10/25,841.75,850,361,367.75
2018/10/26,845,842,367.75,361.75
2018/10/29,839,845,366.75,368
2018/10/30,833.5,839,364.75,366.75
2018/10/31,839,832.75,363.25,364.75
2018/11/1,869,837,366.75,363.25
2018/11/2,875.25,868,371.25,366.25
2018/11/5,873,877,374,371
2018/11/6,872,872.25,373.25,373.75
2018/11/7,867.75,872,372.25,372.25
2018/11/8,867.5,867,373.5,372
2018/11/9,875.25,867,369.75,372.75
2018/11/12,871.75,874,371.25,369
2018/11/13,867.25,871.75,366.5,369.5
2018/11/14,870.5,869.25,367,366
2018/11/15,888.75,884.25,367.5,366.75
2018/11/16,892.25,889.75,364.75,367.25
2018/11/19,873.75,892,362.25,364.75
2018/11/20,881,874.25,361.25,362.75
2018/11/21,883,882,361.75,361.25
2018/11/22,883,882,361.75,361.25
2018/11/23,881,881.25,359,361
2018/11/26,862.25,881,356,359.5
2018/11/27,875.5,862.5,356.5,356
2018/11/28,890.5,876.25,360.5,356.25
2018/11/29,887.25,890,360.25,360.5
2018/11/30,894.75,887.25,366.5,360.75
2018/12/3,905.75,919.75,371.25,372.75
2018/12/4,911.75,903.25,374.25,370
2018/12/5,913.5,910,374.25,373.5
2018/12/6,909.5,911.5,372,374
2018/12/7,916.75,910,374,371.75
2018/12/10,909.75,912,374.25,374.25
2018/12/11,915,907.75,375,373.75
2018/12/12,920,916,376.25,375.5
2018/12/13,907,918.75,375.5,375
2018/12/14,900.5,907.25,376.75,378
2018/12/17,904.75,900.75,384,384.25
2018/12/18,907.75,902.75,385.5,383.75
2018/12/19,900,907,381.75,385
2018/12/20,893.5,900,375.25,381.75
2018/12/21,884.75,891.5,378.5,375.5
2018/12/24,884,883.25,377.75,378.25
2018/12/25,884,883.25,377.75,378.25
2018/12/26,870,885,373.25,378.25
2018/12/27,869,870.75,374.5,373.25
2018/12/28,882.75,870.5,375.5,374.5
2018/12/31,882.5,885.5,375,375.5
2019/1/1,882.5,885.5,375,375.5
2019/1/2,894.75,881.5,375.75,375.25
2019/1/3,900.25,893.5,379.75,375.5
2019/1/4,909.5,898.25,383,380
2019/1/7,912.25,909.5,382.25,382.25
2019/1/8,906.25,911.75,380,382.5
2019/1/9,911.5,905.5,382,380.5
2019/1/10,895.5,908,376.25,381.5
2019/1/11,899.25,897.25,378.25,377
2019/1/14,890.75,895.25,378.5,378.5
2019/1/15,893.25,904.25,371.25,379.5
2019/1/16,894.5,895.5,374,372.75
2019/1/17,907.75,895.5,380,374
2019/1/18,916.75,908.25,381.75,379.75
2019/1/21,916.75,908.25,381.75,379.75
2019/1/22,909.25,916.5,379,380.75
2019/1/23,915,911,378.75,379.5
2019/1/24,916,915,377,378.75
2019/1/25,925.25,915.75,380.25,377
2019/1/28,923.25,923.5,379.75,379.5
2019/1/29,919,921.75,377.25,379.75
2019/1/30,921,919,381.25,377.75
2019/1/31,915.25,919.5,376.5,381
2019/2/1,917.75,921,378.25,376.5
2019/2/4,918.5,917,379.25,377.75
2019/2/5,920.25,917.75,380.75,379.5
2019/2/6,921.75,920,380,380.5
2019/2/7,913.25,919.5,376.5,379.75
2019/2/8,914.5,913,374.25,376.5
2019/2/11,905,914.75,372.75,374.5
2019/2/12,917.5,905.5,378.25,373.5
2019/2/13,916.5,916.75,378.75,377.5
2019/2/14,903.5,915.75,374.75,378.75
2019/2/15,907.5,905.25,374.75,374.75
2019/2/18,907.5,905.25,374.75,374.75
2019/2/19,900.75,907.25,369.75,374.25
2019/2/20,902.5,902,370.75,371.5
2019/2/21,911,902.75,375.5,371
2019/2/22,910.25,910.25,375.25,374.75
2019/2/25,911.75,918,370.5,377.75
2019/2/26,903.75,910,366.25,370.75
2019/2/27,903.5,903,363.75,366
2019/2/28,897.5,903,362,363.75
2019/3/1,899.25,897.25,364,361.75
2019/3/4,903.25,901.25,365,365.25
2019/3/5,901.25,904.75,366,366
2019/3/6,889.75,900.5,362.5,366
2019/3/7,890.75,892,356,362.25
2019/3/8,883.75,891,354.75,357.75
2019/3/11,877.75,884.5,352.5,357.5
2019/3/12,884.75,880.5,356.5,353.25
2019/3/13,889,882.75,357.25,357.25
2019/3/14,889.5,882.75,361.5,360.25
2019/3/15,909.25,899.25,373.25,369.25
2019/3/18,905.75,910,371.5,374
2019/3/19,904,905.5,371.25,372
2019/3/20,906,902.75,371.5,371.5
2019/3/21,910.5,906,376.25,371
2019/3/22,903.75,909.75,378.25,375.75
2019/3/25,906.5,904.5,379.75,378.75
2019/3/26,900.75,905.5,377.25,379.25
2019/3/27,887.5,900.25,373.75,376.75
2019/3/28,889.5,888,374,373.75
2019/3/29,884.25,888.75,356.5,373.75
2019/4/1,895.5,884,361.75,356.5
2019/4/2,900,895.75,361.5,362.25
2019/4/3,898.75,899.25,362.75,361.25
2019/4/4,906.5,898.25,365.25,362.75
2019/4/5,899,904.5,362.5,364.5
2019/4/8,898.75,899,360,362.25
2019/4/9,898.75,898.25,360,359.75
2019/4/10,900.25,898.75,361,360.25
