Dates,S_Season,S_Ending_stock
2010/1/1,2338550,255
2010/1/4,2338550,255
2010/1/5,2338550,255
2010/1/6,2338550,255
2010/1/7,2338550,255
2010/1/8,2338550,255
2010/1/11,2338550,255
2010/1/12,2338550,255
2010/1/13,2338550,255
2010/1/14,2338550,255
2010/1/15,2338550,255
2010/1/18,2338550,255
2010/1/19,2338550,255
2010/1/20,2338550,255
2010/1/21,2338550,255
2010/1/22,2338550,255
2010/1/25,2338550,255
2010/1/26,2338550,255
2010/1/27,2338550,255
2010/1/28,2338550,255
2010/1/29,2338550,255
2010/2/1,2338550,245
2010/2/2,2338550,245
2010/2/3,2338550,245
2010/2/4,2338550,245
2010/2/5,2338550,245
2010/2/8,2338550,245
2010/2/9,2338550,245
2010/2/10,2338550,245
2010/2/11,2338550,245
2010/2/12,2338550,245
2010/2/15,2338550,245
2010/2/16,2338550,245
2010/2/17,2338550,245
2010/2/18,2338550,245
2010/2/19,2338550,245
2010/2/22,2338550,245
2010/2/23,2338550,245
2010/2/24,2338550,245
2010/2/25,2338550,245
2010/2/26,2338550,245
2010/3/1,2338550,210
2010/3/2,2338550,210
2010/3/3,2338550,210
2010/3/4,2338550,210
2010/3/5,2338550,210
2010/3/8,2338550,210
2010/3/9,2338550,210
2010/3/10,2338550,210
2010/3/11,2338550,210
2010/3/12,2338550,210
2010/3/15,2338550,210
2010/3/16,2338550,210
2010/3/17,2338550,210
2010/3/18,2338550,210
2010/3/19,2338550,210
2010/3/22,2338550,210
2010/3/23,2338550,210
2010/3/24,2338550,210
2010/3/25,2338550,210
2010/3/26,2338550,210
2010/3/29,2338550,210
2010/3/30,2338550,210
2010/3/31,1270068,190
2010/4/1,1270068,190
2010/4/2,1270068,190
2010/4/5,1270068,190
2010/4/6,1270068,190
2010/4/7,1270068,190
2010/4/8,1270068,190
2010/4/9,1270068,190
2010/4/12,1270068,190
2010/4/13,1270068,190
2010/4/14,1270068,190
2010/4/15,1270068,190
2010/4/16,1270068,190
2010/4/19,1270068,190
2010/4/20,1270068,190
2010/4/21,1270068,190
2010/4/22,1270068,190
2010/4/23,1270068,190
2010/4/26,1270068,190
2010/4/27,1270068,190
2010/4/28,1270068,190
2010/4/29,1270068,190
2010/4/30,1270068,190
2010/5/3,1270068,190
2010/5/4,1270068,190
2010/5/5,1270068,190
2010/5/6,1270068,190
2010/5/7,1270068,190
2010/5/10,1270068,190
2010/5/11,1270068,190
2010/5/12,1270068,190
2010/5/13,1270068,190
2010/5/14,1270068,190
2010/5/17,1270068,190
2010/5/18,1270068,190
2010/5/19,1270068,190
2010/5/20,1270068,190
2010/5/21,1270068,190
2010/5/24,1270068,190
2010/5/25,1270068,190
2010/5/26,1270068,190
2010/5/27,1270068,190
2010/5/28,1270068,190
2010/5/31,1270068,365
2010/6/1,1270068,365
2010/6/2,1270068,365
2010/6/3,1270068,365
2010/6/4,1270068,365
2010/6/7,1270068,365
2010/6/8,1270068,365
2010/6/9,1270068,365
2010/6/10,1270068,365
2010/6/11,1270068,365
2010/6/14,1270068,365
2010/6/15,1270068,365
2010/6/16,1270068,365
2010/6/17,1270068,365
2010/6/18,1270068,365
2010/6/21,1270068,365
2010/6/22,1270068,365
2010/6/23,1270068,365
2010/6/24,1270068,365
2010/6/25,1270068,365
2010/6/28,1270068,365
2010/6/29,1270068,365
2010/6/30,571123,360
2010/7/1,571123,360
2010/7/2,571123,360
2010/7/5,571123,360
2010/7/6,571123,360
2010/7/7,571123,360
2010/7/8,571123,360
2010/7/9,571123,360
2010/7/12,571123,360
2010/7/13,571123,360
2010/7/14,571123,360
2010/7/15,571123,360
2010/7/16,571123,360
2010/7/19,571123,360
2010/7/20,571123,360
2010/7/21,571123,360
2010/7/22,571123,360
2010/7/23,571123,360
2010/7/26,571123,360
2010/7/27,571123,360
2010/7/28,571123,360
2010/7/29,571123,360
2010/7/30,571123,360
2010/8/2,571123,360
2010/8/3,571123,360
2010/8/4,571123,360
2010/8/5,571123,360
2010/8/6,571123,360
2010/8/9,571123,360
2010/8/10,571123,360
2010/8/11,571123,360
2010/8/12,571123,360
2010/8/13,571123,360
2010/8/16,571123,360
2010/8/17,571123,360
2010/8/18,571123,360
2010/8/19,571123,360
2010/8/20,571123,360
2010/8/23,571123,360
2010/8/24,571123,360
2010/8/25,571123,360
2010/8/26,571123,360
2010/8/27,571123,360
2010/8/30,571123,360
2010/8/31,571123,360
2010/9/1,571123,360
2010/9/2,571123,360
2010/9/3,571123,360
2010/9/6,571123,360
2010/9/7,571123,360
2010/9/8,571123,360
2010/9/9,571123,360
2010/9/10,571123,360
2010/9/13,571123,360
2010/9/14,571123,360
2010/9/15,571123,360
2010/9/16,571123,360
2010/9/17,571123,360
2010/9/20,571123,360
2010/9/21,571123,360
2010/9/22,571123,360
2010/9/23,571123,360
2010/9/24,571123,360
2010/9/27,571123,360
2010/9/28,571123,360
2010/9/29,571123,360
2010/9/30,150885,350
2010/10/1,150885,350
2010/10/4,150885,350
2010/10/5,150885,350
2010/10/6,150885,350
2010/10/7,150885,350
2010/10/8,150885,350
2010/10/11,150885,350
2010/10/12,150885,350
2010/10/13,150885,350
2010/10/14,150885,350
2010/10/15,150885,350
2010/10/18,150885,350
2010/10/19,150885,350
2010/10/20,150885,350
2010/10/21,150885,350
2010/10/22,150885,350
2010/10/25,150885,350
2010/10/26,150885,350
2010/10/27,150885,350
2010/10/28,150885,350
2010/10/29,150885,350
2010/11/1,150885,265
2010/11/2,150885,265
2010/11/3,150885,265
2010/11/4,150885,265
2010/11/5,150885,265
2010/11/8,150885,265
2010/11/9,150885,265
2010/11/10,150885,265
2010/11/11,150885,265
2010/11/12,150885,265
2010/11/15,150885,265
2010/11/16,150885,265
2010/11/17,150885,265
2010/11/18,150885,265
2010/11/19,150885,265
2010/11/22,150885,265
2010/11/23,150885,265
2010/11/24,150885,265
2010/11/25,150885,265
2010/11/26,150885,265
2010/11/29,150885,265
2010/11/30,150885,185
2010/12/1,150885,185
2010/12/2,150885,185
2010/12/3,150885,185
2010/12/6,150885,185
2010/12/7,150885,185
2010/12/8,150885,185
2010/12/9,150885,185
2010/12/10,150885,185
2010/12/13,150885,185
2010/12/14,150885,185
2010/12/15,150885,185
2010/12/16,150885,185
2010/12/17,150885,185
2010/12/20,150885,185
2010/12/21,150885,185
2010/12/22,150885,185
2010/12/23,150885,185
2010/12/24,150885,185
2010/12/27,150885,185
2010/12/28,150885,185
2010/12/29,150885,185
2010/12/30,150885,185
2010/12/31,2278084,165
2011/1/3,2278084,165
2011/1/4,2278084,165
2011/1/5,2278084,165
2011/1/6,2278084,165
2011/1/7,2278084,165
2011/1/10,2278084,165
2011/1/11,2278084,165
2011/1/12,2278084,165
2011/1/13,2278084,165
2011/1/14,2278084,165
2011/1/17,2278084,165
2011/1/18,2278084,165
2011/1/19,2278084,165
2011/1/20,2278084,165
2011/1/21,2278084,165
2011/1/24,2278084,165
2011/1/25,2278084,165
2011/1/26,2278084,165
2011/1/27,2278084,165
2011/1/28,2278084,165
2011/1/31,2278084,140
2011/2/1,2278084,140
2011/2/2,2278084,140
2011/2/3,2278084,140
2011/2/4,2278084,140
2011/2/7,2278084,140
2011/2/8,2278084,140
2011/2/9,2278084,140
2011/2/10,2278084,140
2011/2/11,2278084,140
2011/2/14,2278084,140
2011/2/15,2278084,140
2011/2/16,2278084,140
2011/2/17,2278084,140
2011/2/18,2278084,140
2011/2/21,2278084,140
2011/2/22,2278084,140
2011/2/23,2278084,140
2011/2/24,2278084,140
2011/2/25,2278084,140
2011/2/28,2278084,140
2011/3/1,2278084,140
2011/3/2,2278084,140
2011/3/3,2278084,140
2011/3/4,2278084,140
2011/3/7,2278084,140
2011/3/8,2278084,140
2011/3/9,2278084,140
2011/3/10,2278084,140
2011/3/11,2278084,140
2011/3/14,2278084,140
2011/3/15,2278084,140
2011/3/16,2278084,140
2011/3/17,2278084,140
2011/3/18,2278084,140
2011/3/21,2278084,140
2011/3/22,2278084,140
2011/3/23,2278084,140
2011/3/24,2278084,140
2011/3/25,2278084,140
2011/3/28,2278084,140
2011/3/29,2278084,140
2011/3/30,2278084,140
2011/3/31,1248800,140
2011/4/1,1248800,140
2011/4/4,1248800,140
2011/4/5,1248800,140
2011/4/6,1248800,140
2011/4/7,1248800,140
2011/4/8,1248800,140
2011/4/11,1248800,140
2011/4/12,1248800,140
2011/4/13,1248800,140
2011/4/14,1248800,140
2011/4/15,1248800,140
2011/4/18,1248800,140
2011/4/19,1248800,140
2011/4/20,1248800,140
2011/4/21,1248800,140
2011/4/22,1248800,140
2011/4/25,1248800,140
2011/4/26,1248800,140
2011/4/27,1248800,140
2011/4/28,1248800,140
2011/4/29,1248800,140
2011/5/2,1248800,140
2011/5/3,1248800,140
2011/5/4,1248800,140
2011/5/5,1248800,140
2011/5/6,1248800,140
2011/5/9,1248800,140
2011/5/10,1248800,140
2011/5/11,1248800,140
2011/5/12,1248800,140
2011/5/13,1248800,140
2011/5/16,1248800,140
2011/5/17,1248800,140
2011/5/18,1248800,140
2011/5/19,1248800,140
2011/5/20,1248800,140
2011/5/23,1248800,140
2011/5/24,1248800,140
2011/5/25,1248800,140
2011/5/26,1248800,140
2011/5/27,1248800,140
2011/5/30,1248800,140
2011/5/31,1248800,160
2011/6/1,1248800,160
2011/6/2,1248800,160
2011/6/3,1248800,160
2011/6/6,1248800,160
2011/6/7,1248800,160
2011/6/8,1248800,160
2011/6/9,1248800,160
2011/6/10,1248800,160
2011/6/13,1248800,160
2011/6/14,1248800,160
2011/6/15,1248800,160
2011/6/16,1248800,160
2011/6/17,1248800,160
2011/6/20,1248800,160
2011/6/21,1248800,160
2011/6/22,1248800,160
2011/6/23,1248800,160
2011/6/24,1248800,160
2011/6/27,1248800,160
2011/6/28,1248800,160
2011/6/29,1248800,160
2011/6/30,619283,190
2011/7/1,619283,190
2011/7/4,619283,190
2011/7/5,619283,190
2011/7/6,619283,190
2011/7/7,619283,190
2011/7/8,619283,190
2011/7/11,619283,190
2011/7/12,619283,190
2011/7/13,619283,190
2011/7/14,619283,190
2011/7/15,619283,190
2011/7/18,619283,190
2011/7/19,619283,190
2011/7/20,619283,190
2011/7/21,619283,190
2011/7/22,619283,190
2011/7/25,619283,190
2011/7/26,619283,190
2011/7/27,619283,190
2011/7/28,619283,190
2011/7/29,619283,190
2011/8/1,619283,175
2011/8/2,619283,175
2011/8/3,619283,175
2011/8/4,619283,175
2011/8/5,619283,175
2011/8/8,619283,175
2011/8/9,619283,175
2011/8/10,619283,175
2011/8/11,619283,175
2011/8/12,619283,175
2011/8/15,619283,175
2011/8/16,619283,175
2011/8/17,619283,175
2011/8/18,619283,175
2011/8/19,619283,175
2011/8/22,619283,175
2011/8/23,619283,175
2011/8/24,619283,175
2011/8/25,619283,175
2011/8/26,619283,175
2011/8/29,619283,175
2011/8/30,619283,175
2011/8/31,619283,155
2011/9/1,619283,155
2011/9/2,619283,155
2011/9/5,619283,155
2011/9/6,619283,155
2011/9/7,619283,155
2011/9/8,619283,155
2011/9/9,619283,155
2011/9/12,619283,155
2011/9/13,619283,155
2011/9/14,619283,155
2011/9/15,619283,155
2011/9/16,619283,155
2011/9/19,619283,155
2011/9/20,619283,155
2011/9/21,619283,155
2011/9/22,619283,155
2011/9/23,619283,155
2011/9/26,619283,155
2011/9/27,619283,155
2011/9/28,619283,155
2011/9/29,619283,155
2011/9/30,215013,165
2011/10/3,215013,165
2011/10/4,215013,165
2011/10/5,215013,165
2011/10/6,215013,165
2011/10/7,215013,165
2011/10/10,215013,165
2011/10/11,215013,165
2011/10/12,215013,165
2011/10/13,215013,165
2011/10/14,215013,165
2011/10/17,215013,165
2011/10/18,215013,165
2011/10/19,215013,165
2011/10/20,215013,165
2011/10/21,215013,165
2011/10/24,215013,165
2011/10/25,215013,165
2011/10/26,215013,165
2011/10/27,215013,165
2011/10/28,215013,165
2011/10/31,215013,160
2011/11/1,215013,160
2011/11/2,215013,160
2011/11/3,215013,160
2011/11/4,215013,160
2011/11/7,215013,160
2011/11/8,215013,160
2011/11/9,215013,160
2011/11/10,215013,160
2011/11/11,215013,160
2011/11/14,215013,160
2011/11/15,215013,160
2011/11/16,215013,160
2011/11/17,215013,160
2011/11/18,215013,160
2011/11/21,215013,160
2011/11/22,215013,160
2011/11/23,215013,160
2011/11/24,215013,160
2011/11/25,215013,160
2011/11/28,215013,160
2011/11/29,215013,160
2011/11/30,215013,195
2011/12/1,215013,195
2011/12/2,215013,195
2011/12/5,215013,195
2011/12/6,215013,195
2011/12/7,215013,195
2011/12/8,215013,195
2011/12/9,215013,195
2011/12/12,215013,195
2011/12/13,215013,195
2011/12/14,215013,195
2011/12/15,215013,195
2011/12/16,215013,195
2011/12/19,215013,195
2011/12/20,215013,195
2011/12/21,215013,195
2011/12/22,215013,195
2011/12/23,215013,195
2011/12/26,215013,195
2011/12/27,215013,195
2011/12/28,215013,195
2011/12/29,215013,195
2011/12/30,215013,195
2012/1/2,2369885,230
2012/1/3,2369885,230
2012/1/4,2369885,230
2012/1/5,2369885,230
2012/1/6,2369885,230
2012/1/9,2369885,230
2012/1/10,2369885,230
2012/1/11,2369885,230
2012/1/12,2369885,230
2012/1/13,2369885,230
2012/1/16,2369885,230
2012/1/17,2369885,230
2012/1/18,2369885,230
2012/1/19,2369885,230
2012/1/20,2369885,230
2012/1/23,2369885,230
2012/1/24,2369885,230
2012/1/25,2369885,230
2012/1/26,2369885,230
2012/1/27,2369885,230
2012/1/30,2369885,230
2012/1/31,2369885,275
2012/2/1,2369885,275
2012/2/2,2369885,275
2012/2/3,2369885,275
2012/2/6,2369885,275
2012/2/7,2369885,275
2012/2/8,2369885,275
2012/2/9,2369885,275
2012/2/10,2369885,275
2012/2/13,2369885,275
2012/2/14,2369885,275
2012/2/15,2369885,275
2012/2/16,2369885,275
2012/2/17,2369885,275
2012/2/20,2369885,275
2012/2/21,2369885,275
2012/2/22,2369885,275
2012/2/23,2369885,275
2012/2/24,2369885,275
2012/2/27,2369885,275
2012/2/28,2369885,275
2012/2/29,2369885,275
2012/3/1,2369885,275
2012/3/2,2369885,275
2012/3/5,2369885,275
2012/3/6,2369885,275
2012/3/7,2369885,275
2012/3/8,2369885,275
2012/3/9,2369885,275
2012/3/12,2369885,275
2012/3/13,2369885,275
2012/3/14,2369885,275
2012/3/15,2369885,275
2012/3/16,2369885,275
2012/3/19,2369885,275
2012/3/20,2369885,275
2012/3/21,2369885,275
2012/3/22,2369885,275
2012/3/23,2369885,275
2012/3/26,2369885,275
2012/3/27,2369885,275
2012/3/28,2369885,275
2012/3/29,2369885,275
2012/3/30,2369885,275
2012/4/2,1374488,275
2012/4/3,1374488,275
2012/4/4,1374488,275
2012/4/5,1374488,275
2012/4/6,1374488,275
2012/4/9,1374488,275
2012/4/10,1374488,275
2012/4/11,1374488,275
2012/4/12,1374488,275
2012/4/13,1374488,275
2012/4/16,1374488,275
2012/4/17,1374488,275
2012/4/18,1374488,275
2012/4/19,1374488,275
2012/4/20,1374488,275
2012/4/23,1374488,275
2012/4/24,1374488,275
2012/4/25,1374488,275
2012/4/26,1374488,275
2012/4/27,1374488,275
2012/4/30,1374488,250
2012/5/1,1374488,250
2012/5/2,1374488,250
2012/5/3,1374488,250
2012/5/4,1374488,250
2012/5/7,1374488,250
2012/5/8,1374488,250
2012/5/9,1374488,250
2012/5/10,1374488,250
2012/5/11,1374488,250
2012/5/14,1374488,250
2012/5/15,1374488,250
2012/5/16,1374488,250
2012/5/17,1374488,250
2012/5/18,1374488,250
2012/5/21,1374488,250
2012/5/22,1374488,250
2012/5/23,1374488,250
2012/5/24,1374488,250
2012/5/25,1374488,250
2012/5/28,1374488,250
2012/5/29,1374488,250
2012/5/30,1374488,250
2012/5/31,1374488,145
2012/6/1,1374488,145
2012/6/4,1374488,145
2012/6/5,1374488,145
2012/6/6,1374488,145
2012/6/7,1374488,145
2012/6/8,1374488,145
2012/6/11,1374488,145
2012/6/12,1374488,145
2012/6/13,1374488,145
2012/6/14,1374488,145
2012/6/15,1374488,145
2012/6/18,1374488,145
2012/6/19,1374488,145
2012/6/20,1374488,145
2012/6/21,1374488,145
2012/6/22,1374488,145
2012/6/25,1374488,145
2012/6/26,1374488,145
2012/6/27,1374488,145
2012/6/28,1374488,145
2012/6/29,1374488,145
2012/7/2,667465,140
2012/7/3,667465,140
2012/7/4,667465,140
2012/7/5,667465,140
2012/7/6,667465,140
2012/7/9,667465,140
2012/7/10,667465,140
2012/7/11,667465,140
2012/7/12,667465,140
2012/7/13,667465,140
2012/7/16,667465,140
2012/7/17,667465,140
2012/7/18,667465,140
2012/7/19,667465,140
2012/7/20,667465,140
2012/7/23,667465,140
2012/7/24,667465,140
2012/7/25,667465,140
2012/7/26,667465,140
2012/7/27,667465,140
2012/7/30,667465,140
2012/7/31,667465,130
2012/8/1,667465,130
2012/8/2,667465,130
2012/8/3,667465,130
2012/8/6,667465,130
2012/8/7,667465,130
2012/8/8,667465,130
2012/8/9,667465,130
2012/8/10,667465,130
2012/8/13,667465,130
2012/8/14,667465,130
2012/8/15,667465,130
2012/8/16,667465,130
2012/8/17,667465,130
2012/8/20,667465,130
2012/8/21,667465,130
2012/8/22,667465,130
2012/8/23,667465,130
2012/8/24,667465,130
2012/8/27,667465,130
2012/8/28,667465,130
2012/8/29,667465,130
2012/8/30,667465,130
2012/8/31,667465,115
2012/9/3,667465,115
2012/9/4,667465,115
2012/9/5,667465,115
2012/9/6,667465,115
2012/9/7,667465,115
2012/9/10,667465,115
2012/9/11,667465,115
2012/9/12,667465,115
2012/9/13,667465,115
2012/9/14,667465,115
2012/9/17,667465,115
2012/9/18,667465,115
2012/9/19,667465,115
2012/9/20,667465,115
2012/9/21,667465,115
2012/9/24,667465,115
2012/9/25,667465,115
2012/9/26,667465,115
2012/9/27,667465,115
2012/9/28,667465,115
2012/10/1,169370,115
2012/10/2,169370,115
2012/10/3,169370,115
2012/10/4,169370,115
2012/10/5,169370,115
2012/10/8,169370,115
2012/10/9,169370,115
2012/10/10,169370,115
2012/10/11,169370,115
2012/10/12,169370,115
2012/10/15,169370,115
2012/10/16,169370,115
2012/10/17,169370,115
2012/10/18,169370,115
2012/10/19,169370,115
2012/10/22,169370,115
2012/10/23,169370,115
2012/10/24,169370,115
2012/10/25,169370,115
2012/10/26,169370,115
2012/10/29,169370,115
2012/10/30,169370,115
2012/10/31,169370,130
2012/11/1,169370,130
2012/11/2,169370,130
2012/11/5,169370,130
2012/11/6,169370,130
2012/11/7,169370,130
2012/11/8,169370,130
2012/11/9,169370,130
2012/11/12,169370,130
2012/11/13,169370,130
2012/11/14,169370,130
2012/11/15,169370,130
2012/11/16,169370,130
2012/11/19,169370,130
2012/11/20,169370,130
2012/11/21,169370,130
2012/11/22,169370,130
2012/11/23,169370,130
2012/11/26,169370,130
2012/11/27,169370,130
2012/11/28,169370,130
2012/11/29,169370,130
2012/11/30,169370,140
2012/12/3,169370,140
2012/12/4,169370,140
2012/12/5,169370,140
2012/12/6,169370,140
2012/12/7,169370,140
2012/12/10,169370,140
2012/12/11,169370,140
2012/12/12,169370,140
2012/12/13,169370,140
2012/12/14,169370,140
2012/12/17,169370,140
2012/12/18,169370,140
2012/12/19,169370,140
2012/12/20,169370,140
2012/12/21,169370,140
2012/12/24,169370,140
2012/12/25,169370,140
2012/12/26,169370,140
2012/12/27,169370,140
2012/12/28,169370,140
2012/12/31,1966161,130
2013/1/1,1966161,130
2013/1/2,1966161,130
2013/1/3,1966161,130
2013/1/4,1966161,130
2013/1/7,1966161,130
2013/1/8,1966161,130
2013/1/9,1966161,130
2013/1/10,1966161,130
2013/1/11,1966161,130
2013/1/14,1966161,130
2013/1/15,1966161,130
2013/1/16,1966161,130
2013/1/17,1966161,130
2013/1/18,1966161,130
2013/1/21,1966161,130
2013/1/22,1966161,130
2013/1/23,1966161,130
2013/1/24,1966161,130
2013/1/25,1966161,130
2013/1/28,1966161,130
2013/1/29,1966161,130
2013/1/30,1966161,130
2013/1/31,1966161,135
2013/2/1,1966161,135
2013/2/4,1966161,135
2013/2/5,1966161,135
2013/2/6,1966161,135
2013/2/7,1966161,135
2013/2/8,1966161,135
2013/2/11,1966161,135
2013/2/12,1966161,135
2013/2/13,1966161,135
2013/2/14,1966161,135
2013/2/15,1966161,135
2013/2/18,1966161,135
2013/2/19,1966161,135
2013/2/20,1966161,135
2013/2/21,1966161,135
2013/2/22,1966161,135
2013/2/25,1966161,135
2013/2/26,1966161,135
2013/2/27,1966161,135
2013/2/28,1966161,125
2013/3/1,1966161,125
2013/3/4,1966161,125
2013/3/5,1966161,125
2013/3/6,1966161,125
2013/3/7,1966161,125
2013/3/8,1966161,125
2013/3/11,1966161,125
2013/3/12,1966161,125
2013/3/13,1966161,125
2013/3/14,1966161,125
2013/3/15,1966161,125
2013/3/18,1966161,125
2013/3/19,1966161,125
2013/3/20,1966161,125
2013/3/21,1966161,125
2013/3/22,1966161,125
2013/3/25,1966161,125
2013/3/26,1966161,125
2013/3/27,1966161,125
2013/3/28,1966161,125
2013/3/29,1966161,125
2013/4/1,998020,125
2013/4/2,998020,125
2013/4/3,998020,125
2013/4/4,998020,125
2013/4/5,998020,125
2013/4/8,998020,125
2013/4/9,998020,125
2013/4/10,998020,125
2013/4/11,998020,125
2013/4/12,998020,125
2013/4/15,998020,125
2013/4/16,998020,125
2013/4/17,998020,125
2013/4/18,998020,125
2013/4/19,998020,125
2013/4/22,998020,125
2013/4/23,998020,125
2013/4/24,998020,125
2013/4/25,998020,125
2013/4/26,998020,125
2013/4/29,998020,125
2013/4/30,998020,125
2013/5/1,998020,125
2013/5/2,998020,125
2013/5/3,998020,125
2013/5/6,998020,125
2013/5/7,998020,125
2013/5/8,998020,125
2013/5/9,998020,125
2013/5/10,998020,125
2013/5/13,998020,125
2013/5/14,998020,125
2013/5/15,998020,125
2013/5/16,998020,125
2013/5/17,998020,125
2013/5/20,998020,125
2013/5/21,998020,125
2013/5/22,998020,125
2013/5/23,998020,125
2013/5/24,998020,125
2013/5/27,998020,125
2013/5/28,998020,125
2013/5/29,998020,125
2013/5/30,998020,125
2013/5/31,998020,265
2013/6/3,998020,265
2013/6/4,998020,265
2013/6/5,998020,265
2013/6/6,998020,265
2013/6/7,998020,265
2013/6/10,998020,265
2013/6/11,998020,265
2013/6/12,998020,265
2013/6/13,998020,265
2013/6/14,998020,265
2013/6/17,998020,265
2013/6/18,998020,265
2013/6/19,998020,265
2013/6/20,998020,265
2013/6/21,998020,265
2013/6/24,998020,265
2013/6/25,998020,265
2013/6/26,998020,265
2013/6/27,998020,265
2013/6/28,998020,265
2013/7/1,434664,265
2013/7/2,434664,265
2013/7/3,434664,265
2013/7/4,434664,265
2013/7/5,434664,265
2013/7/8,434664,265
2013/7/9,434664,265
2013/7/10,434664,265
2013/7/11,434664,265
2013/7/12,434664,265
2013/7/15,434664,265
2013/7/16,434664,265
2013/7/17,434664,265
2013/7/18,434664,265
2013/7/19,434664,265
2013/7/22,434664,265
2013/7/23,434664,265
2013/7/24,434664,265
2013/7/25,434664,265
2013/7/26,434664,265
2013/7/29,434664,265
2013/7/30,434664,265
2013/7/31,434664,295
2013/8/1,434664,295
2013/8/2,434664,295
2013/8/5,434664,295
2013/8/6,434664,295
2013/8/7,434664,295
2013/8/8,434664,295
2013/8/9,434664,295
2013/8/12,434664,295
2013/8/13,434664,295
2013/8/14,434664,295
2013/8/15,434664,295
2013/8/16,434664,295
2013/8/19,434664,295
2013/8/20,434664,295
2013/8/21,434664,295
2013/8/22,434664,295
2013/8/23,434664,295
2013/8/26,434664,295
2013/8/27,434664,295
2013/8/28,434664,295
2013/8/29,434664,295
2013/8/30,434664,295
2013/9/2,434664,220
2013/9/3,434664,220
2013/9/4,434664,220
2013/9/5,434664,220
2013/9/6,434664,220
2013/9/9,434664,220
2013/9/10,434664,220
2013/9/11,434664,220
2013/9/12,434664,220
2013/9/13,434664,220
2013/9/16,434664,220
2013/9/17,434664,220
2013/9/18,434664,220
2013/9/19,434664,220
2013/9/20,434664,220
2013/9/23,434664,220
2013/9/24,434664,220
2013/9/25,434664,220
2013/9/26,434664,220
2013/9/27,434664,220
2013/9/30,140557,150
2013/10/1,140557,150
2013/10/2,140557,150
2013/10/3,140557,150
2013/10/4,140557,150
2013/10/7,140557,150
2013/10/8,140557,150
2013/10/9,140557,150
2013/10/10,140557,150
2013/10/11,140557,150
2013/10/14,140557,150
2013/10/15,140557,150
2013/10/16,140557,150
2013/10/17,140557,150
2013/10/18,140557,150
2013/10/21,140557,150
2013/10/22,140557,150
2013/10/23,140557,150
2013/10/24,140557,150
2013/10/25,140557,150
2013/10/28,140557,150
2013/10/29,140557,150
2013/10/30,140557,150
2013/10/31,140557,150
2013/11/1,140557,150
2013/11/4,140557,150
2013/11/5,140557,150
2013/11/6,140557,150
2013/11/7,140557,150
2013/11/8,140557,150
2013/11/11,140557,150
2013/11/12,140557,150
2013/11/13,140557,150
2013/11/14,140557,150
2013/11/15,140557,150
2013/11/18,140557,150
2013/11/19,140557,150
2013/11/20,140557,150
2013/11/21,140557,150
2013/11/22,140557,150
2013/11/25,140557,150
2013/11/26,140557,150
2013/11/27,140557,150
2013/11/28,140557,150
2013/11/29,140557,150
2013/12/2,140557,170
2013/12/3,140557,170
2013/12/4,140557,170
2013/12/5,140557,170
2013/12/6,140557,170
2013/12/9,140557,170
2013/12/10,140557,170
2013/12/11,140557,170
2013/12/12,140557,170
2013/12/13,140557,170
2013/12/16,140557,170
2013/12/17,140557,170
2013/12/18,140557,170
2013/12/19,140557,170
2013/12/20,140557,170
2013/12/23,140557,170
2013/12/24,140557,170
2013/12/25,140557,170
2013/12/26,140557,170
2013/12/27,140557,170
2013/12/30,140557,170
2013/12/31,2153621,150
2014/1/1,2153621,150
2014/1/2,2153621,150
2014/1/3,2153621,150
2014/1/6,2153621,150
2014/1/7,2153621,150
2014/1/8,2153621,150
2014/1/9,2153621,150
2014/1/10,2153621,150
2014/1/13,2153621,150
2014/1/14,2153621,150
2014/1/15,2153621,150
2014/1/16,2153621,150
2014/1/17,2153621,150
2014/1/20,2153621,150
2014/1/21,2153621,150
2014/1/22,2153621,150
2014/1/23,2153621,150
2014/1/24,2153621,150
2014/1/27,2153621,150
2014/1/28,2153621,150
2014/1/29,2153621,150
2014/1/30,2153621,150
2014/1/31,2153621,150
2014/2/3,2153621,150
2014/2/4,2153621,150
2014/2/5,2153621,150
2014/2/6,2153621,150
2014/2/7,2153621,150
2014/2/10,2153621,150
2014/2/11,2153621,150
2014/2/12,2153621,150
2014/2/13,2153621,150
2014/2/14,2153621,150
2014/2/17,2153621,150
2014/2/18,2153621,150
2014/2/19,2153621,150
2014/2/20,2153621,150
2014/2/21,2153621,150
2014/2/24,2153621,150
2014/2/25,2153621,150
2014/2/26,2153621,150
2014/2/27,2153621,150
2014/2/28,2153621,150
2014/3/3,2153621,150
2014/3/4,2153621,150
2014/3/5,2153621,150
2014/3/6,2153621,150
2014/3/7,2153621,150
2014/3/10,2153621,150
2014/3/11,2153621,150
2014/3/12,2153621,150
2014/3/13,2153621,150
2014/3/14,2153621,150
2014/3/17,2153621,150
2014/3/18,2153621,150
2014/3/19,2153621,150
2014/3/20,2153621,150
2014/3/21,2153621,150
2014/3/24,2153621,150
2014/3/25,2153621,150
2014/3/26,2153621,150
2014/3/27,2153621,150
2014/3/28,2153621,150
2014/3/31,993828,145
2014/4/1,993828,145
2014/4/2,993828,145
2014/4/3,993828,145
2014/4/4,993828,145
2014/4/7,993828,145
2014/4/8,993828,145
2014/4/9,993828,145
2014/4/10,993828,145
2014/4/11,993828,145
2014/4/14,993828,145
2014/4/15,993828,145
2014/4/16,993828,145
2014/4/17,993828,145
2014/4/18,993828,145
2014/4/21,993828,145
2014/4/22,993828,145
2014/4/23,993828,145
2014/4/24,993828,145
2014/4/25,993828,145
2014/4/28,993828,145
2014/4/29,993828,145
2014/4/30,993828,135
2014/5/1,993828,135
2014/5/2,993828,135
2014/5/5,993828,135
2014/5/6,993828,135
2014/5/7,993828,135
2014/5/8,993828,135
2014/5/9,993828,135
2014/5/12,993828,135
2014/5/13,993828,135
2014/5/14,993828,135
2014/5/15,993828,135
2014/5/16,993828,135
2014/5/19,993828,135
2014/5/20,993828,135
2014/5/21,993828,135
2014/5/22,993828,135
2014/5/23,993828,135
2014/5/26,993828,135
2014/5/27,993828,135
2014/5/28,993828,135
2014/5/29,993828,135
2014/5/30,993828,135
2014/6/2,993828,330
2014/6/3,993828,330
2014/6/4,993828,330
2014/6/5,993828,330
2014/6/6,993828,330
2014/6/9,993828,330
2014/6/10,993828,330
2014/6/11,993828,330
2014/6/12,993828,330
2014/6/13,993828,330
2014/6/16,993828,330
2014/6/17,993828,330
2014/6/18,993828,330
2014/6/19,993828,330
2014/6/20,993828,330
2014/6/23,993828,330
2014/6/24,993828,330
2014/6/25,993828,330
2014/6/26,993828,330
2014/6/27,993828,330
2014/6/30,405119,325
2014/7/1,405119,325
2014/7/2,405119,325
2014/7/3,405119,325
2014/7/4,405119,325
2014/7/7,405119,325
2014/7/8,405119,325
2014/7/9,405119,325
2014/7/10,405119,325
2014/7/11,405119,325
2014/7/14,405119,325
2014/7/15,405119,325
2014/7/16,405119,325
2014/7/17,405119,325
2014/7/18,405119,325
2014/7/21,405119,325
2014/7/22,405119,325
2014/7/23,405119,325
2014/7/24,405119,325
2014/7/25,405119,325
2014/7/28,405119,325
2014/7/29,405119,325
2014/7/30,405119,325
2014/7/31,405119,415
2014/8/1,405119,415
2014/8/4,405119,415
2014/8/5,405119,415
2014/8/6,405119,415
2014/8/7,405119,415
2014/8/8,405119,415
2014/8/11,405119,415
2014/8/12,405119,415
2014/8/13,405119,415
2014/8/14,405119,415
2014/8/15,405119,415
2014/8/18,405119,415
2014/8/19,405119,415
2014/8/20,405119,415
2014/8/21,405119,415
2014/8/22,405119,415
2014/8/25,405119,415
2014/8/26,405119,415
2014/8/27,405119,415
2014/8/28,405119,415
2014/8/29,405119,415
2014/9/1,405119,430
2014/9/2,405119,430
2014/9/3,405119,430
2014/9/4,405119,430
2014/9/5,405119,430
2014/9/8,405119,430
2014/9/9,405119,430
2014/9/10,405119,430
2014/9/11,405119,430
2014/9/12,405119,430
2014/9/15,405119,430
2014/9/16,405119,430
2014/9/17,405119,430
2014/9/18,405119,430
2014/9/19,405119,430
2014/9/22,405119,430
2014/9/23,405119,430
2014/9/24,405119,430
2014/9/25,405119,430
2014/9/26,405119,430
2014/9/29,405119,430
2014/9/30,91991,475
2014/10/1,91991,475
2014/10/2,91991,475
2014/10/3,91991,475
2014/10/6,91991,475
2014/10/7,91991,475
2014/10/8,91991,475
2014/10/9,91991,475
2014/10/10,91991,475
2014/10/13,91991,475
2014/10/14,91991,475
2014/10/15,91991,475
2014/10/16,91991,475
2014/10/17,91991,475
2014/10/20,91991,475
2014/10/21,91991,475
2014/10/22,91991,475
2014/10/23,91991,475
2014/10/24,91991,475
2014/10/27,91991,475
2014/10/28,91991,475
2014/10/29,91991,475
2014/10/30,91991,475
2014/10/31,91991,450
2014/11/3,91991,450
2014/11/4,91991,450
2014/11/5,91991,450
2014/11/6,91991,450
2014/11/7,91991,450
2014/11/10,91991,450
2014/11/11,91991,450
2014/11/12,91991,450
2014/11/13,91991,450
2014/11/14,91991,450
2014/11/17,91991,450
2014/11/18,91991,450
2014/11/19,91991,450
2014/11/20,91991,450
2014/11/21,91991,450
2014/11/24,91991,450
2014/11/25,91991,450
2014/11/26,91991,450
2014/11/27,91991,450
2014/11/28,91991,450
2014/12/1,91991,450
2014/12/2,91991,450
2014/12/3,91991,450
2014/12/4,91991,450
2014/12/5,91991,450
2014/12/8,91991,450
2014/12/9,91991,450
2014/12/10,91991,450
2014/12/11,91991,450
2014/12/12,91991,450
2014/12/15,91991,450
2014/12/16,91991,450
2014/12/17,91991,450
2014/12/18,91991,450
2014/12/19,91991,450
2014/12/22,91991,450
2014/12/23,91991,450
2014/12/24,91991,450
2014/12/25,91991,450
2014/12/26,91991,450
2014/12/29,91991,450
2014/12/30,91991,450
2014/12/31,2527744,410
2015/1/1,2527744,410
2015/1/2,2527744,410
2015/1/5,2527744,410
2015/1/6,2527744,410
2015/1/7,2527744,410
2015/1/8,2527744,410
2015/1/9,2527744,410
2015/1/12,2527744,410
2015/1/13,2527744,410
2015/1/14,2527744,410
2015/1/15,2527744,410
2015/1/16,2527744,410
2015/1/19,2527744,410
2015/1/20,2527744,410
2015/1/21,2527744,410
2015/1/22,2527744,410
2015/1/23,2527744,410
2015/1/26,2527744,410
2015/1/27,2527744,410
2015/1/28,2527744,410
2015/1/29,2527744,410
2015/1/30,2527744,410
2015/2/2,2527744,410
2015/2/3,2527744,410
2015/2/4,2527744,410
2015/2/5,2527744,410
2015/2/6,2527744,410
2015/2/9,2527744,410
2015/2/10,2527744,410
2015/2/11,2527744,410
2015/2/12,2527744,410
2015/2/13,2527744,410
2015/2/16,2527744,410
2015/2/17,2527744,410
2015/2/18,2527744,410
2015/2/19,2527744,410
2015/2/20,2527744,410
2015/2/23,2527744,410
2015/2/24,2527744,410
2015/2/25,2527744,410
2015/2/26,2527744,410
2015/2/27,2527744,410
2015/3/2,2527744,385
2015/3/3,2527744,385
2015/3/4,2527744,385
2015/3/5,2527744,385
2015/3/6,2527744,385
2015/3/9,2527744,385
2015/3/10,2527744,385
2015/3/11,2527744,385
2015/3/12,2527744,385
2015/3/13,2527744,385
2015/3/16,2527744,385
2015/3/17,2527744,385
2015/3/18,2527744,385
2015/3/19,2527744,385
2015/3/20,2527744,385
2015/3/23,2527744,385
2015/3/24,2527744,385
2015/3/25,2527744,385
2015/3/26,2527744,385
2015/3/27,2527744,385
2015/3/30,2527744,385
2015/3/31,1326599,385
2015/4/1,1326599,385
2015/4/2,1326599,385
2015/4/3,1326599,385
2015/4/6,1326599,385
2015/4/7,1326599,385
2015/4/8,1326599,385
2015/4/9,1326599,385
2015/4/10,1326599,385
2015/4/13,1326599,385
2015/4/14,1326599,385
2015/4/15,1326599,385
2015/4/16,1326599,385
2015/4/17,1326599,385
2015/4/20,1326599,385
2015/4/21,1326599,385
2015/4/22,1326599,385
2015/4/23,1326599,385
2015/4/24,1326599,385
2015/4/27,1326599,385
2015/4/28,1326599,385
2015/4/29,1326599,385
2015/4/30,1326599,370
2015/5/1,1326599,370
2015/5/4,1326599,370
2015/5/5,1326599,370
2015/5/6,1326599,370
2015/5/7,1326599,370
2015/5/8,1326599,370
2015/5/11,1326599,370
2015/5/12,1326599,370
2015/5/13,1326599,370
2015/5/14,1326599,370
2015/5/15,1326599,370
2015/5/18,1326599,370
2015/5/19,1326599,370
2015/5/20,1326599,370
2015/5/21,1326599,370
2015/5/22,1326599,370
2015/5/25,1326599,370
2015/5/26,1326599,370
2015/5/27,1326599,370
2015/5/28,1326599,370
2015/5/29,1326599,370
2015/6/1,1326599,500
2015/6/2,1326599,500
2015/6/3,1326599,500
2015/6/4,1326599,500
2015/6/5,1326599,500
2015/6/8,1326599,500
2015/6/9,1326599,500
2015/6/10,1326599,500
2015/6/11,1326599,500
2015/6/12,1326599,500
2015/6/15,1326599,500
2015/6/16,1326599,500
2015/6/17,1326599,500
2015/6/18,1326599,500
2015/6/19,1326599,500
2015/6/22,1326599,500
2015/6/23,1326599,500
2015/6/24,1326599,500
2015/6/25,1326599,500
2015/6/26,1326599,500
2015/6/29,1326599,500
2015/6/30,627070,475
2015/7/1,627070,475
2015/7/2,627070,475
2015/7/3,627070,475
2015/7/6,627070,475
2015/7/7,627070,475
2015/7/8,627070,475
2015/7/9,627070,475
2015/7/10,627070,475
2015/7/13,627070,475
2015/7/14,627070,475
2015/7/15,627070,475
2015/7/16,627070,475
2015/7/17,627070,475
2015/7/20,627070,475
2015/7/21,627070,475
2015/7/22,627070,475
2015/7/23,627070,475
2015/7/24,627070,475
2015/7/27,627070,475
2015/7/28,627070,475
2015/7/29,627070,475
2015/7/30,627070,475
2015/7/31,627070,425
2015/8/3,627070,425
2015/8/4,627070,425
2015/8/5,627070,425
2015/8/6,627070,425
2015/8/7,627070,425
2015/8/10,627070,425
2015/8/11,627070,425
2015/8/12,627070,425
2015/8/13,627070,425
2015/8/14,627070,425
2015/8/17,627070,425
2015/8/18,627070,425
2015/8/19,627070,425
2015/8/20,627070,425
2015/8/21,627070,425
2015/8/24,627070,425
2015/8/25,627070,425
2015/8/26,627070,425
2015/8/27,627070,425
2015/8/28,627070,425
2015/8/31,627070,470
2015/9/1,627070,470
2015/9/2,627070,470
2015/9/3,627070,470
2015/9/4,627070,470
2015/9/7,627070,470
2015/9/8,627070,470
2015/9/9,627070,470
2015/9/10,627070,470
2015/9/11,627070,470
2015/9/14,627070,470
2015/9/15,627070,470
2015/9/16,627070,470
2015/9/17,627070,470
2015/9/18,627070,470
2015/9/21,627070,470
2015/9/22,627070,470
2015/9/23,627070,470
2015/9/24,627070,470
2015/9/25,627070,470
2015/9/28,627070,470
2015/9/29,627070,470
2015/9/30,190610,450
2015/10/1,190610,450
2015/10/2,190610,450
2015/10/5,190610,450
2015/10/6,190610,450
2015/10/7,190610,450
2015/10/8,190610,450
2015/10/9,190610,450
2015/10/12,190610,450
2015/10/13,190610,450
2015/10/14,190610,450
2015/10/15,190610,450
2015/10/16,190610,450
2015/10/19,190610,450
2015/10/20,190610,450
2015/10/21,190610,450
2015/10/22,190610,450
2015/10/23,190610,450
2015/10/26,190610,450
2015/10/27,190610,450
2015/10/28,190610,450
2015/10/29,190610,450
2015/10/30,190610,450
2015/11/2,190610,425
2015/11/3,190610,425
2015/11/4,190610,425
2015/11/5,190610,425
2015/11/6,190610,425
2015/11/9,190610,425
2015/11/10,190610,425
2015/11/11,190610,425
2015/11/12,190610,425
2015/11/13,190610,425
2015/11/16,190610,425
2015/11/17,190610,425
2015/11/18,190610,425
2015/11/19,190610,425
2015/11/20,190610,425
2015/11/23,190610,425
2015/11/24,190610,425
2015/11/25,190610,425
2015/11/26,190610,425
2015/11/27,190610,425
2015/11/30,190610,465
2015/12/1,190610,465
2015/12/2,190610,465
2015/12/3,190610,465
2015/12/4,190610,465
2015/12/7,190610,465
2015/12/8,190610,465
2015/12/9,190610,465
2015/12/10,190610,465
2015/12/11,190610,465
2015/12/14,190610,465
2015/12/15,190610,465
2015/12/16,190610,465
2015/12/17,190610,465
2015/12/18,190610,465
2015/12/21,190610,465
2015/12/22,190610,465
2015/12/23,190610,465
2015/12/24,190610,465
2015/12/25,190610,465
2015/12/28,190610,465
2015/12/29,190610,465
2015/12/30,190610,465
2015/12/31,2715327,465
2016/1/1,2715327,465
2016/1/4,2715327,465
2016/1/5,2715327,465
2016/1/6,2715327,465
2016/1/7,2715327,465
2016/1/8,2715327,465
2016/1/11,2715327,465
2016/1/12,2715327,465
2016/1/13,2715327,465
2016/1/14,2715327,465
2016/1/15,2715327,465
2016/1/18,2715327,465
2016/1/19,2715327,465
2016/1/20,2715327,465
2016/1/21,2715327,465
2016/1/22,2715327,465
2016/1/25,2715327,465
2016/1/26,2715327,465
2016/1/27,2715327,465
2016/1/28,2715327,465
2016/1/29,2715327,465
2016/2/1,2715327,440
2016/2/2,2715327,440
2016/2/3,2715327,440
2016/2/4,2715327,440
2016/2/5,2715327,440
2016/2/8,2715327,440
2016/2/9,2715327,440
2016/2/10,2715327,440
2016/2/11,2715327,440
2016/2/12,2715327,440
2016/2/15,2715327,440
2016/2/16,2715327,440
2016/2/17,2715327,440
2016/2/18,2715327,440
2016/2/19,2715327,440
2016/2/22,2715327,440
2016/2/23,2715327,440
2016/2/24,2715327,440
2016/2/25,2715327,440
2016/2/26,2715327,440
2016/2/29,2715327,450
2016/3/1,2715327,450
2016/3/2,2715327,450
2016/3/3,2715327,450
2016/3/4,2715327,450
2016/3/7,2715327,450
2016/3/8,2715327,450
2016/3/9,2715327,450
2016/3/10,2715327,450
2016/3/11,2715327,450
2016/3/14,2715327,450
2016/3/15,2715327,450
2016/3/16,2715327,450
2016/3/17,2715327,450
2016/3/18,2715327,450
2016/3/21,2715327,450
2016/3/22,2715327,450
2016/3/23,2715327,450
2016/3/24,2715327,450
2016/3/25,2715327,450
2016/3/28,2715327,450
2016/3/29,2715327,450
2016/3/30,2715327,450
2016/3/31,1530906,460
2016/4/1,1530906,460
2016/4/4,1530906,460
2016/4/5,1530906,460
2016/4/6,1530906,460
2016/4/7,1530906,460
2016/4/8,1530906,460
2016/4/11,1530906,460
2016/4/12,1530906,460
2016/4/13,1530906,460
2016/4/14,1530906,460
2016/4/15,1530906,460
2016/4/18,1530906,460
2016/4/19,1530906,460
2016/4/20,1530906,460
2016/4/21,1530906,460
2016/4/22,1530906,460
2016/4/25,1530906,460
2016/4/26,1530906,460
2016/4/27,1530906,460
2016/4/28,1530906,460
2016/4/29,1530906,460
2016/5/2,1530906,445
2016/5/3,1530906,445
2016/5/4,1530906,445
2016/5/5,1530906,445
2016/5/6,1530906,445
2016/5/9,1530906,445
2016/5/10,1530906,445
2016/5/11,1530906,445
2016/5/12,1530906,445
2016/5/13,1530906,445
2016/5/16,1530906,445
2016/5/17,1530906,445
2016/5/18,1530906,445
2016/5/19,1530906,445
2016/5/20,1530906,445
2016/5/23,1530906,445
2016/5/24,1530906,445
2016/5/25,1530906,445
2016/5/26,1530906,445
2016/5/27,1530906,445
2016/5/30,1530906,445
2016/5/31,1530906,305
2016/6/1,1530906,305
2016/6/2,1530906,305
2016/6/3,1530906,305
2016/6/6,1530906,305
2016/6/7,1530906,305
2016/6/8,1530906,305
2016/6/9,1530906,305
2016/6/10,1530906,305
2016/6/13,1530906,305
2016/6/14,1530906,305
2016/6/15,1530906,305
2016/6/16,1530906,305
2016/6/17,1530906,305
2016/6/20,1530906,305
2016/6/21,1530906,305
2016/6/22,1530906,305
2016/6/23,1530906,305
2016/6/24,1530906,305
2016/6/27,1530906,305
2016/6/28,1530906,305
2016/6/29,1530906,305
2016/6/30,871781,260
2016/7/1,871781,260
2016/7/4,871781,260
2016/7/5,871781,260
2016/7/6,871781,260
2016/7/7,871781,260
2016/7/8,871781,260
2016/7/11,871781,260
2016/7/12,871781,260
2016/7/13,871781,260
2016/7/14,871781,260
2016/7/15,871781,260
2016/7/18,871781,260
2016/7/19,871781,260
2016/7/20,871781,260
2016/7/21,871781,260
2016/7/22,871781,260
2016/7/25,871781,260
2016/7/26,871781,260
2016/7/27,871781,260
2016/7/28,871781,260
2016/7/29,871781,260
2016/8/1,871781,290
2016/8/2,871781,290
2016/8/3,871781,290
2016/8/4,871781,290
2016/8/5,871781,290
2016/8/8,871781,290
2016/8/9,871781,290
2016/8/10,871781,290
2016/8/11,871781,290
2016/8/12,871781,290
2016/8/15,871781,290
2016/8/16,871781,290
2016/8/17,871781,290
2016/8/18,871781,290
2016/8/19,871781,290
2016/8/22,871781,290
2016/8/23,871781,290
2016/8/24,871781,290
2016/8/25,871781,290
2016/8/26,871781,290
2016/8/29,871781,290
2016/8/30,871781,290
2016/8/31,871781,330
2016/9/1,871781,330
2016/9/2,871781,330
2016/9/5,871781,330
2016/9/6,871781,330
2016/9/7,871781,330
2016/9/8,871781,330
2016/9/9,871781,330
2016/9/12,871781,330
2016/9/13,871781,330
2016/9/14,871781,330
2016/9/15,871781,330
2016/9/16,871781,330
2016/9/19,871781,330
2016/9/20,871781,330
2016/9/21,871781,330
2016/9/22,871781,330
2016/9/23,871781,330
2016/9/26,871781,330
2016/9/27,871781,330
2016/9/28,871781,330
2016/9/29,871781,330
2016/9/30,196729,365
2016/10/3,196729,365
2016/10/4,196729,365
2016/10/5,196729,365
2016/10/6,196729,365
2016/10/7,196729,365
2016/10/10,196729,365
2016/10/11,196729,365
2016/10/12,196729,365
2016/10/13,196729,365
2016/10/14,196729,365
2016/10/17,196729,365
2016/10/18,196729,365
2016/10/19,196729,365
2016/10/20,196729,365
2016/10/21,196729,365
2016/10/24,196729,365
2016/10/25,196729,365
2016/10/26,196729,365
2016/10/27,196729,365
2016/10/28,196729,365
2016/10/31,196729,395
2016/11/1,196729,395
2016/11/2,196729,395
2016/11/3,196729,395
2016/11/4,196729,395
2016/11/7,196729,395
2016/11/8,196729,395
2016/11/9,196729,395
2016/11/10,196729,395
2016/11/11,196729,395
2016/11/14,196729,395
2016/11/15,196729,395
2016/11/16,196729,395
2016/11/17,196729,395
2016/11/18,196729,395
2016/11/21,196729,395
2016/11/22,196729,395
2016/11/23,196729,395
2016/11/24,196729,395
2016/11/25,196729,395
2016/11/28,196729,395
2016/11/29,196729,395
2016/11/30,196729,480
2016/12/1,196729,480
2016/12/2,196729,480
2016/12/5,196729,480
2016/12/6,196729,480
2016/12/7,196729,480
2016/12/8,196729,480
2016/12/9,196729,480
2016/12/12,196729,480
2016/12/13,196729,480
2016/12/14,196729,480
2016/12/15,196729,480
2016/12/16,196729,480
2016/12/19,196729,480
2016/12/20,196729,480
2016/12/21,196729,480
2016/12/22,196729,480
2016/12/23,196729,480
2016/12/26,196729,480
2016/12/27,196729,480
2016/12/28,196729,480
2016/12/29,196729,480
2016/12/30,196729,480
2017/1/2,2899056,480
2017/1/3,2899056,480
2017/1/4,2899056,480
2017/1/5,2899056,480
2017/1/6,2899056,480
2017/1/9,2899056,480
2017/1/10,2899056,480
2017/1/11,2899056,480
2017/1/12,2899056,480
2017/1/13,2899056,480
2017/1/16,2899056,480
2017/1/17,2899056,480
2017/1/18,2899056,480
2017/1/19,2899056,480
2017/1/20,2899056,480
2017/1/23,2899056,480
2017/1/24,2899056,480
2017/1/25,2899056,480
2017/1/26,2899056,480
2017/1/27,2899056,480
2017/1/30,2899056,480
2017/1/31,2899056,420
2017/2/1,2899056,420
2017/2/2,2899056,420
2017/2/3,2899056,420
2017/2/6,2899056,420
2017/2/7,2899056,420
2017/2/8,2899056,420
2017/2/9,2899056,420
2017/2/10,2899056,420
2017/2/13,2899056,420
2017/2/14,2899056,420
2017/2/15,2899056,420
2017/2/16,2899056,420
2017/2/17,2899056,420
2017/2/20,2899056,420
2017/2/21,2899056,420
2017/2/22,2899056,420
2017/2/23,2899056,420
2017/2/24,2899056,420
2017/2/27,2899056,420
2017/2/28,2899056,420
2017/3/1,2899056,420
2017/3/2,2899056,420
2017/3/3,2899056,420
2017/3/6,2899056,420
2017/3/7,2899056,420
2017/3/8,2899056,420
2017/3/9,2899056,420
2017/3/10,2899056,420
2017/3/13,2899056,420
2017/3/14,2899056,420
2017/3/15,2899056,420
2017/3/16,2899056,420
2017/3/17,2899056,420
2017/3/20,2899056,420
2017/3/21,2899056,420
2017/3/22,2899056,420
2017/3/23,2899056,420
2017/3/24,2899056,420
2017/3/27,2899056,420
2017/3/28,2899056,420
2017/3/29,2899056,420
2017/3/30,2899056,420
2017/3/31,1738933,435
2017/4/3,1738933,435
2017/4/4,1738933,435
2017/4/5,1738933,435
2017/4/6,1738933,435
2017/4/7,1738933,435
2017/4/10,1738933,435
2017/4/11,1738933,435
2017/4/12,1738933,435
2017/4/13,1738933,435
2017/4/14,1738933,435
2017/4/17,1738933,435
2017/4/18,1738933,435
2017/4/19,1738933,435
2017/4/20,1738933,435
2017/4/21,1738933,435
2017/4/24,1738933,435
2017/4/25,1738933,435
2017/4/26,1738933,435
2017/4/27,1738933,435
2017/4/28,1738933,435
2017/5/1,1738933,445
2017/5/2,1738933,445
2017/5/3,1738933,445
2017/5/4,1738933,445
2017/5/5,1738933,445
2017/5/8,1738933,445
2017/5/9,1738933,445
2017/5/10,1738933,445
2017/5/11,1738933,445
2017/5/12,1738933,445
2017/5/15,1738933,445
2017/5/16,1738933,445
2017/5/17,1738933,445
2017/5/18,1738933,445
2017/5/19,1738933,445
2017/5/22,1738933,445
2017/5/23,1738933,445
2017/5/24,1738933,445
2017/5/25,1738933,445
2017/5/26,1738933,445
2017/5/29,1738933,445
2017/5/30,1738933,445
2017/5/31,1738933,480
2017/6/1,1738933,480
2017/6/2,1738933,480
2017/6/5,1738933,480
2017/6/6,1738933,480
2017/6/7,1738933,480
2017/6/8,1738933,480
2017/6/9,1738933,480
2017/6/12,1738933,480
2017/6/13,1738933,480
2017/6/14,1738933,480
2017/6/15,1738933,480
2017/6/16,1738933,480
2017/6/19,1738933,480
2017/6/20,1738933,480
2017/6/21,1738933,480
2017/6/22,1738933,480
2017/6/23,1738933,480
2017/6/26,1738933,480
2017/6/27,1738933,480
2017/6/28,1738933,480
2017/6/29,1738933,480
2017/6/30,965856,495
2017/7/3,965856,495
2017/7/4,965856,495
2017/7/5,965856,495
2017/7/6,965856,495
2017/7/7,965856,495
2017/7/10,965856,495
2017/7/11,965856,495
2017/7/12,965856,495
2017/7/13,965856,495
2017/7/14,965856,495
2017/7/17,965856,495
2017/7/18,965856,495
2017/7/19,965856,495
2017/7/20,965856,495
2017/7/21,965856,495
2017/7/24,965856,495
2017/7/25,965856,495
2017/7/26,965856,495
2017/7/27,965856,495
2017/7/28,965856,495
2017/7/31,965856,460
2017/8/1,965856,460
2017/8/2,965856,460
2017/8/3,965856,460
2017/8/4,965856,460
2017/8/7,965856,460
2017/8/8,965856,460
2017/8/9,965856,460
2017/8/10,965856,460
2017/8/11,965856,460
2017/8/14,965856,460
2017/8/15,965856,460
2017/8/16,965856,460
2017/8/17,965856,460
2017/8/18,965856,460
2017/8/21,965856,460
2017/8/22,965856,460
2017/8/23,965856,460
2017/8/24,965856,460
2017/8/25,965856,460
2017/8/28,965856,460
2017/8/29,965856,460
2017/8/30,965856,460
2017/8/31,965856,475
2017/9/1,965856,475
2017/9/4,965856,475
2017/9/5,965856,475
2017/9/6,965856,475
2017/9/7,965856,475
2017/9/8,965856,475
2017/9/11,965856,475
2017/9/12,965856,475
2017/9/13,965856,475
2017/9/14,965856,475
2017/9/15,965856,475
2017/9/18,965856,475
2017/9/19,965856,475
2017/9/20,965856,475
2017/9/21,965856,475
2017/9/22,965856,475
2017/9/25,965856,475
2017/9/26,965856,475
2017/9/27,965856,475
2017/9/28,965856,475
2017/9/29,965856,475
2017/10/2,301595,475
2017/10/3,301595,475
2017/10/4,301595,475
2017/10/5,301595,475
2017/10/6,301595,475
2017/10/9,301595,475
2017/10/10,301595,475
2017/10/11,301595,475
2017/10/12,301595,475
2017/10/13,301595,475
2017/10/16,301595,475
2017/10/17,301595,475
2017/10/18,301595,475
2017/10/19,301595,475
2017/10/20,301595,475
2017/10/23,301595,475
2017/10/24,301595,475
2017/10/25,301595,475
2017/10/26,301595,475
2017/10/27,301595,475
2017/10/30,301595,475
2017/10/31,301595,430
2017/11/1,301595,430
2017/11/2,301595,430
2017/11/3,301595,430
2017/11/6,301595,430
2017/11/7,301595,430
2017/11/8,301595,430
2017/11/9,301595,430
2017/11/10,301595,430
2017/11/13,301595,430
2017/11/14,301595,430
2017/11/15,301595,430
2017/11/16,301595,430
2017/11/17,301595,430
2017/11/20,301595,430
2017/11/21,301595,430
2017/11/22,301595,430
2017/11/23,301595,430
2017/11/24,301595,430
2017/11/27,301595,430
2017/11/28,301595,430
2017/11/29,301595,430
2017/11/30,301595,425
2017/12/1,301595,425
2017/12/4,301595,425
2017/12/5,301595,425
2017/12/6,301595,425
2017/12/7,301595,425
2017/12/8,301595,425
2017/12/11,301595,425
2017/12/12,301595,425
2017/12/13,301595,425
2017/12/14,301595,425
2017/12/15,301595,425
2017/12/18,301595,425
2017/12/19,301595,425
2017/12/20,301595,425
2017/12/21,301595,425
2017/12/22,301595,425
2017/12/25,301595,425
2017/12/26,301595,425
2017/12/27,301595,425
2017/12/28,301595,425
2017/12/29,301595,425
2018/1/1,3160679,445
2018/1/2,3160679,445
2018/1/3,3160679,445
2018/1/4,3160679,445
2018/1/5,3160679,445
2018/1/8,3160679,445
2018/1/9,3160679,445
2018/1/10,3160679,445
2018/1/11,3160679,445
2018/1/12,3160679,445
2018/1/15,3160679,445
2018/1/16,3160679,445
2018/1/17,3160679,445
2018/1/18,3160679,445
2018/1/19,3160679,445
2018/1/22,3160679,445
2018/1/23,3160679,445
2018/1/24,3160679,445
2018/1/25,3160679,445
2018/1/26,3160679,445
2018/1/29,3160679,445
2018/1/30,3160679,445
2018/1/31,3160679,470
2018/2/1,3160679,470
2018/2/2,3160679,470
2018/2/5,3160679,470
2018/2/6,3160679,470
2018/2/7,3160679,470
2018/2/8,3160679,470
2018/2/9,3160679,470
2018/2/12,3160679,470
2018/2/13,3160679,470
2018/2/14,3160679,470
2018/2/15,3160679,470
2018/2/16,3160679,470
2018/2/19,3160679,470
2018/2/20,3160679,470
2018/2/21,3160679,470
2018/2/22,3160679,470
2018/2/23,3160679,470
2018/2/26,3160679,470
2018/2/27,3160679,470
2018/2/28,3160679,530
2018/3/1,3160679,530
2018/3/2,3160679,530
2018/3/5,3160679,530
2018/3/6,3160679,530
2018/3/7,3160679,530
2018/3/8,3160679,530
2018/3/9,3160679,530
2018/3/12,3160679,530
2018/3/13,3160679,530
2018/3/14,3160679,530
2018/3/15,3160679,530
2018/3/16,3160679,530
2018/3/19,3160679,530
2018/3/20,3160679,530
2018/3/21,3160679,530
2018/3/22,3160679,530
2018/3/23,3160679,530
2018/3/26,3160679,530
2018/3/27,3160679,530
2018/3/28,3160679,530
2018/3/29,3160679,530
2018/3/30,3160679,530
2018/4/2,2109303,555
2018/4/3,2109303,555
2018/4/4,2109303,555
2018/4/5,2109303,555
2018/4/6,2109303,555
2018/4/9,2109303,555
2018/4/10,2109303,555
2018/4/11,2109303,555
2018/4/12,2109303,555
2018/4/13,2109303,555
2018/4/16,2109303,555
2018/4/17,2109303,555
2018/4/18,2109303,555
2018/4/19,2109303,555
2018/4/20,2109303,555
2018/4/23,2109303,555
2018/4/24,2109303,555
2018/4/25,2109303,555
2018/4/26,2109303,555
2018/4/27,2109303,555
2018/4/30,2109303,550
2018/5/1,2109303,550
2018/5/2,2109303,550
2018/5/3,2109303,550
2018/5/4,2109303,550
2018/5/7,2109303,550
2018/5/8,2109303,550
2018/5/9,2109303,550
2018/5/10,2109303,550
2018/5/11,2109303,550
2018/5/14,2109303,550
2018/5/15,2109303,550
2018/5/16,2109303,550
2018/5/17,2109303,550
2018/5/18,2109303,550
2018/5/21,2109303,550
2018/5/22,2109303,550
2018/5/23,2109303,550
2018/5/24,2109303,550
2018/5/25,2109303,550
2018/5/28,2109303,550
2018/5/29,2109303,550
2018/5/30,2109303,550
2018/5/31,2109303,415
2018/6/1,2109303,415
2018/6/4,2109303,415
2018/6/5,2109303,415
2018/6/6,2109303,415
2018/6/7,2109303,415
2018/6/8,2109303,415
2018/6/11,2109303,415
2018/6/12,2109303,415
2018/6/13,2109303,415
2018/6/14,2109303,415
2018/6/15,2109303,415
2018/6/18,2109303,415
2018/6/19,2109303,415
2018/6/20,2109303,415
2018/6/21,2109303,415
2018/6/22,2109303,415
2018/6/25,2109303,415
2018/6/26,2109303,415
2018/6/27,2109303,415
2018/6/28,2109303,415
2018/6/29,2109303,415
2018/7/2,1219329,385
2018/7/3,1219329,385
2018/7/4,1219329,385
2018/7/5,1219329,385
2018/7/6,1219329,385
2018/7/9,1219329,385
2018/7/10,1219329,385
2018/7/11,1219329,385
2018/7/12,1219329,385
2018/7/13,1219329,385
2018/7/16,1219329,385
2018/7/17,1219329,385
2018/7/18,1219329,385
2018/7/19,1219329,385
2018/7/20,1219329,385
2018/7/23,1219329,385
2018/7/24,1219329,385
2018/7/25,1219329,385
2018/7/26,1219329,385
2018/7/27,1219329,385
2018/7/30,1219329,385
2018/7/31,1219329,580
2018/8/1,1219329,580
2018/8/2,1219329,580
2018/8/3,1219329,580
2018/8/6,1219329,580
2018/8/7,1219329,580
2018/8/8,1219329,580
2018/8/9,1219329,580
2018/8/10,1219329,580
2018/8/13,1219329,580
2018/8/14,1219329,580
2018/8/15,1219329,580
2018/8/16,1219329,580
2018/8/17,1219329,580
2018/8/20,1219329,580
2018/8/21,1219329,580
2018/8/22,1219329,580
2018/8/23,1219329,580
2018/8/24,1219329,580
2018/8/27,1219329,580
2018/8/28,1219329,580
2018/8/29,1219329,580
2018/8/30,1219329,580
2018/8/31,1219329,785
2018/9/3,1219329,785
2018/9/4,1219329,785
2018/9/5,1219329,785
2018/9/6,1219329,785
2018/9/7,1219329,785
2018/9/10,1219329,785
2018/9/11,1219329,785
2018/9/12,1219329,785
2018/9/13,1219329,785
2018/9/14,1219329,785
2018/9/17,1219329,785
2018/9/18,1219329,785
2018/9/19,1219329,785
2018/9/20,1219329,785
2018/9/21,1219329,785
2018/9/24,1219329,785
2018/9/25,1219329,785
2018/9/26,1219329,785
2018/9/27,1219329,785
2018/9/28,1219329,785
2018/10/1,438105,845
2018/10/2,438105,845
2018/10/3,438105,845
2018/10/4,438105,845
2018/10/5,438105,845
2018/10/8,438105,845
2018/10/9,438105,845
2018/10/10,438105,845
2018/10/11,438105,845
2018/10/12,438105,845
2018/10/15,438105,845
2018/10/16,438105,845
2018/10/17,438105,845
2018/10/18,438105,845
2018/10/19,438105,845
2018/10/22,438105,845
2018/10/23,438105,845
2018/10/24,438105,845
2018/10/25,438105,845
2018/10/26,438105,845
2018/10/29,438105,845
2018/10/30,438105,845
2018/10/31,438105,885
2018/11/1,438105,885
2018/11/2,438105,885
2018/11/5,438105,885
2018/11/6,438105,885
2018/11/7,438105,885
2018/11/8,438105,885
2018/11/9,438105,885
2018/11/12,438105,885
2018/11/13,438105,885
2018/11/14,438105,885
2018/11/15,438105,885
2018/11/16,438105,885
2018/11/19,438105,885
2018/11/20,438105,885
2018/11/21,438105,885
2018/11/22,438105,885
2018/11/23,438105,885
2018/11/26,438105,885
2018/11/27,438105,885
2018/11/28,438105,885
2018/11/29,438105,885
2018/11/30,438105,955
2018/12/3,438105,955
2018/12/4,438105,955
2018/12/5,438105,955
2018/12/6,438105,955
2018/12/7,438105,955
2018/12/10,438105,955
2018/12/11,438105,955
2018/12/12,438105,955
2018/12/13,438105,955
2018/12/14,438105,955
2018/12/17,438105,955
2018/12/18,438105,955
2018/12/19,438105,955
2018/12/20,438105,955
2018/12/21,438105,955
2018/12/24,438105,955
2018/12/25,438105,955
2018/12/26,438105,955
2018/12/27,438105,955
2018/12/28,438105,955
2018/12/31,3745824,955
2019/1/1,3745824,955
2019/1/2,3745824,955
2019/1/3,3745824,955
2019/1/4,3745824,955
2019/1/7,3745824,955
2019/1/8,3745824,955
2019/1/9,3745824,955
2019/1/10,3745824,955
2019/1/11,3745824,955
2019/1/14,3745824,955
2019/1/15,3745824,955
2019/1/16,3745824,955
2019/1/17,3745824,955
2019/1/18,3745824,955
2019/1/21,3745824,955
2019/1/22,3745824,955
2019/1/23,3745824,955
2019/1/24,3745824,955
2019/1/25,3745824,955
2019/1/28,3745824,955
2019/1/29,3745824,955
2019/1/30,3745824,955
2019/1/31,3745824,955
2019/2/1,3745824,955
2019/2/4,3745824,955
2019/2/5,3745824,955
2019/2/6,3745824,955
2019/2/7,3745824,955
2019/2/8,3745824,955
2019/2/11,3745824,955
2019/2/12,3745824,955
2019/2/13,3745824,955
2019/2/14,3745824,955
2019/2/15,3745824,955
2019/2/18,3745824,955
2019/2/19,3745824,955
2019/2/20,3745824,955
2019/2/21,3745824,955
2019/2/22,3745824,955
2019/2/25,3745824,955
2019/2/26,3745824,955
2019/2/27,3745824,955
2019/2/28,3745824,910
2019/3/1,3745824,910
2019/3/4,3745824,910
2019/3/5,3745824,910
2019/3/6,3745824,910
2019/3/7,3745824,910
2019/3/8,3745824,910
2019/3/11,3745824,910
2019/3/12,3745824,910
2019/3/13,3745824,910
2019/3/14,3745824,910
2019/3/15,3745824,910
2019/3/18,3745824,910
2019/3/19,3745824,910
2019/3/20,3745824,910
2019/3/21,3745824,910
2019/3/22,3745824,910
2019/3/25,3745824,910
2019/3/26,3745824,910
2019/3/27,3745824,910
2019/3/28,3745824,910
2019/3/29,3745824,910
2019/4/1,2715552,900
2019/4/2,2715552,900
2019/4/3,2715552,900
2019/4/4,2715552,900
2019/4/5,2715552,900
2019/4/8,2715552,900
2019/4/9,2715552,900
2019/4/10,2715552,900
2019/4/11,2715552,900
2019/4/12,2715552,900
2019/4/15,2715552,900
2019/4/16,2715552,900
2019/4/17,2715552,900
2019/4/18,2715552,900
2019/4/19,2715552,900
2019/4/22,2715552,900
2019/4/23,2715552,900
2019/4/24,2715552,900
2019/4/25,2715552,900
2019/4/26,2715552,900
2019/4/29,2715552,900
2019/4/30,2715552,895
2019/5/1,2715552,895
2019/5/2,2715552,895
2019/5/3,2715552,895
2019/5/6,2715552,895
2019/5/7,2715552,895
