Dates,S_Sup,S_Use
2010/1/1,3465,3210
2010/1/4,3465,3210
2010/1/5,3465,3210
2010/1/6,3465,3210
2010/1/7,3465,3210
2010/1/8,3465,3210
2010/1/11,3465,3210
2010/1/12,3465,3210
2010/1/13,3465,3210
2010/1/14,3465,3210
2010/1/15,3465,3210
2010/1/18,3465,3210
2010/1/19,3465,3210
2010/1/20,3465,3210
2010/1/21,3465,3210
2010/1/22,3465,3210
2010/1/25,3465,3210
2010/1/26,3465,3210
2010/1/27,3465,3210
2010/1/28,3465,3210
2010/1/29,3465,3210
2010/2/1,3507,3262
2010/2/2,3507,3262
2010/2/3,3507,3262
2010/2/4,3507,3262
2010/2/5,3507,3262
2010/2/8,3507,3262
2010/2/9,3507,3262
2010/2/10,3507,3262
2010/2/11,3507,3262
2010/2/12,3507,3262
2010/2/15,3507,3262
2010/2/16,3507,3262
2010/2/17,3507,3262
2010/2/18,3507,3262
2010/2/19,3507,3262
2010/2/22,3507,3262
2010/2/23,3507,3262
2010/2/24,3507,3262
2010/2/25,3507,3262
2010/2/26,3507,3262
2010/3/1,3507,3297
2010/3/2,3507,3297
2010/3/3,3507,3297
2010/3/4,3507,3297
2010/3/5,3507,3297
2010/3/8,3507,3297
2010/3/9,3507,3297
2010/3/10,3507,3297
2010/3/11,3507,3297
2010/3/12,3507,3297
2010/3/15,3507,3297
2010/3/16,3507,3297
2010/3/17,3507,3297
2010/3/18,3507,3297
2010/3/19,3507,3297
2010/3/22,3507,3297
2010/3/23,3507,3297
2010/3/24,3507,3297
2010/3/25,3507,3297
2010/3/26,3507,3297
2010/3/29,3507,3297
2010/3/30,3507,3297
2010/3/31,3512,3322
2010/4/1,3512,3322
2010/4/2,3512,3322
2010/4/5,3512,3322
2010/4/6,3512,3322
2010/4/7,3512,3322
2010/4/8,3512,3322
2010/4/9,3512,3322
2010/4/12,3512,3322
2010/4/13,3512,3322
2010/4/14,3512,3322
2010/4/15,3512,3322
2010/4/16,3512,3322
2010/4/19,3512,3322
2010/4/20,3512,3322
2010/4/21,3512,3322
2010/4/22,3512,3322
2010/4/23,3512,3322
2010/4/26,3512,3322
2010/4/27,3512,3322
2010/4/28,3512,3322
2010/4/29,3512,3322
2010/4/30,3512,3323
2010/5/3,3512,3323
2010/5/4,3512,3323
2010/5/5,3512,3323
2010/5/6,3512,3323
2010/5/7,3512,3323
2010/5/10,3512,3323
2010/5/11,3512,3323
2010/5/12,3512,3323
2010/5/13,3512,3323
2010/5/14,3512,3323
2010/5/17,3512,3323
2010/5/18,3512,3323
2010/5/19,3512,3323
2010/5/20,3512,3323
2010/5/21,3512,3323
2010/5/24,3512,3323
2010/5/25,3512,3323
2010/5/26,3512,3323
2010/5/27,3512,3323
2010/5/28,3512,3323
2010/5/31,3510,3144
2010/6/1,3510,3144
2010/6/2,3510,3144
2010/6/3,3510,3144
2010/6/4,3510,3144
2010/6/7,3510,3144
2010/6/8,3510,3144
2010/6/9,3510,3144
2010/6/10,3510,3144
2010/6/11,3510,3144
2010/6/14,3510,3144
2010/6/15,3510,3144
2010/6/16,3510,3144
2010/6/17,3510,3144
2010/6/18,3510,3144
2010/6/21,3510,3144
2010/6/22,3510,3144
2010/6/23,3510,3144
2010/6/24,3510,3144
2010/6/25,3510,3144
2010/6/28,3510,3144
2010/6/29,3510,3144
2010/6/30,3505,3144
2010/7/1,3505,3144
2010/7/2,3505,3144
2010/7/5,3505,3144
2010/7/6,3505,3144
2010/7/7,3505,3144
2010/7/8,3505,3144
2010/7/9,3505,3144
2010/7/12,3505,3144
2010/7/13,3505,3144
2010/7/14,3505,3144
2010/7/15,3505,3144
2010/7/16,3505,3144
2010/7/19,3505,3144
2010/7/20,3505,3144
2010/7/21,3505,3144
2010/7/22,3505,3144
2010/7/23,3505,3144
2010/7/26,3505,3144
2010/7/27,3505,3144
2010/7/28,3505,3144
2010/7/29,3505,3144
2010/7/30,3505,3144
2010/8/2,3530,3170
2010/8/3,3530,3170
2010/8/4,3530,3170
2010/8/5,3530,3170
2010/8/6,3530,3170
2010/8/9,3530,3170
2010/8/10,3530,3170
2010/8/11,3530,3170
2010/8/12,3530,3170
2010/8/13,3530,3170
2010/8/16,3530,3170
2010/8/17,3530,3170
2010/8/18,3530,3170
2010/8/19,3530,3170
2010/8/20,3530,3170
2010/8/23,3530,3170
2010/8/24,3530,3170
2010/8/25,3530,3170
2010/8/26,3530,3170
2010/8/27,3530,3170
2010/8/30,3530,3170
2010/8/31,3603,3243
2010/9/1,3603,3243
2010/9/2,3603,3243
2010/9/3,3603,3243
2010/9/6,3603,3243
2010/9/7,3603,3243
2010/9/8,3603,3243
2010/9/9,3603,3243
2010/9/10,3603,3243
2010/9/13,3603,3243
2010/9/14,3603,3243
2010/9/15,3603,3243
2010/9/16,3603,3243
2010/9/17,3603,3243
2010/9/20,3603,3243
2010/9/21,3603,3243
2010/9/22,3603,3243
2010/9/23,3603,3243
2010/9/24,3603,3243
2010/9/27,3603,3243
2010/9/28,3603,3243
2010/9/29,3603,3243
2010/9/30,3643,3293
2010/10/1,3643,3293
2010/10/4,3643,3293
2010/10/5,3643,3293
2010/10/6,3643,3293
2010/10/7,3643,3293
2010/10/8,3643,3293
2010/10/11,3643,3293
2010/10/12,3643,3293
2010/10/13,3643,3293
2010/10/14,3643,3293
2010/10/15,3643,3293
2010/10/18,3643,3293
2010/10/19,3643,3293
2010/10/20,3643,3293
2010/10/21,3643,3293
2010/10/22,3643,3293
2010/10/25,3643,3293
2010/10/26,3643,3293
2010/10/27,3643,3293
2010/10/28,3643,3293
2010/10/29,3643,3293
2010/11/1,3569,3305
2010/11/2,3569,3305
2010/11/3,3569,3305
2010/11/4,3569,3305
2010/11/5,3569,3305
2010/11/8,3569,3305
2010/11/9,3569,3305
2010/11/10,3569,3305
2010/11/11,3569,3305
2010/11/12,3569,3305
2010/11/15,3569,3305
2010/11/16,3569,3305
2010/11/17,3569,3305
2010/11/18,3569,3305
2010/11/19,3569,3305
2010/11/22,3569,3305
2010/11/23,3569,3305
2010/11/24,3569,3305
2010/11/25,3569,3305
2010/11/26,3569,3305
2010/11/29,3569,3305
2010/11/30,3536,3351
2010/12/1,3536,3351
2010/12/2,3536,3351
2010/12/3,3536,3351
2010/12/6,3536,3351
2010/12/7,3536,3351
2010/12/8,3536,3351
2010/12/9,3536,3351
2010/12/10,3536,3351
2010/12/13,3536,3351
2010/12/14,3536,3351
2010/12/15,3536,3351
2010/12/16,3536,3351
2010/12/17,3536,3351
2010/12/20,3536,3351
2010/12/21,3536,3351
2010/12/22,3536,3351
2010/12/23,3536,3351
2010/12/24,3536,3351
2010/12/27,3536,3351
2010/12/28,3536,3351
2010/12/29,3536,3351
2010/12/30,3536,3351
2010/12/31,3536,3371
2011/1/3,3536,3371
2011/1/4,3536,3371
2011/1/5,3536,3371
2011/1/6,3536,3371
2011/1/7,3536,3371
2011/1/10,3536,3371
2011/1/11,3536,3371
2011/1/12,3536,3371
2011/1/13,3536,3371
2011/1/14,3536,3371
2011/1/17,3536,3371
2011/1/18,3536,3371
2011/1/19,3536,3371
2011/1/20,3536,3371
2011/1/21,3536,3371
2011/1/24,3536,3371
2011/1/25,3536,3371
2011/1/26,3536,3371
2011/1/27,3536,3371
2011/1/28,3536,3371
2011/1/31,3495,3355
2011/2/1,3495,3355
2011/2/2,3495,3355
2011/2/3,3495,3355
2011/2/4,3495,3355
2011/2/7,3495,3355
2011/2/8,3495,3355
2011/2/9,3495,3355
2011/2/10,3495,3355
2011/2/11,3495,3355
2011/2/14,3495,3355
2011/2/15,3495,3355
2011/2/16,3495,3355
2011/2/17,3495,3355
2011/2/18,3495,3355
2011/2/21,3495,3355
2011/2/22,3495,3355
2011/2/23,3495,3355
2011/2/24,3495,3355
2011/2/25,3495,3355
2011/2/28,3495,3355
2011/3/1,3495,3355
2011/3/2,3495,3355
2011/3/3,3495,3355
2011/3/4,3495,3355
2011/3/7,3495,3355
2011/3/8,3495,3355
2011/3/9,3495,3355
2011/3/10,3495,3355
2011/3/11,3495,3355
2011/3/14,3495,3355
2011/3/15,3495,3355
2011/3/16,3495,3355
2011/3/17,3495,3355
2011/3/18,3495,3355
2011/3/21,3495,3355
2011/3/22,3495,3355
2011/3/23,3495,3355
2011/3/24,3495,3355
2011/3/25,3495,3355
2011/3/28,3495,3355
2011/3/29,3495,3355
2011/3/30,3495,3355
2011/3/31,3495,3355
2011/4/1,3495,3355
2011/4/4,3495,3355
2011/4/5,3495,3355
2011/4/6,3495,3355
2011/4/7,3495,3355
2011/4/8,3495,3355
2011/4/11,3495,3355
2011/4/12,3495,3355
2011/4/13,3495,3355
2011/4/14,3495,3355
2011/4/15,3495,3355
2011/4/18,3495,3355
2011/4/19,3495,3355
2011/4/20,3495,3355
2011/4/21,3495,3355
2011/4/22,3495,3355
2011/4/25,3495,3355
2011/4/26,3495,3355
2011/4/27,3495,3355
2011/4/28,3495,3355
2011/4/29,3495,3355
2011/5/2,3495,3355
2011/5/3,3495,3355
2011/5/4,3495,3355
2011/5/5,3495,3355
2011/5/6,3495,3355
2011/5/9,3495,3355
2011/5/10,3495,3355
2011/5/11,3495,3355
2011/5/12,3495,3355
2011/5/13,3495,3355
2011/5/16,3495,3355
2011/5/17,3495,3355
2011/5/18,3495,3355
2011/5/19,3495,3355
2011/5/20,3495,3355
2011/5/23,3495,3355
2011/5/24,3495,3355
2011/5/25,3495,3355
2011/5/26,3495,3355
2011/5/27,3495,3355
2011/5/30,3495,3355
2011/5/31,3470,3310
2011/6/1,3470,3310
2011/6/2,3470,3310
2011/6/3,3470,3310
2011/6/6,3470,3310
2011/6/7,3470,3310
2011/6/8,3470,3310
2011/6/9,3470,3310
2011/6/10,3470,3310
2011/6/13,3470,3310
2011/6/14,3470,3310
2011/6/15,3470,3310
2011/6/16,3470,3310
2011/6/17,3470,3310
2011/6/20,3470,3310
2011/6/21,3470,3310
2011/6/22,3470,3310
2011/6/23,3470,3310
2011/6/24,3470,3310
2011/6/27,3470,3310
2011/6/28,3470,3310
2011/6/29,3470,3310
2011/6/30,3480,3290
2011/7/1,3480,3290
2011/7/4,3480,3290
2011/7/5,3480,3290
2011/7/6,3480,3290
2011/7/7,3480,3290
2011/7/8,3480,3290
2011/7/11,3480,3290
2011/7/12,3480,3290
2011/7/13,3480,3290
2011/7/14,3480,3290
2011/7/15,3480,3290
2011/7/18,3480,3290
2011/7/19,3480,3290
2011/7/20,3480,3290
2011/7/21,3480,3290
2011/7/22,3480,3290
2011/7/25,3480,3290
2011/7/26,3480,3290
2011/7/27,3480,3290
2011/7/28,3480,3290
2011/7/29,3480,3290
2011/8/1,3440,3264
2011/8/2,3440,3264
2011/8/3,3440,3264
2011/8/4,3440,3264
2011/8/5,3440,3264
2011/8/8,3440,3264
2011/8/9,3440,3264
2011/8/10,3440,3264
2011/8/11,3440,3264
2011/8/12,3440,3264
2011/8/15,3440,3264
2011/8/16,3440,3264
2011/8/17,3440,3264
2011/8/18,3440,3264
2011/8/19,3440,3264
2011/8/22,3440,3264
2011/8/23,3440,3264
2011/8/24,3440,3264
2011/8/25,3440,3264
2011/8/26,3440,3264
2011/8/29,3440,3264
2011/8/30,3440,3264
2011/8/31,3301,3146
2011/9/1,3301,3146
2011/9/2,3301,3146
2011/9/5,3301,3146
2011/9/6,3301,3146
2011/9/7,3301,3146
2011/9/8,3301,3146
2011/9/9,3301,3146
2011/9/12,3301,3146
2011/9/13,3301,3146
2011/9/14,3301,3146
2011/9/15,3301,3146
2011/9/16,3301,3146
2011/9/19,3301,3146
2011/9/20,3301,3146
2011/9/21,3301,3146
2011/9/22,3301,3146
2011/9/23,3301,3146
2011/9/26,3301,3146
2011/9/27,3301,3146
2011/9/28,3301,3146
2011/9/29,3301,3146
2011/9/30,3325,3161
2011/10/3,3325,3161
2011/10/4,3325,3161
2011/10/5,3325,3161
2011/10/6,3325,3161
2011/10/7,3325,3161
2011/10/10,3325,3161
2011/10/11,3325,3161
2011/10/12,3325,3161
2011/10/13,3325,3161
2011/10/14,3325,3161
2011/10/17,3325,3161
2011/10/18,3325,3161
2011/10/19,3325,3161
2011/10/20,3325,3161
2011/10/21,3325,3161
2011/10/24,3325,3161
2011/10/25,3325,3161
2011/10/26,3325,3161
2011/10/27,3325,3161
2011/10/28,3325,3161
2011/10/31,3290,3130
2011/11/1,3290,3130
2011/11/2,3290,3130
2011/11/3,3290,3130
2011/11/4,3290,3130
2011/11/7,3290,3130
2011/11/8,3290,3130
2011/11/9,3290,3130
2011/11/10,3290,3130
2011/11/11,3290,3130
2011/11/14,3290,3130
2011/11/15,3290,3130
2011/11/16,3290,3130
2011/11/17,3290,3130
2011/11/18,3290,3130
2011/11/21,3290,3130
2011/11/22,3290,3130
2011/11/23,3290,3130
2011/11/24,3290,3130
2011/11/25,3290,3130
2011/11/28,3290,3130
2011/11/29,3290,3130
2011/11/30,3275,3080
2011/12/1,3275,3080
2011/12/2,3275,3080
2011/12/5,3275,3080
2011/12/6,3275,3080
2011/12/7,3275,3080
2011/12/8,3275,3080
2011/12/9,3275,3080
2011/12/12,3275,3080
2011/12/13,3275,3080
2011/12/14,3275,3080
2011/12/15,3275,3080
2011/12/16,3275,3080
2011/12/19,3275,3080
2011/12/20,3275,3080
2011/12/21,3275,3080
2011/12/22,3275,3080
2011/12/23,3275,3080
2011/12/26,3275,3080
2011/12/27,3275,3080
2011/12/28,3275,3080
2011/12/29,3275,3080
2011/12/30,3275,3080
2012/1/2,3275,3045
2012/1/3,3275,3045
2012/1/4,3275,3045
2012/1/5,3275,3045
2012/1/6,3275,3045
2012/1/9,3275,3045
2012/1/10,3275,3045
2012/1/11,3275,3045
2012/1/12,3275,3045
2012/1/13,3275,3045
2012/1/16,3275,3045
2012/1/17,3275,3045
2012/1/18,3275,3045
2012/1/19,3275,3045
2012/1/20,3275,3045
2012/1/23,3275,3045
2012/1/24,3275,3045
2012/1/25,3275,3045
2012/1/26,3275,3045
2012/1/27,3275,3045
2012/1/30,3275,3045
2012/1/31,3286,3011
2012/2/1,3286,3011
2012/2/2,3286,3011
2012/2/3,3286,3011
2012/2/6,3286,3011
2012/2/7,3286,3011
2012/2/8,3286,3011
2012/2/9,3286,3011
2012/2/10,3286,3011
2012/2/13,3286,3011
2012/2/14,3286,3011
2012/2/15,3286,3011
2012/2/16,3286,3011
2012/2/17,3286,3011
2012/2/20,3286,3011
2012/2/21,3286,3011
2012/2/22,3286,3011
2012/2/23,3286,3011
2012/2/24,3286,3011
2012/2/27,3286,3011
2012/2/28,3286,3011
2012/2/29,3286,3011
2012/3/1,3286,3011
2012/3/2,3286,3011
2012/3/5,3286,3011
2012/3/6,3286,3011
2012/3/7,3286,3011
2012/3/8,3286,3011
2012/3/9,3286,3011
2012/3/12,3286,3011
2012/3/13,3286,3011
2012/3/14,3286,3011
2012/3/15,3286,3011
2012/3/16,3286,3011
2012/3/19,3286,3011
2012/3/20,3286,3011
2012/3/21,3286,3011
2012/3/22,3286,3011
2012/3/23,3286,3011
2012/3/26,3286,3011
2012/3/27,3286,3011
2012/3/28,3286,3011
2012/3/29,3286,3011
2012/3/30,3286,3011
2012/4/2,3286,3011
2012/4/3,3286,3011
2012/4/4,3286,3011
2012/4/5,3286,3011
2012/4/6,3286,3011
2012/4/9,3286,3011
2012/4/10,3286,3011
2012/4/11,3286,3011
2012/4/12,3286,3011
2012/4/13,3286,3011
2012/4/16,3286,3011
2012/4/17,3286,3011
2012/4/18,3286,3011
2012/4/19,3286,3011
2012/4/20,3286,3011
2012/4/23,3286,3011
2012/4/24,3286,3011
2012/4/25,3286,3011
2012/4/26,3286,3011
2012/4/27,3286,3011
2012/4/30,3286,3036
2012/5/1,3286,3036
2012/5/2,3286,3036
2012/5/3,3286,3036
2012/5/4,3286,3036
2012/5/7,3286,3036
2012/5/8,3286,3036
2012/5/9,3286,3036
2012/5/10,3286,3036
2012/5/11,3286,3036
2012/5/14,3286,3036
2012/5/15,3286,3036
2012/5/16,3286,3036
2012/5/17,3286,3036
2012/5/18,3286,3036
2012/5/21,3286,3036
2012/5/22,3286,3036
2012/5/23,3286,3036
2012/5/24,3286,3036
2012/5/25,3286,3036
2012/5/28,3286,3036
2012/5/29,3286,3036
2012/5/30,3286,3036
2012/5/31,3430,3285
2012/6/1,3430,3285
2012/6/4,3430,3285
2012/6/5,3430,3285
2012/6/6,3430,3285
2012/6/7,3430,3285
2012/6/8,3430,3285
2012/6/11,3430,3285
2012/6/12,3430,3285
2012/6/13,3430,3285
2012/6/14,3430,3285
2012/6/15,3430,3285
2012/6/18,3430,3285
2012/6/19,3430,3285
2012/6/20,3430,3285
2012/6/21,3430,3285
2012/6/22,3430,3285
2012/6/25,3430,3285
2012/6/26,3430,3285
2012/6/27,3430,3285
2012/6/28,3430,3285
2012/6/29,3430,3285
2012/7/2,3395,3255
2012/7/3,3395,3255
2012/7/4,3395,3255
2012/7/5,3395,3255
2012/7/6,3395,3255
2012/7/9,3395,3255
2012/7/10,3395,3255
2012/7/11,3395,3255
2012/7/12,3395,3255
2012/7/13,3395,3255
2012/7/16,3395,3255
2012/7/17,3395,3255
2012/7/18,3395,3255
2012/7/19,3395,3255
2012/7/20,3395,3255
2012/7/23,3395,3255
2012/7/24,3395,3255
2012/7/25,3395,3255
2012/7/26,3395,3255
2012/7/27,3395,3255
2012/7/30,3395,3255
2012/7/31,3235,3105
2012/8/1,3235,3105
2012/8/2,3235,3105
2012/8/3,3235,3105
2012/8/6,3235,3105
2012/8/7,3235,3105
2012/8/8,3235,3105
2012/8/9,3235,3105
2012/8/10,3235,3105
2012/8/13,3235,3105
2012/8/14,3235,3105
2012/8/15,3235,3105
2012/8/16,3235,3105
2012/8/17,3235,3105
2012/8/20,3235,3105
2012/8/21,3235,3105
2012/8/22,3235,3105
2012/8/23,3235,3105
2012/8/24,3235,3105
2012/8/27,3235,3105
2012/8/28,3235,3105
2012/8/29,3235,3105
2012/8/30,3235,3105
2012/8/31,2857,2742
2012/9/3,2857,2742
2012/9/4,2857,2742
2012/9/5,2857,2742
2012/9/6,2857,2742
2012/9/7,2857,2742
2012/9/10,2857,2742
2012/9/11,2857,2742
2012/9/12,2857,2742
2012/9/13,2857,2742
2012/9/14,2857,2742
2012/9/17,2857,2742
2012/9/18,2857,2742
2012/9/19,2857,2742
2012/9/20,2857,2742
2012/9/21,2857,2742
2012/9/24,2857,2742
2012/9/25,2857,2742
2012/9/26,2857,2742
2012/9/27,2857,2742
2012/9/28,2857,2742
2012/10/1,2785,2670
2012/10/2,2785,2670
2012/10/3,2785,2670
2012/10/4,2785,2670
2012/10/5,2785,2670
2012/10/8,2785,2670
2012/10/9,2785,2670
2012/10/10,2785,2670
2012/10/11,2785,2670
2012/10/12,2785,2670
2012/10/15,2785,2670
2012/10/16,2785,2670
2012/10/17,2785,2670
2012/10/18,2785,2670
2012/10/19,2785,2670
2012/10/22,2785,2670
2012/10/23,2785,2670
2012/10/24,2785,2670
2012/10/25,2785,2670
2012/10/26,2785,2670
2012/10/29,2785,2670
2012/10/30,2785,2670
2012/10/31,3050,2920
2012/11/1,3050,2920
2012/11/2,3050,2920
2012/11/5,3050,2920
2012/11/6,3050,2920
2012/11/7,3050,2920
2012/11/8,3050,2920
2012/11/9,3050,2920
2012/11/12,3050,2920
2012/11/13,3050,2920
2012/11/14,3050,2920
2012/11/15,3050,2920
2012/11/16,3050,2920
2012/11/19,3050,2920
2012/11/20,3050,2920
2012/11/21,3050,2920
2012/11/22,3050,2920
2012/11/23,3050,2920
2012/11/26,3050,2920
2012/11/27,3050,2920
2012/11/28,3050,2920
2012/11/29,3050,2920
2012/11/30,3160,3021
2012/12/3,3160,3021
2012/12/4,3160,3021
2012/12/5,3160,3021
2012/12/6,3160,3021
2012/12/7,3160,3021
2012/12/10,3160,3021
2012/12/11,3160,3021
2012/12/12,3160,3021
2012/12/13,3160,3021
2012/12/14,3160,3021
2012/12/17,3160,3021
2012/12/18,3160,3021
2012/12/19,3160,3021
2012/12/20,3160,3021
2012/12/21,3160,3021
2012/12/24,3160,3021
2012/12/25,3160,3021
2012/12/26,3160,3021
2012/12/27,3160,3021
2012/12/28,3160,3021
2012/12/31,3160,3031
2013/1/1,3160,3031
2013/1/2,3160,3031
2013/1/3,3160,3031
2013/1/4,3160,3031
2013/1/7,3160,3031
2013/1/8,3160,3031
2013/1/9,3160,3031
2013/1/10,3160,3031
2013/1/11,3160,3031
2013/1/14,3160,3031
2013/1/15,3160,3031
2013/1/16,3160,3031
2013/1/17,3160,3031
2013/1/18,3160,3031
2013/1/21,3160,3031
2013/1/22,3160,3031
2013/1/23,3160,3031
2013/1/24,3160,3031
2013/1/25,3160,3031
2013/1/28,3160,3031
2013/1/29,3160,3031
2013/1/30,3160,3031
2013/1/31,3204,3070
2013/2/1,3204,3070
2013/2/4,3204,3070
2013/2/5,3204,3070
2013/2/6,3204,3070
2013/2/7,3204,3070
2013/2/8,3204,3070
2013/2/11,3204,3070
2013/2/12,3204,3070
2013/2/13,3204,3070
2013/2/14,3204,3070
2013/2/15,3204,3070
2013/2/18,3204,3070
2013/2/19,3204,3070
2013/2/20,3204,3070
2013/2/21,3204,3070
2013/2/22,3204,3070
2013/2/25,3204,3070
2013/2/26,3204,3070
2013/2/27,3204,3070
2013/2/28,3204,3080
2013/3/1,3204,3080
2013/3/4,3204,3080
2013/3/5,3204,3080
2013/3/6,3204,3080
2013/3/7,3204,3080
2013/3/8,3204,3080
2013/3/11,3204,3080
2013/3/12,3204,3080
2013/3/13,3204,3080
2013/3/14,3204,3080
2013/3/15,3204,3080
2013/3/18,3204,3080
2013/3/19,3204,3080
2013/3/20,3204,3080
2013/3/21,3204,3080
2013/3/22,3204,3080
2013/3/25,3204,3080
2013/3/26,3204,3080
2013/3/27,3204,3080
2013/3/28,3204,3080
2013/3/29,3204,3080
2013/4/1,3204,3080
2013/4/2,3204,3080
2013/4/3,3204,3080
2013/4/4,3204,3080
2013/4/5,3204,3080
2013/4/8,3204,3080
2013/4/9,3204,3080
2013/4/10,3204,3080
2013/4/11,3204,3080
2013/4/12,3204,3080
2013/4/15,3204,3080
2013/4/16,3204,3080
2013/4/17,3204,3080
2013/4/18,3204,3080
2013/4/19,3204,3080
2013/4/22,3204,3080
2013/4/23,3204,3080
2013/4/24,3204,3080
2013/4/25,3204,3080
2013/4/26,3204,3080
2013/4/29,3204,3080
2013/4/30,3204,3080
2013/5/1,3204,3080
2013/5/2,3204,3080
2013/5/3,3204,3080
2013/5/6,3204,3080
2013/5/7,3204,3080
2013/5/8,3204,3080
2013/5/9,3204,3080
2013/5/10,3204,3080
2013/5/13,3204,3080
2013/5/14,3204,3080
2013/5/15,3204,3080
2013/5/16,3204,3080
2013/5/17,3204,3080
2013/5/20,3204,3080
2013/5/21,3204,3080
2013/5/22,3204,3080
2013/5/23,3204,3080
2013/5/24,3204,3080
2013/5/27,3204,3080
2013/5/28,3204,3080
2013/5/29,3204,3080
2013/5/30,3204,3080
2013/5/31,3530,3264
2013/6/3,3530,3264
2013/6/4,3530,3264
2013/6/5,3530,3264
2013/6/6,3530,3264
2013/6/7,3530,3264
2013/6/10,3530,3264
2013/6/11,3530,3264
2013/6/12,3530,3264
2013/6/13,3530,3264
2013/6/14,3530,3264
2013/6/17,3530,3264
2013/6/18,3530,3264
2013/6/19,3530,3264
2013/6/20,3530,3264
2013/6/21,3530,3264
2013/6/24,3530,3264
2013/6/25,3530,3264
2013/6/26,3530,3264
2013/6/27,3530,3264
2013/6/28,3530,3264
2013/7/1,3530,3264
2013/7/2,3530,3264
2013/7/3,3530,3264
2013/7/4,3530,3264
2013/7/5,3530,3264
2013/7/8,3530,3264
2013/7/9,3530,3264
2013/7/10,3530,3264
2013/7/11,3530,3264
2013/7/12,3530,3264
2013/7/15,3530,3264
2013/7/16,3530,3264
2013/7/17,3530,3264
2013/7/18,3530,3264
2013/7/19,3530,3264
2013/7/22,3530,3264
2013/7/23,3530,3264
2013/7/24,3530,3264
2013/7/25,3530,3264
2013/7/26,3530,3264
2013/7/29,3530,3264
2013/7/30,3530,3264
2013/7/31,3560,3264
2013/8/1,3560,3264
2013/8/2,3560,3264
2013/8/5,3560,3264
2013/8/6,3560,3264
2013/8/7,3560,3264
2013/8/8,3560,3264
2013/8/9,3560,3264
2013/8/12,3560,3264
2013/8/13,3560,3264
2013/8/14,3560,3264
2013/8/15,3560,3264
2013/8/16,3560,3264
2013/8/19,3560,3264
2013/8/20,3560,3264
2013/8/21,3560,3264
2013/8/22,3560,3264
2013/8/23,3560,3264
2013/8/26,3560,3264
2013/8/27,3560,3264
2013/8/28,3560,3264
2013/8/29,3560,3264
2013/8/30,3560,3264
2013/9/2,3396,3176
2013/9/3,3396,3176
2013/9/4,3396,3176
2013/9/5,3396,3176
2013/9/6,3396,3176
2013/9/9,3396,3176
2013/9/10,3396,3176
2013/9/11,3396,3176
2013/9/12,3396,3176
2013/9/13,3396,3176
2013/9/16,3396,3176
2013/9/17,3396,3176
2013/9/18,3396,3176
2013/9/19,3396,3176
2013/9/20,3396,3176
2013/9/23,3396,3176
2013/9/24,3396,3176
2013/9/25,3396,3176
2013/9/26,3396,3176
2013/9/27,3396,3176
2013/9/30,3289,3140
2013/10/1,3289,3140
2013/10/2,3289,3140
2013/10/3,3289,3140
2013/10/4,3289,3140
2013/10/7,3289,3140
2013/10/8,3289,3140
2013/10/9,3289,3140
2013/10/10,3289,3140
2013/10/11,3289,3140
2013/10/14,3289,3140
2013/10/15,3289,3140
2013/10/16,3289,3140
2013/10/17,3289,3140
2013/10/18,3289,3140
2013/10/21,3289,3140
2013/10/22,3289,3140
2013/10/23,3289,3140
2013/10/24,3289,3140
2013/10/25,3289,3140
2013/10/28,3289,3140
2013/10/29,3289,3140
2013/10/30,3289,3140
2013/10/31,3289,3140
2013/11/1,3289,3140
2013/11/4,3289,3140
2013/11/5,3289,3140
2013/11/6,3289,3140
2013/11/7,3289,3140
2013/11/8,3289,3140
2013/11/11,3289,3140
2013/11/12,3289,3140
2013/11/13,3289,3140
2013/11/14,3289,3140
2013/11/15,3289,3140
2013/11/18,3289,3140
2013/11/19,3289,3140
2013/11/20,3289,3140
2013/11/21,3289,3140
2013/11/22,3289,3140
2013/11/25,3289,3140
2013/11/26,3289,3140
2013/11/27,3289,3140
2013/11/28,3289,3140
2013/11/29,3289,3140
2013/12/2,3413,3243
2013/12/3,3413,3243
2013/12/4,3413,3243
2013/12/5,3413,3243
2013/12/6,3413,3243
2013/12/9,3413,3243
2013/12/10,3413,3243
2013/12/11,3413,3243
2013/12/12,3413,3243
2013/12/13,3413,3243
2013/12/16,3413,3243
2013/12/17,3413,3243
2013/12/18,3413,3243
2013/12/19,3413,3243
2013/12/20,3413,3243
2013/12/23,3413,3243
2013/12/24,3413,3243
2013/12/25,3413,3243
2013/12/26,3413,3243
2013/12/27,3413,3243
2013/12/30,3413,3243
2013/12/31,3423,3274
2014/1/1,3423,3274
2014/1/2,3423,3274
2014/1/3,3423,3274
2014/1/6,3423,3274
2014/1/7,3423,3274
2014/1/8,3423,3274
2014/1/9,3423,3274
2014/1/10,3423,3274
2014/1/13,3423,3274
2014/1/14,3423,3274
2014/1/15,3423,3274
2014/1/16,3423,3274
2014/1/17,3423,3274
2014/1/20,3423,3274
2014/1/21,3423,3274
2014/1/22,3423,3274
2014/1/23,3423,3274
2014/1/24,3423,3274
2014/1/27,3423,3274
2014/1/28,3423,3274
2014/1/29,3423,3274
2014/1/30,3423,3274
2014/1/31,3454,3304
2014/2/3,3454,3304
2014/2/4,3454,3304
2014/2/5,3454,3304
2014/2/6,3454,3304
2014/2/7,3454,3304
2014/2/10,3454,3304
2014/2/11,3454,3304
2014/2/12,3454,3304
2014/2/13,3454,3304
2014/2/14,3454,3304
2014/2/17,3454,3304
2014/2/18,3454,3304
2014/2/19,3454,3304
2014/2/20,3454,3304
2014/2/21,3454,3304
2014/2/24,3454,3304
2014/2/25,3454,3304
2014/2/26,3454,3304
2014/2/27,3454,3304
2014/2/28,3459,3309
2014/3/3,3459,3309
2014/3/4,3459,3309
2014/3/5,3459,3309
2014/3/6,3459,3309
2014/3/7,3459,3309
2014/3/10,3459,3309
2014/3/11,3459,3309
2014/3/12,3459,3309
2014/3/13,3459,3309
2014/3/14,3459,3309
2014/3/17,3459,3309
2014/3/18,3459,3309
2014/3/19,3459,3309
2014/3/20,3459,3309
2014/3/21,3459,3309
2014/3/24,3459,3309
2014/3/25,3459,3309
2014/3/26,3459,3309
2014/3/27,3459,3309
2014/3/28,3459,3309
2014/3/31,3464,3319
2014/4/1,3464,3319
2014/4/2,3464,3319
2014/4/3,3464,3319
2014/4/4,3464,3319
2014/4/7,3464,3319
2014/4/8,3464,3319
2014/4/9,3464,3319
2014/4/10,3464,3319
2014/4/11,3464,3319
2014/4/14,3464,3319
2014/4/15,3464,3319
2014/4/16,3464,3319
2014/4/17,3464,3319
2014/4/18,3464,3319
2014/4/21,3464,3319
2014/4/22,3464,3319
2014/4/23,3464,3319
2014/4/24,3464,3319
2014/4/25,3464,3319
2014/4/28,3464,3319
2014/4/29,3464,3319
2014/4/30,3494,3360
2014/5/1,3494,3360
2014/5/2,3494,3360
2014/5/5,3494,3360
2014/5/6,3494,3360
2014/5/7,3494,3360
2014/5/8,3494,3360
2014/5/9,3494,3360
2014/5/12,3494,3360
2014/5/13,3494,3360
2014/5/14,3494,3360
2014/5/15,3494,3360
2014/5/16,3494,3360
2014/5/19,3494,3360
2014/5/20,3494,3360
2014/5/21,3494,3360
2014/5/22,3494,3360
2014/5/23,3494,3360
2014/5/26,3494,3360
2014/5/27,3494,3360
2014/5/28,3494,3360
2014/5/29,3494,3360
2014/5/30,3494,3360
2014/6/2,3780,3450
2014/6/3,3780,3450
2014/6/4,3780,3450
2014/6/5,3780,3450
2014/6/6,3780,3450
2014/6/9,3780,3450
2014/6/10,3780,3450
2014/6/11,3780,3450
2014/6/12,3780,3450
2014/6/13,3780,3450
2014/6/16,3780,3450
2014/6/17,3780,3450
2014/6/18,3780,3450
2014/6/19,3780,3450
2014/6/20,3780,3450
2014/6/23,3780,3450
2014/6/24,3780,3450
2014/6/25,3780,3450
2014/6/26,3780,3450
2014/6/27,3780,3450
2014/6/30,3775,3450
2014/7/1,3775,3450
2014/7/2,3775,3450
2014/7/3,3775,3450
2014/7/4,3775,3450
2014/7/7,3775,3450
2014/7/8,3775,3450
2014/7/9,3775,3450
2014/7/10,3775,3450
2014/7/11,3775,3450
2014/7/14,3775,3450
2014/7/15,3775,3450
2014/7/16,3775,3450
2014/7/17,3775,3450
2014/7/18,3775,3450
2014/7/21,3775,3450
2014/7/22,3775,3450
2014/7/23,3775,3450
2014/7/24,3775,3450
2014/7/25,3775,3450
2014/7/28,3775,3450
2014/7/29,3775,3450
2014/7/30,3775,3450
2014/7/31,3955,3541
2014/8/1,3955,3541
2014/8/4,3955,3541
2014/8/5,3955,3541
2014/8/6,3955,3541
2014/8/7,3955,3541
2014/8/8,3955,3541
2014/8/11,3955,3541
2014/8/12,3955,3541
2014/8/13,3955,3541
2014/8/14,3955,3541
2014/8/15,3955,3541
2014/8/18,3955,3541
2014/8/19,3955,3541
2014/8/20,3955,3541
2014/8/21,3955,3541
2014/8/22,3955,3541
2014/8/25,3955,3541
2014/8/26,3955,3541
2014/8/27,3955,3541
2014/8/28,3955,3541
2014/8/29,3955,3541
2014/9/1,3971,3541
2014/9/2,3971,3541
2014/9/3,3971,3541
2014/9/4,3971,3541
2014/9/5,3971,3541
2014/9/8,3971,3541
2014/9/9,3971,3541
2014/9/10,3971,3541
2014/9/11,3971,3541
2014/9/12,3971,3541
2014/9/15,3971,3541
2014/9/16,3971,3541
2014/9/17,3971,3541
2014/9/18,3971,3541
2014/9/19,3971,3541
2014/9/22,3971,3541
2014/9/23,3971,3541
2014/9/24,3971,3541
2014/9/25,3971,3541
2014/9/26,3971,3541
2014/9/29,3971,3541
2014/9/30,4058,3583
2014/10/1,4058,3583
2014/10/2,4058,3583
2014/10/3,4058,3583
2014/10/6,4058,3583
2014/10/7,4058,3583
2014/10/8,4058,3583
2014/10/9,4058,3583
2014/10/10,4058,3583
2014/10/13,4058,3583
2014/10/14,4058,3583
2014/10/15,4058,3583
2014/10/16,4058,3583
2014/10/17,4058,3583
2014/10/20,4058,3583
2014/10/21,4058,3583
2014/10/22,4058,3583
2014/10/23,4058,3583
2014/10/24,4058,3583
2014/10/27,4058,3583
2014/10/28,4058,3583
2014/10/29,4058,3583
2014/10/30,4058,3583
2014/10/31,4034,3583
2014/11/3,4034,3583
2014/11/4,4034,3583
2014/11/5,4034,3583
2014/11/6,4034,3583
2014/11/7,4034,3583
2014/11/10,4034,3583
2014/11/11,4034,3583
2014/11/12,4034,3583
2014/11/13,4034,3583
2014/11/14,4034,3583
2014/11/17,4034,3583
2014/11/18,4034,3583
2014/11/19,4034,3583
2014/11/20,4034,3583
2014/11/21,4034,3583
2014/11/24,4034,3583
2014/11/25,4034,3583
2014/11/26,4034,3583
2014/11/27,4034,3583
2014/11/28,4034,3583
2014/12/1,4065,3615
2014/12/2,4065,3615
2014/12/3,4065,3615
2014/12/4,4065,3615
2014/12/5,4065,3615
2014/12/8,4065,3615
2014/12/9,4065,3615
2014/12/10,4065,3615
2014/12/11,4065,3615
2014/12/12,4065,3615
2014/12/15,4065,3615
2014/12/16,4065,3615
2014/12/17,4065,3615
2014/12/18,4065,3615
2014/12/19,4065,3615
2014/12/22,4065,3615
2014/12/23,4065,3615
2014/12/24,4065,3615
2014/12/25,4065,3615
2014/12/26,4065,3615
2014/12/29,4065,3615
2014/12/30,4065,3615
2014/12/31,4065,3655
2015/1/1,4065,3655
2015/1/2,4065,3655
2015/1/5,4065,3655
2015/1/6,4065,3655
2015/1/7,4065,3655
2015/1/8,4065,3655
2015/1/9,4065,3655
2015/1/12,4065,3655
2015/1/13,4065,3655
2015/1/14,4065,3655
2015/1/15,4065,3655
2015/1/16,4065,3655
2015/1/19,4065,3655
2015/1/20,4065,3655
2015/1/21,4065,3655
2015/1/22,4065,3655
2015/1/23,4065,3655
2015/1/26,4065,3655
2015/1/27,4065,3655
2015/1/28,4065,3655
2015/1/29,4065,3655
2015/1/30,4065,3655
2015/2/2,4076,3666
2015/2/3,4076,3666
2015/2/4,4076,3666
2015/2/5,4076,3666
2015/2/6,4076,3666
2015/2/9,4076,3666
2015/2/10,4076,3666
2015/2/11,4076,3666
2015/2/12,4076,3666
2015/2/13,4076,3666
2015/2/16,4076,3666
2015/2/17,4076,3666
2015/2/18,4076,3666
2015/2/19,4076,3666
2015/2/20,4076,3666
2015/2/23,4076,3666
2015/2/24,4076,3666
2015/2/25,4076,3666
2015/2/26,4076,3666
2015/2/27,4076,3666
2015/3/2,4086,3701
2015/3/3,4086,3701
2015/3/4,4086,3701
2015/3/5,4086,3701
2015/3/6,4086,3701
2015/3/9,4086,3701
2015/3/10,4086,3701
2015/3/11,4086,3701
2015/3/12,4086,3701
2015/3/13,4086,3701
2015/3/16,4086,3701
2015/3/17,4086,3701
2015/3/18,4086,3701
2015/3/19,4086,3701
2015/3/20,4086,3701
2015/3/23,4086,3701
2015/3/24,4086,3701
2015/3/25,4086,3701
2015/3/26,4086,3701
2015/3/27,4086,3701
2015/3/30,4086,3701
2015/3/31,4086,3701
2015/4/1,4086,3701
2015/4/2,4086,3701
2015/4/3,4086,3701
2015/4/6,4086,3701
2015/4/7,4086,3701
2015/4/8,4086,3701
2015/4/9,4086,3701
2015/4/10,4086,3701
2015/4/13,4086,3701
2015/4/14,4086,3701
2015/4/15,4086,3701
2015/4/16,4086,3701
2015/4/17,4086,3701
2015/4/20,4086,3701
2015/4/21,4086,3701
2015/4/22,4086,3701
2015/4/23,4086,3701
2015/4/24,4086,3701
2015/4/27,4086,3701
2015/4/28,4086,3701
2015/4/29,4086,3701
2015/4/30,4091,3721
2015/5/1,4091,3721
2015/5/4,4091,3721
2015/5/5,4091,3721
2015/5/6,4091,3721
2015/5/7,4091,3721
2015/5/8,4091,3721
2015/5/11,4091,3721
2015/5/12,4091,3721
2015/5/13,4091,3721
2015/5/14,4091,3721
2015/5/15,4091,3721
2015/5/18,4091,3721
2015/5/19,4091,3721
2015/5/20,4091,3721
2015/5/21,4091,3721
2015/5/22,4091,3721
2015/5/25,4091,3721
2015/5/26,4091,3721
2015/5/27,4091,3721
2015/5/28,4091,3721
2015/5/29,4091,3721
2015/6/1,4230,3729
2015/6/2,4230,3729
2015/6/3,4230,3729
2015/6/4,4230,3729
2015/6/5,4230,3729
2015/6/8,4230,3729
2015/6/9,4230,3729
2015/6/10,4230,3729
2015/6/11,4230,3729
2015/6/12,4230,3729
2015/6/15,4230,3729
2015/6/16,4230,3729
2015/6/17,4230,3729
2015/6/18,4230,3729
2015/6/19,4230,3729
2015/6/22,4230,3729
2015/6/23,4230,3729
2015/6/24,4230,3729
2015/6/25,4230,3729
2015/6/26,4230,3729
2015/6/29,4230,3729
2015/6/30,4210,3734
2015/7/1,4210,3734
2015/7/2,4210,3734
2015/7/3,4210,3734
2015/7/6,4210,3734
2015/7/7,4210,3734
2015/7/8,4210,3734
2015/7/9,4210,3734
2015/7/10,4210,3734
2015/7/13,4210,3734
2015/7/14,4210,3734
2015/7/15,4210,3734
2015/7/16,4210,3734
2015/7/17,4210,3734
2015/7/20,4210,3734
2015/7/21,4210,3734
2015/7/22,4210,3734
2015/7/23,4210,3734
2015/7/24,4210,3734
2015/7/27,4210,3734
2015/7/28,4210,3734
2015/7/29,4210,3734
2015/7/30,4210,3734
2015/7/31,4170,3744
2015/8/3,4170,3744
2015/8/4,4170,3744
2015/8/5,4170,3744
2015/8/6,4170,3744
2015/8/7,4170,3744
2015/8/10,4170,3744
2015/8/11,4170,3744
2015/8/12,4170,3744
2015/8/13,4170,3744
2015/8/14,4170,3744
2015/8/17,4170,3744
2015/8/18,4170,3744
2015/8/19,4170,3744
2015/8/20,4170,3744
2015/8/21,4170,3744
2015/8/24,4170,3744
2015/8/25,4170,3744
2015/8/26,4170,3744
2015/8/27,4170,3744
2015/8/28,4170,3744
2015/8/31,4186,3717
2015/9/1,4186,3717
2015/9/2,4186,3717
2015/9/3,4186,3717
2015/9/4,4186,3717
2015/9/7,4186,3717
2015/9/8,4186,3717
2015/9/9,4186,3717
2015/9/10,4186,3717
2015/9/11,4186,3717
2015/9/14,4186,3717
2015/9/15,4186,3717
2015/9/16,4186,3717
2015/9/17,4186,3717
2015/9/18,4186,3717
2015/9/21,4186,3717
2015/9/22,4186,3717
2015/9/23,4186,3717
2015/9/24,4186,3717
2015/9/25,4186,3717
2015/9/28,4186,3717
2015/9/29,4186,3717
2015/9/30,4175,3725
2015/10/1,4175,3725
2015/10/2,4175,3725
2015/10/5,4175,3725
2015/10/6,4175,3725
2015/10/7,4175,3725
2015/10/8,4175,3725
2015/10/9,4175,3725
2015/10/12,4175,3725
2015/10/13,4175,3725
2015/10/14,4175,3725
2015/10/15,4175,3725
2015/10/16,4175,3725
2015/10/19,4175,3725
2015/10/20,4175,3725
2015/10/21,4175,3725
2015/10/22,4175,3725
2015/10/23,4175,3725
2015/10/26,4175,3725
2015/10/27,4175,3725
2015/10/28,4175,3725
2015/10/29,4175,3725
2015/10/30,4175,3725
2015/11/2,4109,3685
2015/11/3,4109,3685
2015/11/4,4109,3685
2015/11/5,4109,3685
2015/11/6,4109,3685
2015/11/9,4109,3685
2015/11/10,4109,3685
2015/11/11,4109,3685
2015/11/12,4109,3685
2015/11/13,4109,3685
2015/11/16,4109,3685
2015/11/17,4109,3685
2015/11/18,4109,3685
2015/11/19,4109,3685
2015/11/20,4109,3685
2015/11/23,4109,3685
2015/11/24,4109,3685
2015/11/25,4109,3685
2015/11/26,4109,3685
2015/11/27,4109,3685
2015/11/30,4203,3738
2015/12/1,4203,3738
2015/12/2,4203,3738
2015/12/3,4203,3738
2015/12/4,4203,3738
2015/12/7,4203,3738
2015/12/8,4203,3738
2015/12/9,4203,3738
2015/12/10,4203,3738
2015/12/11,4203,3738
2015/12/14,4203,3738
2015/12/15,4203,3738
2015/12/16,4203,3738
2015/12/17,4203,3738
2015/12/18,4203,3738
2015/12/21,4203,3738
2015/12/22,4203,3738
2015/12/23,4203,3738
2015/12/24,4203,3738
2015/12/25,4203,3738

2015/12/28,4203,3738
2015/12/29,4203,3738
2015/12/30,4203,3738
2015/12/31,4203,3738
2016/1/1,4203,3738
2016/1/4,4203,3738
2016/1/5,4203,3738
2016/1/6,4203,3738
2016/1/7,4203,3738
2016/1/8,4203,3738
2016/1/11,4203,3738
2016/1/12,4203,3738
2016/1/13,4203,3738
2016/1/14,4203,3738
2016/1/15,4203,3738
2016/1/18,4203,3738
2016/1/19,4203,3738
2016/1/20,4203,3738
2016/1/21,4203,3738
2016/1/22,4203,3738
2016/1/25,4203,3738
2016/1/26,4203,3738
2016/1/27,4203,3738
2016/1/28,4203,3738
2016/1/29,4203,3738
2016/2/1,4150,3711
2016/2/2,4150,3711
2016/2/3,4150,3711
2016/2/4,4150,3711
2016/2/5,4150,3711
2016/2/8,4150,3711
2016/2/9,4150,3711
2016/2/10,4150,3711
2016/2/11,4150,3711
2016/2/12,4150,3711
2016/2/15,4150,3711
2016/2/16,4150,3711
2016/2/17,4150,3711
2016/2/18,4150,3711
2016/2/19,4150,3711
2016/2/22,4150,3711
2016/2/23,4150,3711
2016/2/24,4150,3711
2016/2/25,4150,3711
2016/2/26,4150,3711
2016/2/29,4150,3701
2016/3/1,4150,3701
2016/3/2,4150,3701
2016/3/3,4150,3701
2016/3/4,4150,3701
2016/3/7,4150,3701
2016/3/8,4150,3701
2016/3/9,4150,3701
2016/3/10,4150,3701
2016/3/11,4150,3701
2016/3/14,4150,3701
2016/3/15,4150,3701
2016/3/16,4150,3701
2016/3/17,4150,3701
2016/3/18,4150,3701
2016/3/21,4150,3701
2016/3/22,4150,3701
2016/3/23,4150,3701
2016/3/24,4150,3701
2016/3/25,4150,3701
2016/3/28,4150,3701
2016/3/29,4150,3701
2016/3/30,4150,3701
2016/3/31,4150,3690
2016/4/1,4150,3690
2016/4/4,4150,3690
2016/4/5,4150,3690
2016/4/6,4150,3690
2016/4/7,4150,3690
2016/4/8,4150,3690
2016/4/11,4150,3690
2016/4/12,4150,3690
2016/4/13,4150,3690
2016/4/14,4150,3690
2016/4/15,4150,3690
2016/4/18,4150,3690
2016/4/19,4150,3690
2016/4/20,4150,3690
2016/4/21,4150,3690
2016/4/22,4150,3690
2016/4/25,4150,3690
2016/4/26,4150,3690
2016/4/27,4150,3690
2016/4/28,4150,3690
2016/4/29,4150,3690
2016/5/2,4150,3705
2016/5/3,4150,3705
2016/5/4,4150,3705
2016/5/5,4150,3705
2016/5/6,4150,3705
2016/5/9,4150,3705
2016/5/10,4150,3705
2016/5/11,4150,3705
2016/5/12,4150,3705
2016/5/13,4150,3705
2016/5/16,4150,3705
2016/5/17,4150,3705
2016/5/18,4150,3705
2016/5/19,4150,3705
2016/5/20,4150,3705
2016/5/23,4150,3705
2016/5/24,4150,3705
2016/5/25,4150,3705
2016/5/26,4150,3705
2016/5/27,4150,3705
2016/5/30,4150,3705
2016/5/31,4230,3925
2016/6/1,4230,3925
2016/6/2,4230,3925
2016/6/3,4230,3925
2016/6/6,4230,3925
2016/6/7,4230,3925
2016/6/8,4230,3925
2016/6/9,4230,3925
2016/6/10,4230,3925
2016/6/13,4230,3925
2016/6/14,4230,3925
2016/6/15,4230,3925
2016/6/16,4230,3925
2016/6/17,4230,3925
2016/6/20,4230,3925
2016/6/21,4230,3925
2016/6/22,4230,3925
2016/6/23,4230,3925
2016/6/24,4230,3925
2016/6/27,4230,3925
2016/6/28,4230,3925
2016/6/29,4230,3925
2016/6/30,4200,3940
2016/7/1,4200,3940
2016/7/4,4200,3940
2016/7/5,4200,3940
2016/7/6,4200,3940
2016/7/7,4200,3940
2016/7/8,4200,3940
2016/7/11,4200,3940
2016/7/12,4200,3940
2016/7/13,4200,3940
2016/7/14,4200,3940
2016/7/15,4200,3940
2016/7/18,4200,3940
2016/7/19,4200,3940
2016/7/20,4200,3940
2016/7/21,4200,3940
2016/7/22,4200,3940
2016/7/25,4200,3940
2016/7/26,4200,3940
2016/7/27,4200,3940
2016/7/28,4200,3940
2016/7/29,4200,3940
2016/8/1,4260,3970
2016/8/2,4260,3970
2016/8/3,4260,3970
2016/8/4,4260,3970
2016/8/5,4260,3970
2016/8/8,4260,3970
2016/8/9,4260,3970
2016/8/10,4260,3970
2016/8/11,4260,3970
2016/8/12,4260,3970
2016/8/15,4260,3970
2016/8/16,4260,3970
2016/8/17,4260,3970
2016/8/18,4260,3970
2016/8/19,4260,3970
2016/8/22,4260,3970
2016/8/23,4260,3970
2016/8/24,4260,3970
2016/8/25,4260,3970
2016/8/26,4260,3970
2016/8/29,4260,3970
2016/8/30,4260,3970
2016/8/31,4346,4016
2016/9/1,4346,4016
2016/9/2,4346,4016
2016/9/5,4346,4016
2016/9/6,4346,4016
2016/9/7,4346,4016
2016/9/8,4346,4016
2016/9/9,4346,4016
2016/9/12,4346,4016
2016/9/13,4346,4016
2016/9/14,4346,4016
2016/9/15,4346,4016
2016/9/16,4346,4016
2016/9/19,4346,4016
2016/9/20,4346,4016
2016/9/21,4346,4016
2016/9/22,4346,4016
2016/9/23,4346,4016
2016/9/26,4346,4016
2016/9/27,4346,4016
2016/9/28,4346,4016
2016/9/29,4346,4016
2016/9/30,4426,4061
2016/10/3,4426,4061
2016/10/4,4426,4061
2016/10/5,4426,4061
2016/10/6,4426,4061
2016/10/7,4426,4061
2016/10/10,4426,4061
2016/10/11,4426,4061
2016/10/12,4426,4061
2016/10/13,4426,4061
2016/10/14,4426,4061
2016/10/17,4426,4061
2016/10/18,4426,4061
2016/10/19,4426,4061
2016/10/20,4426,4061
2016/10/21,4426,4061
2016/10/24,4426,4061
2016/10/25,4426,4061
2016/10/26,4426,4061
2016/10/27,4426,4061
2016/10/28,4426,4061
2016/10/31,4496,4101
2016/11/1,4496,4101
2016/11/2,4496,4101
2016/11/3,4496,4101
2016/11/4,4496,4101
2016/11/7,4496,4101
2016/11/8,4496,4101
2016/11/9,4496,4101
2016/11/10,4496,4101
2016/11/11,4496,4101
2016/11/14,4496,4101
2016/11/15,4496,4101
2016/11/16,4496,4101
2016/11/17,4496,4101
2016/11/18,4496,4101
2016/11/21,4496,4101
2016/11/22,4496,4101
2016/11/23,4496,4101
2016/11/24,4496,4101
2016/11/25,4496,4101
2016/11/28,4496,4101
2016/11/29,4496,4101
2016/11/30,4588,4108
2016/12/1,4588,4108
2016/12/2,4588,4108
2016/12/5,4588,4108
2016/12/6,4588,4108
2016/12/7,4588,4108
2016/12/8,4588,4108
2016/12/9,4588,4108
2016/12/12,4588,4108
2016/12/13,4588,4108
2016/12/14,4588,4108
2016/12/15,4588,4108
2016/12/16,4588,4108
2016/12/19,4588,4108
2016/12/20,4588,4108
2016/12/21,4588,4108
2016/12/22,4588,4108
2016/12/23,4588,4108
2016/12/26,4588,4108
2016/12/27,4588,4108
2016/12/28,4588,4108
2016/12/29,4588,4108
2016/12/30,4588,4108
2017/1/2,4588,4108
2017/1/3,4588,4108
2017/1/4,4588,4108
2017/1/5,4588,4108
2017/1/6,4588,4108
2017/1/9,4588,4108
2017/1/10,4588,4108
2017/1/11,4588,4108
2017/1/12,4588,4108
2017/1/13,4588,4108
2017/1/16,4588,4108
2017/1/17,4588,4108
2017/1/18,4588,4108
2017/1/19,4588,4108
2017/1/20,4588,4108
2017/1/23,4588,4108
2017/1/24,4588,4108
2017/1/25,4588,4108
2017/1/26,4588,4108
2017/1/27,4588,4108
2017/1/30,4588,4108
2017/1/31,4528,4108
2017/2/1,4528,4108
2017/2/2,4528,4108
2017/2/3,4528,4108
2017/2/6,4528,4108
2017/2/7,4528,4108
2017/2/8,4528,4108
2017/2/9,4528,4108
2017/2/10,4528,4108
2017/2/13,4528,4108
2017/2/14,4528,4108
2017/2/15,4528,4108
2017/2/16,4528,4108
2017/2/17,4528,4108
2017/2/20,4528,4108
2017/2/21,4528,4108
2017/2/22,4528,4108
2017/2/23,4528,4108
2017/2/24,4528,4108
2017/2/27,4528,4108
2017/2/28,4528,4108
2017/3/1,4528,4108
2017/3/2,4528,4108
2017/3/3,4528,4108
2017/3/6,4528,4108
2017/3/7,4528,4108
2017/3/8,4528,4108
2017/3/9,4528,4108
2017/3/10,4528,4108
2017/3/13,4528,4108
2017/3/14,4528,4108
2017/3/15,4528,4108
2017/3/16,4528,4108
2017/3/17,4528,4108
2017/3/20,4528,4108
2017/3/21,4528,4108
2017/3/22,4528,4108
2017/3/23,4528,4108
2017/3/24,4528,4108
2017/3/27,4528,4108
2017/3/28,4528,4108
2017/3/29,4528,4108
2017/3/30,4528,4108
2017/3/31,4528,4093
2017/4/3,4528,4093
2017/4/4,4528,4093
2017/4/5,4528,4093
2017/4/6,4528,4093
2017/4/7,4528,4093
2017/4/10,4528,4093
2017/4/11,4528,4093
2017/4/12,4528,4093
2017/4/13,4528,4093
2017/4/14,4528,4093
2017/4/17,4528,4093
2017/4/18,4528,4093
2017/4/19,4528,4093
2017/4/20,4528,4093
2017/4/21,4528,4093
2017/4/24,4528,4093
2017/4/25,4528,4093
2017/4/26,4528,4093
2017/4/27,4528,4093
2017/4/28,4528,4093
2017/5/1,4528,4083
2017/5/2,4528,4083
2017/5/3,4528,4083
2017/5/4,4528,4083
2017/5/5,4528,4083
2017/5/8,4528,4083
2017/5/9,4528,4083
2017/5/10,4528,4083
2017/5/11,4528,4083
2017/5/12,4528,4083
2017/5/15,4528,4083
2017/5/16,4528,4083
2017/5/17,4528,4083
2017/5/18,4528,4083
2017/5/19,4528,4083
2017/5/22,4528,4083
2017/5/23,4528,4083
2017/5/24,4528,4083
2017/5/25,4528,4083
2017/5/26,4528,4083
2017/5/29,4528,4083
2017/5/30,4528,4083
2017/5/31,4715,4235
2017/6/1,4715,4235
2017/6/2,4715,4235
2017/6/5,4715,4235
2017/6/6,4715,4235
2017/6/7,4715,4235
2017/6/8,4715,4235
2017/6/9,4715,4235
2017/6/12,4715,4235
2017/6/13,4715,4235
2017/6/14,4715,4235
2017/6/15,4715,4235
2017/6/16,4715,4235
2017/6/19,4715,4235
2017/6/20,4715,4235
2017/6/21,4715,4235
2017/6/22,4715,4235
2017/6/23,4715,4235
2017/6/26,4715,4235
2017/6/27,4715,4235
2017/6/28,4715,4235
2017/6/29,4715,4235
2017/6/30,4730,4235
2017/7/3,4730,4235
2017/7/4,4730,4235
2017/7/5,4730,4235
2017/7/6,4730,4235
2017/7/7,4730,4235
2017/7/10,4730,4235
2017/7/11,4730,4235
2017/7/12,4730,4235
2017/7/13,4730,4235
2017/7/14,4730,4235
2017/7/17,4730,4235
2017/7/18,4730,4235
2017/7/19,4730,4235
2017/7/20,4730,4235
2017/7/21,4730,4235
2017/7/24,4730,4235
2017/7/25,4730,4235
2017/7/26,4730,4235
2017/7/27,4730,4235
2017/7/28,4730,4235
2017/7/31,4695,4235
2017/8/1,4695,4235
2017/8/2,4695,4235
2017/8/3,4695,4235
2017/8/4,4695,4235
2017/8/7,4695,4235
2017/8/8,4695,4235
2017/8/9,4695,4235
2017/8/10,4695,4235
2017/8/11,4695,4235
2017/8/14,4695,4235
2017/8/15,4695,4235
2017/8/16,4695,4235
2017/8/17,4695,4235
2017/8/18,4695,4235
2017/8/21,4695,4235
2017/8/22,4695,4235
2017/8/23,4695,4235
2017/8/24,4695,4235
2017/8/25,4695,4235
2017/8/28,4695,4235
2017/8/29,4695,4235
2017/8/30,4695,4235
2017/8/31,4777,4301
2017/9/1,4777,4301
2017/9/4,4777,4301
2017/9/5,4777,4301
2017/9/6,4777,4301
2017/9/7,4777,4301
2017/9/8,4777,4301
2017/9/11,4777,4301
2017/9/12,4777,4301
2017/9/13,4777,4301
2017/9/14,4777,4301
2017/9/15,4777,4301
2017/9/18,4777,4301
2017/9/19,4777,4301
2017/9/20,4777,4301
2017/9/21,4777,4301
2017/9/22,4777,4301
2017/9/25,4777,4301
2017/9/26,4777,4301
2017/9/27,4777,4301
2017/9/28,4777,4301
2017/9/29,4777,4301
2017/10/2,4801,4326
2017/10/3,4801,4326
2017/10/4,4801,4326
2017/10/5,4801,4326
2017/10/6,4801,4326
2017/10/9,4801,4326
2017/10/10,4801,4326
2017/10/11,4801,4326
2017/10/12,4801,4326
2017/10/13,4801,4326
2017/10/16,4801,4326
2017/10/17,4801,4326
2017/10/18,4801,4326
2017/10/19,4801,4326
2017/10/20,4801,4326
2017/10/23,4801,4326
2017/10/24,4801,4326
2017/10/25,4801,4326
2017/10/26,4801,4326
2017/10/27,4801,4326
2017/10/30,4801,4326
2017/10/31,4757,4326
2017/11/1,4757,4326
2017/11/2,4757,4326
2017/11/3,4757,4326
2017/11/6,4757,4326
2017/11/7,4757,4326
2017/11/8,4757,4326
2017/11/9,4757,4326
2017/11/10,4757,4326
2017/11/13,4757,4326
2017/11/14,4757,4326
2017/11/15,4757,4326
2017/11/16,4757,4326
2017/11/17,4757,4326
2017/11/20,4757,4326
2017/11/21,4757,4326
2017/11/22,4757,4326
2017/11/23,4757,4326
2017/11/24,4757,4326
2017/11/27,4757,4326
2017/11/28,4757,4326
2017/11/29,4757,4326
2017/11/30,4752,4326
2017/12/1,4752,4326
2017/12/4,4752,4326
2017/12/5,4752,4326
2017/12/6,4752,4326
2017/12/7,4752,4326
2017/12/8,4752,4326
2017/12/11,4752,4326
2017/12/12,4752,4326
2017/12/13,4752,4326
2017/12/14,4752,4326
2017/12/15,4752,4326
2017/12/18,4752,4326
2017/12/19,4752,4326
2017/12/20,4752,4326
2017/12/21,4752,4326
2017/12/22,4752,4326
2017/12/25,4752,4326
2017/12/26,4752,4326
2017/12/27,4752,4326
2017/12/28,4752,4326
2017/12/29,4752,4326
2018/1/1,4752,4306
2018/1/2,4752,4306
2018/1/3,4752,4306
2018/1/4,4752,4306
2018/1/5,4752,4306
2018/1/8,4752,4306
2018/1/9,4752,4306
2018/1/10,4752,4306
2018/1/11,4752,4306
2018/1/12,4752,4306
2018/1/15,4752,4306
2018/1/16,4752,4306
2018/1/17,4752,4306
2018/1/18,4752,4306
2018/1/19,4752,4306
2018/1/22,4752,4306
2018/1/23,4752,4306
2018/1/24,4752,4306
2018/1/25,4752,4306
2018/1/26,4752,4306
2018/1/29,4752,4306
2018/1/30,4752,4306
2018/1/31,4718,4248
2018/2/1,4718,4248
2018/2/2,4718,4248
2018/2/5,4718,4248
2018/2/6,4718,4248
2018/2/7,4718,4248
2018/2/8,4718,4248
2018/2/9,4718,4248
2018/2/12,4718,4248
2018/2/13,4718,4248
2018/2/14,4718,4248
2018/2/15,4718,4248
2018/2/16,4718,4248
2018/2/19,4718,4248
2018/2/20,4718,4248
2018/2/21,4718,4248
2018/2/22,4718,4248
2018/2/23,4718,4248
2018/2/26,4718,4248
2018/2/27,4718,4248
2018/2/28,4718,4188
2018/3/1,4718,4188
2018/3/2,4718,4188
2018/3/5,4718,4188
2018/3/6,4718,4188
2018/3/7,4718,4188
2018/3/8,4718,4188
2018/3/9,4718,4188
2018/3/12,4718,4188
2018/3/13,4718,4188
2018/3/14,4718,4188
2018/3/15,4718,4188
2018/3/16,4718,4188
2018/3/19,4718,4188
2018/3/20,4718,4188
2018/3/21,4718,4188
2018/3/22,4718,4188
2018/3/23,4718,4188
2018/3/26,4718,4188
2018/3/27,4718,4188
2018/3/28,4718,4188
2018/3/29,4718,4188
2018/3/30,4718,4188
2018/4/2,4718,4163
2018/4/3,4718,4163
2018/4/4,4718,4163
2018/4/5,4718,4163
2018/4/6,4718,4163
2018/4/9,4718,4163
2018/4/10,4718,4163
2018/4/11,4718,4163
2018/4/12,4718,4163
2018/4/13,4718,4163
2018/4/16,4718,4163
2018/4/17,4718,4163
2018/4/18,4718,4163
2018/4/19,4718,4163
2018/4/20,4718,4163
2018/4/23,4718,4163
2018/4/24,4718,4163
2018/4/25,4718,4163
2018/4/26,4718,4163
2018/4/27,4718,4163
2018/4/30,4718,4168
2018/5/1,4718,4168
2018/5/2,4718,4168
2018/5/3,4718,4168
2018/5/4,4718,4168
2018/5/7,4718,4168
2018/5/8,4718,4168
2018/5/9,4718,4168
2018/5/10,4718,4168
2018/5/11,4718,4168
2018/5/14,4718,4168
2018/5/15,4718,4168
2018/5/16,4718,4168
2018/5/17,4718,4168
2018/5/18,4718,4168
2018/5/21,4718,4168
2018/5/22,4718,4168
2018/5/23,4718,4168
2018/5/24,4718,4168
2018/5/25,4718,4168
2018/5/28,4718,4168
2018/5/29,4718,4168
2018/5/30,4718,4168
2018/5/31,4835,4420
2018/6/1,4835,4420
2018/6/4,4835,4420
2018/6/5,4835,4420
2018/6/6,4835,4420
2018/6/7,4835,4420
2018/6/8,4835,4420
2018/6/11,4835,4420
2018/6/12,4835,4420
2018/6/13,4835,4420
2018/6/14,4835,4420
2018/6/15,4835,4420
2018/6/18,4835,4420
2018/6/19,4835,4420
2018/6/20,4835,4420
2018/6/21,4835,4420
2018/6/22,4835,4420
2018/6/25,4835,4420
2018/6/26,4835,4420
2018/6/27,4835,4420
2018/6/28,4835,4420
2018/6/29,4835,4420
2018/7/2,4810,4425
2018/7/3,4810,4425
2018/7/4,4810,4425
2018/7/5,4810,4425
2018/7/6,4810,4425
2018/7/9,4810,4425
2018/7/10,4810,4425
2018/7/11,4810,4425
2018/7/12,4810,4425
2018/7/13,4810,4425
2018/7/16,4810,4425
2018/7/17,4810,4425
2018/7/18,4810,4425
2018/7/19,4810,4425
2018/7/20,4810,4425
2018/7/23,4810,4425
2018/7/24,4810,4425
2018/7/25,4810,4425
2018/7/26,4810,4425
2018/7/27,4810,4425
2018/7/30,4810,4425
2018/7/31,4800,4220
2018/8/1,4800,4220
2018/8/2,4800,4220
2018/8/3,4800,4220
2018/8/6,4800,4220
2018/8/7,4800,4220
2018/8/8,4800,4220
2018/8/9,4800,4220
2018/8/10,4800,4220
2018/8/13,4800,4220
2018/8/14,4800,4220
2018/8/15,4800,4220
2018/8/16,4800,4220
2018/8/17,4800,4220
2018/8/20,4800,4220
2018/8/21,4800,4220
2018/8/22,4800,4220
2018/8/23,4800,4220
2018/8/24,4800,4220
2018/8/27,4800,4220
2018/8/28,4800,4220
2018/8/29,4800,4220
2018/8/30,4800,4220
2018/8/31,5040,4256
2018/9/3,5040,4256
2018/9/4,5040,4256
2018/9/5,5040,4256
2018/9/6,5040,4256
2018/9/7,5040,4256
2018/9/10,5040,4256
2018/9/11,5040,4256
2018/9/12,5040,4256
2018/9/13,5040,4256
2018/9/14,5040,4256
2018/9/17,5040,4256
2018/9/18,5040,4256
2018/9/19,5040,4256
2018/9/20,5040,4256
2018/9/21,5040,4256
2018/9/24,5040,4256
2018/9/25,5040,4256
2018/9/26,5040,4256
2018/9/27,5040,4256
2018/9/28,5040,4256
2018/10/1,5113,4268
2018/10/2,5113,4268
2018/10/3,5113,4268
2018/10/4,5113,4268
2018/10/5,5113,4268
2018/10/8,5113,4268
2018/10/9,5113,4268
2018/10/10,5113,4268
2018/10/11,5113,4268
2018/10/12,5113,4268
2018/10/15,5113,4268
2018/10/16,5113,4268
2018/10/17,5113,4268
2018/10/18,5113,4268
2018/10/19,5113,4268
2018/10/22,5113,4268
2018/10/23,5113,4268
2018/10/24,5113,4268
2018/10/25,5113,4268
2018/10/26,5113,4268
2018/10/29,5113,4268
2018/10/30,5113,4268
2018/10/31,5153,4268
2018/11/1,5153,4268
2018/11/2,5153,4268
2018/11/5,5153,4268
2018/11/6,5153,4268
2018/11/7,5153,4268
2018/11/8,5153,4268
2018/11/9,5153,4268
2018/11/12,5153,4268
2018/11/13,5153,4268
2018/11/14,5153,4268
2018/11/15,5153,4268
2018/11/16,5153,4268
2018/11/19,5153,4268
2018/11/20,5153,4268
2018/11/21,5153,4268
2018/11/22,5153,4268
2018/11/23,5153,4268
2018/11/26,5153,4268
2018/11/27,5153,4268
2018/11/28,5153,4268
2018/11/29,5153,4268
2018/11/30,5063,4107
2018/12/3,5063,4107
2018/12/4,5063,4107
2018/12/5,5063,4107
2018/12/6,5063,4107
2018/12/7,5063,4107
2018/12/10,5063,4107
2018/12/11,5063,4107
2018/12/12,5063,4107
2018/12/13,5063,4107
2018/12/14,5063,4107
2018/12/17,5063,4107
2018/12/18,5063,4107
2018/12/19,5063,4107
2018/12/20,5063,4107
2018/12/21,5063,4107
2018/12/24,5063,4107
2018/12/25,5063,4107
2018/12/26,5063,4107
2018/12/27,5063,4107
2018/12/28,5063,4107
2018/12/31,5063,4107
2019/1/1,5063,4107
2019/1/2,5063,4107
2019/1/3,5063,4107
2019/1/4,5063,4107
2019/1/7,5063,4107
2019/1/8,5063,4107
2019/1/9,5063,4107
2019/1/10,5063,4107
2019/1/11,5063,4107
2019/1/14,5063,4107
2019/1/15,5063,4107
2019/1/16,5063,4107
2019/1/17,5063,4107
2019/1/18,5063,4107
2019/1/21,5063,4107
2019/1/22,5063,4107
2019/1/23,5063,4107
2019/1/24,5063,4107
2019/1/25,5063,4107
2019/1/28,5063,4107
2019/1/29,5063,4107
2019/1/30,5063,4107
2019/1/31,5063,4107
2019/2/1,5063,4107
2019/2/4,5063,4107
2019/2/5,5063,4107
2019/2/6,5063,4107
2019/2/7,5063,4107
2019/2/8,5063,4107
2019/2/11,5063,4107
2019/2/12,5063,4107
2019/2/13,5063,4107
2019/2/14,5063,4107
2019/2/15,5063,4107
2019/2/18,5063,4107
2019/2/19,5063,4107
2019/2/20,5063,4107
2019/2/21,5063,4107
2019/2/22,5063,4107
2019/2/25,5063,4107
2019/2/26,5063,4107
2019/2/27,5063,4107
2019/2/28,5002,4092
2019/3/1,5002,4092
2019/3/4,5002,4092
2019/3/5,5002,4092
2019/3/6,5002,4092
2019/3/7,5002,4092
2019/3/8,5002,4092
2019/3/11,5002,4092
2019/3/12,5002,4092
2019/3/13,5002,4092
2019/3/14,5002,4092
2019/3/15,5002,4092
2019/3/18,5002,4092
2019/3/19,5002,4092
2019/3/20,5002,4092
2019/3/21,5002,4092
2019/3/22,5002,4092
2019/3/25,5002,4092
2019/3/26,5002,4092
2019/3/27,5002,4092
2019/3/28,5002,4092
2019/3/29,5002,4092
2019/4/1,5002,4102
2019/4/2,5002,4102
2019/4/3,5002,4102
2019/4/4,5002,4102
2019/4/5,5002,4102
2019/4/8,5002,4102
2019/4/9,5002,4102
2019/4/10,5002,4102
2019/4/11,5002,4102
2019/4/12,5002,4102
2019/4/15,5002,4102
2019/4/16,5002,4102
2019/4/17,5002,4102
2019/4/18,5002,4102
2019/4/19,5002,4102
2019/4/22,5002,4102
2019/4/23,5002,4102
2019/4/24,5002,4102
2019/4/25,5002,4102
2019/4/26,5002,4102
2019/4/29,5002,4102
2019/4/30,4999,4104
2019/5/1,4999,4104
2019/5/2,4999,4104
2019/5/3,4999,4104
