	SPX Index			
	#N/A Requesting Data...	#N/A Requesting Data...	#N/A Requesting Data...	#N/A Requesting Data...
Dates	PX_LOW	PX_HIGH	PX_OPEN	PX_LAST
2013/1/2	1426.19	1462.43	1426.19	1462.42
2013/1/3	1455.53	1465.47	1462.42	1459.37
2013/1/4	1458.99	1467.94	1459.37	1466.47
2013/1/7	1456.62	1466.47	1466.47	1461.89
2013/1/8	1451.64	1461.89	1461.89	1457.15
2013/1/9	1457.15	1464.73	1457.15	1461.02
2013/1/10	1461.02	1472.3	1461.02	1472.12
2013/1/11	1467.58	1472.75	1472.12	1472.05
2013/1/14	1465.69	1472.05	1472.05	1470.68
2013/1/15	1463.76	1473.31	1470.67	1472.34
2013/1/16	1467.6	1473.96	1472.33	1472.63
2013/1/17	1472.63	1485.16	1472.63	1480.94
2013/1/18	1475.81	1485.98	1480.95	1485.98
2013/1/22	1481.16	1492.56	1485.98	1492.56
2013/1/23	1489.9	1496.13	1492.56	1494.81
2013/1/24	1489.46	1502.27	1494.81	1494.82
2013/1/25	1494.82	1503.26	1494.82	1502.96
2013/1/28	1496.33	1503.23	1502.96	1500.18
2013/1/29	1498.09	1509.35	1500.18	1507.84
2013/1/30	1500.11	1509.94	1507.84	1501.96
2013/1/31	1496.76	1504.19	1501.96	1498.11
2013/2/1	1498.11	1514.41	1498.11	1513.17
2013/2/4	1495.02	1513.17	1513.17	1495.71
2013/2/5	1495.71	1514.96	1495.71	1511.29
2013/2/6	1504.71	1512.53	1511.29	1512.12
2013/2/7	1498.49	1512.9	1512.12	1509.39
2013/2/8	1509.39	1518.31	1509.39	1517.93
2013/2/11	1513.61	1518.31	1517.93	1517.01
2013/2/12	1515.61	1522.29	1517.01	1519.43
2013/2/13	1515.93	1524.69	1519.43	1520.33
2013/2/14	1514.02	1523.14	1520.33	1521.38
2013/2/15	1514.14	1524.24	1521.38	1519.79
2013/2/19	1519.79	1530.94	1519.79	1530.94
2013/2/20	1511.41	1530.94	1530.94	1511.95
2013/2/21	1497.29	1511.95	1511.95	1502.42
2013/2/22	1502.42	1515.64	1502.42	1515.6
2013/2/25	1487.85	1525.84	1515.6	1487.85
2013/2/26	1485.01	1498.99	1487.85	1496.94
2013/2/27	1494.88	1520.08	1496.94	1515.99
2013/2/28	1514.46	1525.34	1515.99	1514.68
2013/3/1	1501.48	1519.99	1514.68	1518.2
2013/3/4	1512.29	1525.27	1518.2	1525.2
2013/3/5	1525.2	1543.47	1525.2	1539.79
2013/3/6	1538.11	1545.25	1539.79	1541.46
2013/3/7	1541.46	1545.78	1541.46	1544.26
2013/3/8	1542.94	1552.48	1544.26	1551.18
2013/3/11	1547.36	1556.27	1551.15	1556.22
2013/3/12	1548.24	1556.77	1556.22	1552.48
2013/3/13	1548.25	1556.39	1552.48	1554.52
2013/3/14	1554.52	1563.32	1554.52	1563.23
2013/3/15	1555.74	1563.62	1563.21	1560.7
2013/3/18	1545.13	1560.7	1560.7	1552.1
2013/3/19	1538.57	1557.25	1552.1	1548.34
2013/3/20	1548.34	1561.56	1548.34	1558.71
2013/3/21	1543.55	1558.71	1558.71	1545.8
2013/3/22	1545.9	1557.74	1545.9	1556.89
2013/3/25	1546.22	1564.91	1556.89	1551.69
2013/3/26	1551.69	1563.95	1551.69	1563.77
2013/3/27	1551.9	1564.07	1563.75	1562.85
2013/3/28	1561.08	1570.28	1562.86	1569.19
2013/4/1	1558.47	1570.57	1569.18	1562.17
2013/4/2	1562.17	1573.66	1562.17	1570.25
2013/4/3	1549.8	1571.47	1570.25	1553.69
2013/4/4	1552.52	1562.6	1553.69	1559.98
2013/4/5	1539.5	1559.98	1559.98	1553.28
2013/4/8	1548.63	1563.07	1553.26	1563.07
2013/4/9	1560.92	1573.89	1563.11	1568.61
2013/4/10	1568.61	1589.07	1568.61	1587.73
2013/4/11	1586.17	1597.35	1587.73	1593.37
2013/4/12	1579.97	1593.3	1593.3	1588.85
2013/4/15	1552.28	1588.84	1588.84	1552.36
2013/4/16	1552.36	1575.35	1552.36	1574.57
2013/4/17	1543.69	1574.57	1574.57	1552.01
2013/4/18	1536.03	1554.38	1552.03	1541.61
2013/4/19	1539.4	1555.89	1541.61	1555.25
2013/4/22	1548.19	1565.55	1555.25	1562.5
2013/4/23	1562.5	1579.58	1562.5	1578.78
2013/4/24	1575.8	1583	1578.78	1578.79
2013/4/25	1578.93	1592.64	1578.93	1585.16
2013/4/26	1577.56	1585.78	1585.16	1582.24
2013/4/29	1582.34	1596.65	1582.34	1593.61
2013/4/30	1586.5	1597.57	1593.58	1597.57
2013/5/1	1581.28	1597.55	1597.55	1582.7
2013/5/2	1582.77	1598.6	1582.77	1597.59
2013/5/3	1597.6	1618.46	1597.6	1614.42
2013/5/6	1614.21	1619.77	1614.4	1617.5
2013/5/7	1616.64	1626.03	1617.55	1625.96
2013/5/8	1622.7	1632.78	1625.95	1632.69
2013/5/9	1623.09	1635.01	1632.69	1626.67
2013/5/10	1623.71	1633.7	1626.69	1633.7
2013/5/13	1626.74	1636	1632.1	1633.77
2013/5/14	1633.75	1651.1	1633.75	1650.34
2013/5/15	1646.68	1661.49	1649.13	1658.78
2013/5/16	1648.6	1660.51	1658.07	1650.47
2013/5/17	1652.45	1667.47	1652.45	1667.47
2013/5/20	1663.52	1672.84	1665.71	1666.29
2013/5/21	1662.67	1674.93	1666.2	1669.16
2013/5/22	1648.86	1687.18	1669.39	1655.35
2013/5/23	1635.53	1655.5	1651.62	1650.51
2013/5/24	1636.88	1649.78	1646.67	1649.6
2013/5/28	1652.63	1674.21	1652.63	1660.06
2013/5/29	1640.05	1656.57	1656.57	1648.36
2013/5/30	1648.61	1661.91	1649.14	1654.41
2013/5/31	1630.74	1658.99	1652.13	1630.74
2013/6/3	1622.72	1640.42	1631.71	1640.42
2013/6/4	1623.62	1646.53	1640.73	1631.38
2013/6/5	1607.09	1629.31	1629.05	1608.9
2013/6/6	1598.23	1622.56	1609.29	1622.56
2013/6/7	1625.27	1644.4	1625.27	1643.38
2013/6/10	1639.26	1648.69	1644.67	1642.81
2013/6/11	1622.92	1640.13	1638.64	1626.13
2013/6/12	1610.92	1637.71	1629.94	1612.52
2013/6/13	1608.07	1639.25	1612.15	1636.36
2013/6/14	1623.96	1640.8	1635.52	1626.73
2013/6/17	1630.34	1646.5	1630.64	1639.04
2013/6/18	1639.77	1654.19	1639.77	1651.81
2013/6/19	1628.91	1652.45	1651.83	1628.93
2013/6/20	1584.32	1624.62	1624.62	1588.19
2013/6/21	1577.7	1599.19	1588.62	1592.43
2013/6/24	1560.33	1588.77	1588.77	1573.09
2013/6/25	1577.09	1593.79	1577.52	1588.03
2013/6/26	1592.27	1606.83	1592.27	1603.26
2013/6/27	1606.44	1620.07	1606.44	1613.2
2013/6/28	1601.06	1615.94	1611.12	1606.28
2013/7/1	1609.78	1626.61	1609.78	1614.96
2013/7/2	1606.77	1624.26	1614.29	1614.08
2013/7/3	1604.57	1618.97	1611.48	1615.41
2013/7/5	1614.71	1632.07	1618.65	1631.89
2013/7/8	1634.2	1644.68	1634.2	1640.46
2013/7/9	1643.93	1654.18	1643.93	1652.32
2013/7/10	1647.66	1657.92	1651.56	1652.62
2013/7/11	1657.41	1676.63	1657.41	1675.02
2013/7/12	1672.33	1680.19	1675.26	1680.19
2013/7/15	1677.89	1684.51	1679.59	1682.5
2013/7/16	1671.84	1683.73	1682.7	1676.26
2013/7/17	1677.91	1684.75	1677.91	1680.91
2013/7/18	1681.05	1693.12	1681.05	1689.37
2013/7/19	1684.08	1692.09	1686.15	1692.09
2013/7/22	1690.67	1697.61	1694.41	1695.53
2013/7/23	1691.13	1698.78	1696.63	1692.39
2013/7/24	1682.57	1698.38	1696.06	1685.94
2013/7/25	1680.07	1690.94	1685.21	1690.25
2013/7/26	1676.03	1691.85	1687.31	1691.65
2013/7/29	1681.86	1690.92	1690.32	1685.33
2013/7/30	1682.42	1693.19	1687.92	1685.96
2013/7/31	1684.94	1698.43	1687.76	1685.73
2013/8/1	1689.42	1707.85	1689.42	1706.87
2013/8/2	1700.68	1709.67	1706.1	1709.67
2013/8/5	1703.55	1709.24	1708.01	1707.14
2013/8/6	1693.29	1705.79	1705.79	1697.37
2013/8/7	1684.91	1695.3	1695.3	1690.91
2013/8/8	1688.38	1700.18	1693.35	1697.48
2013/8/9	1686.02	1699.42	1696.1	1691.42
2013/8/12	1683.35	1691.49	1688.37	1689.47
2013/8/13	1682.62	1696.81	1690.65	1694.16
2013/8/14	1684.83	1695.52	1693.88	1685.39
2013/8/15	1658.59	1679.61	1679.61	1661.32
2013/8/16	1652.61	1663.6	1661.22	1655.83
2013/8/19	1645.84	1659.18	1655.25	1646.06
2013/8/20	1646.08	1658.92	1646.81	1652.35
2013/8/21	1639.43	1656.99	1650.66	1642.8
2013/8/22	1645.03	1659.55	1645.03	1656.96
2013/8/23	1654.81	1664.85	1659.92	1663.5
2013/8/26	1656.02	1669.51	1664.29	1656.78
2013/8/27	1629.05	1652.54	1652.54	1630.48
2013/8/28	1627.47	1641.18	1630.25	1634.96
2013/8/29	1630.88	1646.41	1633.5	1638.17
2013/8/30	1628.05	1640.08	1638.89	1632.97
2013/9/3	1633.41	1651.35	1635.95	1639.77
2013/9/4	1637.41	1655.72	1640.72	1653.08
2013/9/5	1653.07	1659.17	1653.28	1655.08
2013/9/6	1640.62	1664.83	1657.44	1655.17
2013/9/9	1656.85	1672.4	1656.85	1671.71
2013/9/10	1674.32	1684.09	1674.32	1683.99
2013/9/11	1678.7	1689.13	1681.04	1689.13
2013/9/12	1681.96	1689.97	1689.21	1683.42
2013/9/13	1682.22	1688.73	1685.04	1687.99
2013/9/16	1691.7	1704.95	1691.7	1697.6
2013/9/17	1697.73	1705.52	1697.73	1704.76
2013/9/18	1700.35	1729.44	1705.74	1725.52
2013/9/19	1720.2	1729.86	1727.34	1722.34
2013/9/20	1708.89	1725.23	1722.44	1709.91
2013/9/23	1697.1	1711.44	1711.44	1701.84
2013/9/24	1694.9	1707.63	1702.6	1697.42
2013/9/25	1691.88	1701.71	1698.02	1692.77
2013/9/26	1693.11	1703.85	1694.05	1698.67
2013/9/27	1687.11	1695.52	1695.52	1691.75
2013/9/30	1674.99	1687.26	1687.26	1681.55
2013/10/1	1682.07	1696.55	1682.41	1695
2013/10/2	1680.34	1693.87	1691.9	1693.87
2013/10/3	1670.36	1692.35	1692.35	1678.66
2013/10/4	1677.33	1691.94	1678.79	1690.5
2013/10/7	1674.7	1687.15	1687.15	1676.12
2013/10/8	1655.03	1676.79	1676.22	1655.45
2013/10/9	1646.47	1662.47	1656.99	1656.4
2013/10/10	1660.88	1692.56	1660.88	1692.56
2013/10/11	1688.52	1703.44	1691.09	1703.2
2013/10/14	1692.13	1711.03	1699.86	1710.14
2013/10/15	1695.93	1711.57	1709.17	1698.06
2013/10/16	1700.49	1721.76	1700.49	1721.54
2013/10/17	1714.12	1733.45	1720.17	1733.15
2013/10/18	1735.74	1745.31	1736.72	1744.5
2013/10/21	1740.67	1747.79	1745.2	1744.66
2013/10/22	1746.48	1759.33	1746.48	1754.67
2013/10/23	1740.5	1752.27	1752.27	1746.38
2013/10/24	1745.5	1753.94	1747.48	1752.07
2013/10/25	1752.45	1759.82	1756.01	1759.77
2013/10/28	1757.67	1764.99	1759.42	1762.11
2013/10/29	1762.93	1772.09	1762.93	1771.95
2013/10/30	1757.24	1775.22	1772.27	1763.31
2013/10/31	1755.72	1768.53	1763.24	1756.54
2013/11/1	1752.7	1765.67	1758.7	1761.64
2013/11/4	1761.56	1768.78	1763.4	1767.93
2013/11/5	1755.76	1767.03	1765.67	1762.97
2013/11/6	1764.4	1773.74	1765	1770.49
2013/11/7	1746.2	1774.54	1770.74	1747.15
2013/11/8	1747.63	1770.78	1748.37	1770.61
2013/11/11	1767.85	1773.44	1769.96	1771.89
2013/11/12	1762.29	1771.78	1769.51	1767.69
2013/11/13	1760.64	1782	1764.37	1782
2013/11/14	1780.22	1791.53	1782.75	1790.62
2013/11/15	1790.66	1798.22	1790.66	1798.18
2013/11/18	1788	1802.33	1798.82	1791.53
2013/11/19	1784.72	1795.51	1790.79	1787.87
2013/11/20	1777.23	1795.73	1789.59	1781.37
2013/11/21	1783.52	1797.16	1783.52	1795.85
2013/11/22	1794.7	1804.84	1797.21	1804.76
2013/11/25	1800.58	1808.1	1806.33	1802.48
2013/11/26	1800.77	1808.42	1802.87	1802.75
2013/11/27	1802.77	1808.27	1803.48	1807.23
2013/11/29	1803.98	1813.55	1808.69	1805.81
2013/12/2	1798.6	1810.02	1806.55	1800.9
2013/12/3	1787.85	1800.1	1800.1	1795.15
2013/12/4	1779.09	1799.8	1793.15	1792.81
2013/12/5	1783.38	1792.82	1792.82	1785.03
2013/12/6	1788.36	1806.04	1788.36	1805.09
2013/12/9	1806.21	1811.52	1806.21	1808.37
2013/12/10	1801.75	1808.52	1807.6	1802.62
2013/12/11	1780.09	1802.97	1802.76	1782.22
2013/12/12	1772.28	1782.99	1781.71	1775.5
2013/12/13	1772.45	1780.92	1777.98	1775.32
2013/12/16	1777.48	1792.22	1777.48	1786.54
2013/12/17	1777.05	1786.77	1786.47	1781
2013/12/18	1767.99	1811.08	1781.46	1810.65
2013/12/19	1801.35	1810.88	1809	1809.6
2013/12/20	1810.25	1823.75	1810.39	1818.32
2013/12/23	1822.92	1829.75	1822.92	1827.99
2013/12/24	1828.02	1833.32	1828.02	1833.32
2013/12/26	1834.96	1842.84	1834.96	1842.02
2013/12/27	1839.81	1844.89	1842.97	1841.4
2013/12/30	1838.77	1842.47	1841.47	1841.07
2013/12/31	1842.41	1849.44	1842.61	1848.36
2014/1/2	1827.74	1845.86	1845.86	1831.98
2014/1/3	1829.13	1838.24	1833.21	1831.37
2014/1/6	1823.73	1837.16	1832.31	1826.77
2014/1/7	1828.71	1840.1	1828.71	1837.88
2014/1/8	1831.4	1840.02	1837.9	1837.49
2014/1/9	1830.38	1843.23	1839	1838.13
2014/1/10	1832.43	1843.15	1840.06	1842.37
2014/1/13	1815.52	1843.45	1841.26	1819.2
2014/1/14	1821.36	1839.26	1821.36	1838.88
2014/1/15	1840.52	1850.84	1840.52	1848.38
2014/1/16	1840.3	1847.99	1847.99	1845.89
2014/1/17	1835.23	1846.04	1844.23	1838.7
2014/1/21	1832.38	1849.31	1841.05	1843.8
2014/1/22	1840.88	1846.87	1844.71	1844.86
2014/1/23	1820.06	1842.29	1842.29	1828.46
2014/1/24	1790.29	1826.96	1826.96	1790.29
2014/1/27	1772.88	1795.98	1791.03	1781.56
2014/1/28	1779.49	1793.87	1783	1792.5
2014/1/29	1770.45	1790.15	1790.15	1774.2
2014/1/30	1777.17	1798.77	1777.17	1794.19
2014/1/31	1772.26	1793.88	1790.88	1782.59
2014/2/3	1739.66	1784.83	1782.68	1741.89
2014/2/4	1743.82	1758.73	1743.82	1755.2
2014/2/5	1737.92	1755.79	1753.38	1751.64
2014/2/6	1752.99	1774.06	1752.99	1773.43
2014/2/7	1776.01	1798.03	1776.01	1797.02
2014/2/10	1791.83	1799.94	1796.2	1799.84
2014/2/11	1800.41	1823.54	1800.45	1819.75
2014/2/12	1815.97	1826.55	1820.12	1819.26
2014/2/13	1809.22	1830.25	1814.82	1829.83
2014/2/14	1825.59	1841.65	1828.46	1838.63
2014/2/18	1835.01	1842.87	1839.03	1840.76
2014/2/19	1826.99	1847.5	1838.9	1828.75
2014/2/20	1824.58	1842.79	1829.24	1839.78
2014/2/21	1835.6	1846.13	1841.07	1836.25
2014/2/24	1836.78	1858.71	1836.78	1847.61
2014/2/25	1840.19	1852.91	1847.66	1845.12
2014/2/26	1840.66	1852.65	1845.79	1845.16
2014/2/27	1841.13	1854.53	1844.9	1854.29
2014/2/28	1847.67	1867.92	1855.12	1859.45
2014/3/3	1834.44	1857.68	1857.68	1845.73
2014/3/4	1849.23	1876.23	1849.23	1873.91
2014/3/5	1871.11	1876.53	1874.05	1873.81
2014/3/6	1874.18	1881.94	1874.18	1877.03
2014/3/7	1870.56	1883.57	1878.52	1878.04
2014/3/10	1867.04	1877.87	1877.86	1877.17
2014/3/11	1863.88	1882.35	1878.26	1867.63
2014/3/12	1854.38	1868.38	1866.15	1868.2
2014/3/13	1841.86	1874.4	1869.06	1846.34
2014/3/14	1839.57	1852.44	1845.07	1841.13
2014/3/17	1842.81	1862.3	1842.81	1858.83
2014/3/18	1858.92	1873.76	1858.92	1872.25
2014/3/19	1850.35	1874.14	1872.25	1860.77
2014/3/20	1854.63	1873.49	1860.09	1872.01
2014/3/21	1863.46	1883.97	1874.53	1866.52
2014/3/24	1849.69	1873.34	1867.67	1857.44
2014/3/25	1855.96	1871.87	1859.48	1865.62
2014/3/26	1852.56	1875.92	1867.09	1852.56
2014/3/27	1842.11	1855.55	1852.11	1849.04
2014/3/28	1850.07	1866.63	1850.07	1857.62
2014/3/31	1859.16	1875.18	1859.16	1872.34
2014/4/1	1873.96	1885.84	1873.96	1885.52
2014/4/2	1883.79	1893.17	1886.61	1890.9
2014/4/3	1882.65	1893.8	1891.43	1888.77
2014/4/4	1863.26	1897.28	1890.25	1865.09
2014/4/7	1841.48	1864.04	1863.92	1845.04
2014/4/8	1837.49	1854.95	1845.48	1851.96
2014/4/9	1852.38	1872.43	1852.64	1872.18
2014/4/10	1830.87	1872.53	1872.28	1833.08
2014/4/11	1814.36	1835.07	1830.65	1815.69
2014/4/14	1815.8	1834.19	1818.18	1830.61
2014/4/15	1816.29	1844.02	1831.45	1842.98
2014/4/16	1846.01	1862.31	1846.01	1862.31
2014/4/17	1856.72	1869.63	1861.73	1864.85
2014/4/21	1863.18	1871.89	1865.79	1871.89
2014/4/22	1872.57	1884.89	1872.57	1879.55
2014/4/23	1873.91	1879.75	1879.32	1875.39
2014/4/24	1870.24	1884.06	1881.97	1878.61
2014/4/25	1859.7	1877.72	1877.72	1863.4
2014/4/28	1850.61	1877.01	1865	1869.43
2014/4/29	1870.78	1880.6	1870.78	1878.33
2014/4/30	1872.69	1885.2	1877.1	1883.95
2014/5/1	1878.04	1888.59	1884.39	1883.68
2014/5/2	1878.5	1891.33	1885.3	1881.14
2014/5/5	1866.77	1885.51	1879.45	1884.66
2014/5/6	1867.72	1883.69	1883.69	1867.72
2014/5/7	1859.79	1878.83	1868.53	1878.21
2014/5/8	1870.05	1889.07	1877.39	1875.63
2014/5/9	1867.02	1878.57	1875.27	1878.48
2014/5/12	1880.03	1897.13	1880.03	1896.65
2014/5/13	1896.06	1902.17	1896.75	1897.45
2014/5/14	1885.77	1897.13	1897.13	1888.53
2014/5/15	1862.36	1888.16	1888.16	1870.85
2014/5/16	1864.82	1878.28	1871.19	1877.86
2014/5/19	1872.42	1886	1876.66	1885.08
2014/5/20	1868.14	1884.88	1884.88	1872.83
2014/5/21	1873.34	1888.8	1873.34	1888.03
2014/5/22	1885.39	1896.33	1888.19	1892.49
2014/5/23	1893.32	1901.26	1893.32	1900.53
2014/5/27	1902.01	1912.28	1902.01	1911.91
2014/5/28	1907.3	1914.46	1911.77	1909.78
2014/5/29	1909.82	1920.03	1910.6	1920.03
2014/5/30	1916.64	1924.03	1920.33	1923.57
2014/6/2	1915.98	1925.88	1923.87	1924.97
2014/6/3	1918.79	1925.07	1923.07	1924.24
2014/6/4	1918.6	1928.63	1923.06	1927.88
2014/6/5	1922.93	1941.74	1928.52	1940.46
2014/6/6	1942.41	1949.44	1942.41	1949.44
2014/6/9	1947.16	1955.55	1948.97	1951.27
2014/6/10	1944.64	1950.86	1950.34	1950.79
2014/6/11	1940.08	1949.37	1949.37	1943.89
2014/6/12	1925.78	1943.35	1943.35	1930.11
2014/6/13	1927.69	1937.3	1930.8	1936.16
2014/6/16	1930.91	1941.15	1934.84	1937.78
2014/6/17	1933.55	1943.69	1937.15	1941.99
2014/6/18	1939.29	1957.74	1942.73	1956.98
2014/6/19	1952.26	1959.87	1957.5	1959.48
2014/6/20	1959.17	1963.91	1960.45	1962.87
2014/6/23	1958.89	1963.74	1962.92	1962.61
2014/6/24	1948.34	1968.17	1961.97	1949.98
2014/6/25	1947.49	1960.83	1949.27	1959.53
2014/6/26	1944.69	1959.89	1959.89	1957.22
2014/6/27	1952.18	1961.47	1956.56	1960.96
2014/6/30	1958.22	1964.24	1960.79	1960.23
2014/7/1	1962.29	1978.58	1962.29	1973.32
2014/7/2	1972.58	1976.67	1973.06	1974.62
2014/7/3	1975.88	1985.59	1975.88	1985.44
2014/7/7	1974.88	1984.22	1984.22	1977.65
2014/7/8	1959.46	1976.39	1976.39	1963.71
2014/7/9	1965.1	1974.15	1965.1	1972.83
2014/7/10	1952.86	1969.84	1966.67	1964.68
2014/7/11	1959.63	1968.67	1965.76	1967.57
2014/7/14	1969.86	1979.85	1969.86	1977.1
2014/7/15	1965.34	1982.52	1977.36	1973.28
2014/7/16	1975.67	1983.94	1976.35	1981.57
2014/7/17	1955.59	1981.8	1979.75	1958.12
2014/7/18	1960.82	1979.91	1961.54	1978.22
2014/7/21	1965.77	1976.93	1976.93	1973.63
2014/7/22	1975.65	1986.24	1975.65	1983.53
2014/7/23	1982.44	1989.23	1985.32	1987.01
2014/7/24	1985.79	1991.39	1988.07	1987.98
2014/7/25	1974.37	1984.6	1984.6	1978.34
2014/7/28	1967.31	1981.52	1978.25	1978.91
2014/7/29	1969.95	1984.85	1980.03	1969.95
2014/7/30	1962.42	1978.9	1973.21	1970.07
2014/7/31	1930.67	1965.14	1965.14	1930.67
2014/8/1	1916.37	1937.35	1929.8	1925.15
2014/8/4	1921.2	1942.92	1926.62	1938.99
2014/8/5	1913.77	1936.34	1936.34	1920.21
2014/8/6	1911.45	1927.91	1917.29	1920.24
2014/8/7	1904.78	1928.89	1923.03	1909.57
2014/8/8	1909.01	1932.38	1910.35	1931.59
2014/8/11	1933.43	1944.9	1933.43	1936.92
2014/8/12	1928.29	1939.65	1935.73	1933.75
2014/8/13	1935.6	1948.41	1935.6	1946.72
2014/8/14	1947.41	1955.23	1947.41	1955.18
2014/8/15	1941.5	1964.04	1958.87	1955.06
2014/8/18	1958.36	1971.99	1958.36	1971.74
2014/8/19	1972.73	1982.57	1972.73	1981.6
2014/8/20	1977.68	1988.57	1980.46	1986.51
2014/8/21	1986.82	1994.76	1986.82	1992.37
2014/8/22	1984.76	1993.54	1992.6	1988.4
2014/8/25	1991.74	2001.95	1991.74	1997.92
2014/8/26	1998.59	2005.04	1998.59	2000.02
2014/8/27	1996.2	2002.14	2000.54	2000.12
2014/8/28	1990.52	1998.55	1997.42	1996.74
2014/8/29	1994.65	2003.38	1998.45	2003.37
2014/9/2	1994.85	2006.12	2004.07	2002.28
2014/9/3	1998.14	2009.28	2003.57	2000.72
2014/9/4	1992.54	2011.17	2001.67	1997.65
2014/9/5	1990.1	2007.71	1998	2007.71
2014/9/8	1995.6	2007.17	2007.17	2001.54
2014/9/9	1984.61	2001.01	2000.73	1988.44
2014/9/10	1982.99	1996.66	1988.41	1995.69
2014/9/11	1985.93	1997.65	1992.85	1997.45
2014/9/12	1980.26	1996.74	1996.74	1985.54
2014/9/15	1978.48	1987.18	1986.04	1984.13
2014/9/16	1979.06	2002.28	1981.93	1998.98
2014/9/17	1993.29	2010.74	1999.3	2001.57
2014/9/18	2003.07	2012.34	2003.07	2011.36
2014/9/19	2006.59	2019.26	2012.74	2010.4
2014/9/22	1991.01	2009.08	2009.08	1994.29
2014/9/23	1982.77	1995.41	1992.78	1982.77
2014/9/24	1978.63	1999.79	1983.34	1998.3
2014/9/25	1965.99	1997.32	1997.32	1965.99
2014/9/26	1966.22	1986.37	1966.22	1982.85
2014/9/29	1964.04	1981.28	1978.96	1977.8
2014/9/30	1968.96	1985.17	1978.21	1972.29
2014/10/1	1941.72	1971.44	1971.44	1946.16
2014/10/2	1926.03	1952.32	1945.83	1946.17
2014/10/3	1948.12	1971.19	1948.12	1967.9
2014/10/6	1958.43	1977.84	1970.01	1964.82
2014/10/7	1934.87	1962.36	1962.36	1935.1
2014/10/8	1925.25	1970.36	1935.55	1968.89
2014/10/9	1927.56	1967.68	1967.68	1928.21
2014/10/10	1906.05	1936.98	1925.63	1906.13
2014/10/13	1874.14	1912.09	1905.65	1874.74
2014/10/14	1871.79	1898.71	1877.11	1877.7
2014/10/15	1820.66	1874.18	1874.18	1862.49
2014/10/16	1835.02	1876.01	1855.95	1862.76
2014/10/17	1864.91	1898.16	1864.91	1886.76
2014/10/20	1882.3	1905.03	1885.62	1904.01
2014/10/21	1909.38	1942.45	1909.38	1941.28
2014/10/22	1926.83	1949.31	1941.29	1927.11
2014/10/23	1931.02	1961.95	1931.02	1950.82
2014/10/24	1946.27	1965.27	1951.59	1964.58
2014/10/27	1951.37	1964.64	1962.97	1961.63
2014/10/28	1964.14	1985.05	1964.14	1985.05
2014/10/29	1969.04	1991.4	1983.29	1982.3
2014/10/30	1974.75	1999.4	1979.49	1994.65
2014/10/31	2001.2	2018.19	2001.2	2018.05
2014/11/3	2013.68	2024.46	2018.21	2017.81
2014/11/4	2001.01	2015.98	2015.81	2012.1
2014/11/5	2014.42	2023.77	2015.29	2023.57
2014/11/6	2015.86	2031.61	2023.33	2031.21
2014/11/7	2025.07	2034.26	2032.36	2031.92
2014/11/10	2030.17	2038.7	2032.01	2038.26
2014/11/11	2035.28	2041.28	2038.2	2039.68
2014/11/12	2031.95	2040.33	2037.75	2038.25
2014/11/13	2030.44	2046.18	2039.21	2039.33
2014/11/14	2035.2	2042.22	2039.74	2039.82
2014/11/17	2034.46	2043.07	2038.29	2041.32
2014/11/18	2041.48	2056.08	2041.48	2051.8
2014/11/19	2040.37	2052.14	2051.16	2048.72
2014/11/20	2040.49	2053.84	2045.87	2052.75
2014/11/21	2056.75	2071.46	2057.46	2063.5
2014/11/24	2065.07	2070.17	2065.07	2069.41
2014/11/25	2064.75	2074.21	2070.15	2067.03
2014/11/26	2066.62	2073.29	2067.36	2072.83
2014/11/28	2065.06	2075.76	2074.78	2067.56
2014/12/1	2049.57	2065.78	2065.78	2053.44
2014/12/2	2053.77	2068.77	2053.77	2066.55
2014/12/3	2066.65	2076.28	2067.45	2074.33
2014/12/4	2062.34	2077.34	2073.64	2071.92
2014/12/5	2070.81	2079.47	2072.78	2075.37
2014/12/8	2054.27	2075.78	2074.84	2060.31
2014/12/9	2034.17	2060.6	2056.55	2059.82
2014/12/10	2024.26	2058.86	2058.86	2026.14
2014/12/11	2027.92	2055.53	2027.92	2035.33
2014/12/12	2002.33	2032.25	2030.36	2002.33
2014/12/15	1982.26	2018.69	2005.03	1989.63
2014/12/16	1972.56	2016.89	1986.71	1972.74
2014/12/17	1973.77	2016.75	1973.77	2012.89
2014/12/18	2018.98	2061.23	2018.98	2061.23
2014/12/19	2061.03	2077.85	2061.04	2070.65
2014/12/22	2069.28	2078.76	2069.28	2078.54
2014/12/23	2079.77	2086.73	2081.48	2082.17
2014/12/24	2081.86	2087.56	2083.25	2081.88
2014/12/26	2084.3	2092.7	2084.3	2088.77
2014/12/29	2085.75	2093.55	2087.63	2090.57
2014/12/30	2079.53	2088.49	2088.49	2080.35
2014/12/31	2057.94	2085.58	2082.11	2058.9
2015/1/2	2046.04	2072.36	2058.9	2058.2
2015/1/5	2017.34	2054.44	2054.44	2020.58
2015/1/6	1992.44	2030.25	2022.15	2002.61
2015/1/7	2005.55	2029.61	2005.55	2025.9
2015/1/8	2030.61	2064.08	2030.61	2062.14
2015/1/9	2038.33	2064.43	2063.45	2044.81
2015/1/12	2022.58	2049.3	2046.13	2028.26
2015/1/13	2008.25	2056.93	2031.58	2023.03
2015/1/14	1988.44	2018.4	2018.4	2011.27
2015/1/15	1991.47	2021.35	2013.75	1992.67
2015/1/16	1988.12	2020.46	1992.25	2019.42
2015/1/20	2004.49	2028.94	2020.76	2022.55
2015/1/21	2012.04	2038.29	2020.19	2032.12
2015/1/22	2026.38	2064.62	2034.3	2063.15
2015/1/23	2050.54	2062.98	2062.98	2051.82
2015/1/26	2040.97	2057.62	2050.42	2057.09
2015/1/27	2019.91	2047.86	2047.86	2029.55
2015/1/28	2001.49	2042.49	2032.34	2002.16
2015/1/29	1989.18	2024.64	2002.45	2021.25
2015/1/30	1993.38	2023.32	2019.35	1994.99
2015/2/2	1980.9	2021.66	1996.67	2020.85
2015/2/3	2022.71	2050.3	2022.71	2050.03
2015/2/4	2036.72	2054.74	2048.86	2041.51
2015/2/5	2043.45	2063.55	2043.45	2062.52
2015/2/6	2049.97	2072.4	2062.28	2055.47
2015/2/9	2041.88	2056.16	2053.47	2046.74
2015/2/10	2048.62	2070.86	2049.38	2068.59
2015/2/11	2057.99	2073.48	2068.55	2068.53
2015/2/12	2069.98	2088.53	2069.98	2088.48
2015/2/13	2086.7	2097.03	2088.78	2096.99
2015/2/17	2089.8	2101.3	2096.47	2100.34
2015/2/18	2092.15	2100.23	2099.16	2099.68
2015/2/19	2090.79	2102.13	2099.25	2097.45
2015/2/20	2085.44	2110.61	2097.65	2110.3
2015/2/23	2103	2110.05	2109.83	2109.66
2015/2/24	2105.87	2117.94	2109.1	2115.48
2015/2/25	2109.89	2119.59	2115.3	2113.86
2015/2/26	2103.76	2113.91	2113.91	2110.74
2015/2/27	2103.75	2112.74	2110.88	2104.5
2015/3/2	2104.5	2117.52	2105.23	2117.39
2015/3/3	2098.26	2115.76	2115.76	2107.78
2015/3/4	2087.62	2107.72	2107.72	2098.53
2015/3/5	2095.22	2104.25	2098.54	2101.04
2015/3/6	2067.27	2100.91	2100.91	2071.26
2015/3/9	2072.21	2083.49	2072.25	2079.43
2015/3/10	2044.16	2076.14	2076.14	2044.16
2015/3/11	2039.69	2050.08	2044.69	2040.24
2015/3/12	2041.1	2066.41	2041.1	2065.95
2015/3/13	2041.17	2064.56	2064.56	2053.4
2015/3/16	2055.35	2081.41	2055.35	2081.19
2015/3/17	2065.08	2080.59	2080.59	2074.28
2015/3/18	2061.23	2106.85	2072.84	2099.5
2015/3/19	2085.56	2098.69	2098.69	2089.27
2015/3/20	2090.32	2113.92	2090.32	2108.1
2015/3/23	2104.42	2114.86	2107.99	2104.42
2015/3/24	2091.5	2107.63	2103.94	2091.5
2015/3/25	2061.05	2097.43	2093.1	2061.05
2015/3/26	2045.5	2067.15	2059.94	2056.15
2015/3/27	2052.96	2062.83	2055.78	2061.02
2015/3/30	2064.11	2088.97	2064.11	2086.24
2015/3/31	2067.04	2084.05	2084.05	2067.89
2015/4/1	2048.38	2067.63	2067.63	2059.69
2015/4/2	2057.32	2072.17	2060.03	2066.96
2015/4/6	2056.52	2086.99	2064.87	2080.62
2015/4/7	2076.1	2089.81	2080.79	2076.33
2015/4/8	2073.3	2086.69	2076.94	2081.9
2015/4/9	2074.29	2093.31	2081.29	2091.18
2015/4/10	2091.51	2102.61	2091.51	2102.06
2015/4/13	2092.33	2107.65	2102.03	2092.43
2015/4/14	2083.24	2098.62	2092.28	2095.84
2015/4/15	2097.82	2111.91	2097.82	2106.63
2015/4/16	2100.02	2111.3	2105.96	2104.99
2015/4/17	2072.37	2102.58	2102.58	2081.18
2015/4/20	2084.11	2103.94	2084.11	2100.4
2015/4/21	2094.38	2109.64	2102.82	2097.29
2015/4/22	2091.05	2109.98	2098.27	2107.96
2015/4/23	2103.19	2120.49	2107.21	2112.93
2015/4/24	2112.8	2120.92	2112.8	2117.69
2015/4/27	2107.04	2125.92	2119.29	2108.92
2015/4/28	2094.89	2116.09	2108.35	2114.76
2015/4/29	2097.41	2113.65	2112.49	2106.85
2015/4/30	2077.59	2105.52	2105.52	2085.51
2015/5/1	2087.38	2108.41	2087.38	2108.29
2015/5/4	2110.23	2120.95	2110.23	2114.49
2015/5/5	2088.46	2115.24	2112.63	2089.46
2015/5/6	2067.93	2098.42	2091.26	2080.15
2015/5/7	2074.99	2092.9	2079.96	2088
2015/5/8	2092.13	2117.66	2092.13	2116.1
2015/5/11	2104.58	2117.69	2115.56	2105.33
2015/5/12	2085.57	2105.06	2102.87	2099.12
2015/5/13	2096.04	2110.19	2099.62	2098.48
2015/5/14	2100.43	2121.45	2100.43	2121.1
2015/5/15	2116.79	2123.89	2122.07	2122.73
2015/5/18	2120.01	2131.78	2121.3	2129.2
2015/5/19	2124.5	2133.02	2129.45	2127.83
2015/5/20	2122.59	2134.72	2127.79	2125.85
2015/5/21	2122.95	2134.28	2125.55	2130.82
2015/5/22	2126.06	2132.15	2130.36	2126.06
2015/5/26	2099.18	2125.34	2125.34	2104.2
2015/5/27	2105.13	2126.22	2105.13	2123.48
2015/5/28	2112.86	2122.27	2122.27	2120.79
2015/5/29	2104.89	2120.66	2120.66	2107.39
2015/6/1	2102.54	2119.15	2108.64	2111.73
2015/6/2	2099.14	2117.59	2110.41	2109.6
2015/6/3	2109.61	2121.92	2110.64	2114.07
2015/6/4	2093.23	2112.89	2112.35	2095.84
2015/6/5	2085.67	2100.99	2095.09	2092.83
2015/6/8	2079.11	2093.01	2092.34	2079.28
2015/6/9	2072.14	2085.62	2079.07	2080.15
2015/6/10	2081.12	2108.5	2081.12	2105.2
2015/6/11	2106.24	2115.02	2106.24	2108.86
2015/6/12	2091.33	2107.43	2107.43	2094.11
2015/6/15	2072.49	2091.34	2091.34	2084.43
2015/6/16	2082.1	2097.4	2084.26	2096.29
2015/6/17	2088.86	2106.79	2097.4	2100.44
2015/6/18	2101.58	2126.65	2101.58	2121.24
2015/6/19	2109.45	2121.64	2121.06	2109.99
2015/6/22	2112.5	2129.87	2112.5	2122.85
2015/6/23	2119.89	2128.03	2123.16	2124.2
2015/6/24	2108.58	2125.1	2123.65	2108.58
2015/6/25	2101.78	2116.04	2109.96	2102.31
2015/6/26	2095.38	2108.92	2102.62	2101.49
2015/6/29	2056.64	2098.63	2098.63	2057.64
2015/6/30	2056.32	2074.28	2061.19	2063.11
2015/7/1	2067	2082.78	2067	2077.42
2015/7/2	2071.02	2085.06	2078.03	2076.78
2015/7/6	2058.4	2078.61	2073.95	2068.76
2015/7/7	2044.02	2083.74	2069.52	2081.34
2015/7/8	2044.66	2077.66	2077.66	2046.68
2015/7/9	2049.73	2074.28	2049.73	2051.31
2015/7/10	2052.74	2081.31	2052.74	2076.62
2015/7/13	2080.03	2100.67	2080.03	2099.6
2015/7/14	2098.18	2111.98	2099.72	2108.95
2015/7/15	2102.49	2114.14	2109.01	2107.4
2015/7/16	2110.55	2124.42	2110.55	2124.29
2015/7/17	2119.88	2128.91	2126.8	2126.64
2015/7/20	2123.65	2132.82	2126.85	2128.28
2015/7/21	2115.4	2128.49	2127.55	2119.21
2015/7/22	2110	2118.51	2118.21	2114.15
2015/7/23	2098.63	2116.87	2114.16	2102.15
2015/7/24	2077.09	2106.01	2102.24	2079.65
2015/7/27	2063.52	2078.19	2078.19	2067.64
2015/7/28	2069.09	2095.6	2070.75	2093.25
2015/7/29	2094.08	2110.6	2094.7	2108.57
2015/7/30	2094.97	2110.48	2106.78	2108.63
2015/7/31	2102.07	2114.24	2111.6	2103.84
2015/8/3	2087.31	2105.7	2104.49	2098.04
2015/8/4	2088.6	2102.51	2097.68	2093.32
2015/8/5	2095.27	2112.66	2095.27	2099.84
2015/8/6	2075.53	2103.32	2100.75	2083.56
2015/8/7	2067.91	2082.61	2082.61	2077.57
2015/8/10	2080.98	2105.35	2080.98	2104.18
2015/8/11	2076.49	2102.66	2102.66	2084.07
2015/8/12	2052.09	2089.06	2081.1	2086.05
2015/8/13	2078.26	2092.93	2086.19	2083.39
2015/8/14	2080.61	2092.45	2083.15	2091.54
2015/8/17	2079.3	2102.87	2089.7	2102.44
2015/8/18	2094.14	2103.47	2101.99	2096.92
2015/8/19	2070.53	2096.17	2095.69	2079.61
2015/8/20	2035.73	2076.61	2076.61	2035.73
2015/8/21	1970.89	2034.08	2034.08	1970.89
2015/8/24	1867.01	1965.15	1965.15	1893.21
2015/8/25	1867.08	1948.04	1898.08	1867.61
2015/8/26	1872.75	1943.09	1872.75	1940.51
2015/8/27	1942.77	1989.6	1942.77	1987.66
2015/8/28	1975.19	1993.48	1986.06	1988.87
2015/8/31	1965.98	1986.73	1986.73	1972.18
2015/9/1	1903.07	1970.09	1970.09	1913.85
2015/9/2	1916.52	1948.91	1916.52	1948.86
2015/9/3	1944.72	1975.01	1950.79	1951.13
2015/9/4	1911.21	1947.76	1947.76	1921.22
2015/9/8	1927.3	1970.42	1927.3	1969.41
2015/9/9	1937.88	1988.63	1971.45	1942.04
2015/9/10	1937.19	1965.29	1941.59	1952.29
2015/9/11	1939.19	1961.05	1951.45	1961.05
2015/9/14	1948.27	1963.06	1963.06	1953.03
2015/9/15	1954.3	1983.19	1955.1	1978.09
2015/9/16	1977.93	1997.26	1978.02	1995.31
2015/9/17	1986.73	2020.86	1995.33	1990.2
2015/9/18	1953.45	1989.66	1989.66	1958.03
2015/9/21	1955.8	1979.64	1960.84	1966.97
2015/9/22	1929.22	1961.39	1961.39	1942.74
2015/9/23	1932.57	1949.52	1943.24	1938.76
2015/9/24	1908.92	1937.17	1934.81	1932.24
2015/9/25	1921.5	1952.89	1935.93	1931.34
2015/9/28	1879.21	1929.18	1929.18	1881.77
2015/9/29	1871.91	1899.48	1881.9	1884.09
2015/9/30	1887.14	1920.53	1887.14	1920.03
2015/10/1	1900.7	1927.21	1919.65	1923.82
2015/10/2	1893.7	1951.36	1921.77	1951.36
2015/10/5	1954.33	1989.17	1954.33	1987.05
2015/10/6	1971.99	1991.62	1986.63	1979.92
2015/10/7	1976.44	1999.31	1982.34	1995.83
2015/10/8	1987.53	2016.5	1994.01	2013.43
2015/10/9	2007.61	2020.13	2013.73	2014.89
2015/10/12	2010.55	2018.66	2015.65	2017.46
2015/10/13	2001.78	2022.34	2015	2003.69
2015/10/14	1990.73	2009.56	2003.66	1994.24
2015/10/15	1996.47	2024.15	1996.47	2023.86
2015/10/16	2020.46	2033.54	2024.37	2033.11
2015/10/19	2022.31	2034.45	2031.73	2033.66
2015/10/20	2026.61	2039.12	2033.13	2030.77
2015/10/21	2017.22	2037.97	2033.47	2018.94
2015/10/22	2021.88	2055.2	2021.88	2052.51
2015/10/23	2058.19	2079.74	2058.19	2075.15
2015/10/26	2066.53	2075.14	2075.08	2071.18
2015/10/27	2058.84	2070.37	2068.75	2065.89
2015/10/28	2063.11	2090.35	2066.48	2090.35
2015/10/29	2082.63	2092.52	2088.35	2089.41
2015/10/30	2079.34	2094.32	2090	2079.36
2015/11/2	2080.76	2106.2	2080.76	2104.05
2015/11/3	2097.51	2116.48	2102.63	2109.79
2015/11/4	2096.98	2114.59	2110.6	2102.31
2015/11/5	2090.41	2108.78	2101.68	2099.93
2015/11/6	2083.74	2101.91	2098.6	2099.2
2015/11/9	2068.24	2096.56	2096.56	2078.58
2015/11/10	2069.91	2083.67	2077.19	2081.72
2015/11/11	2074.85	2086.94	2083.41	2075
2015/11/12	2045.66	2072.29	2072.29	2045.97
2015/11/13	2022.02	2044.64	2044.64	2023.04
2015/11/16	2019.39	2053.22	2022.08	2053.19
2015/11/17	2045.9	2066.69	2053.67	2050.44
2015/11/18	2051.99	2085.31	2051.99	2083.58
2015/11/19	2078.76	2086.74	2083.7	2081.24
2015/11/20	2082.82	2097.06	2082.82	2089.17
2015/11/23	2081.39	2095.61	2089.41	2086.59
2015/11/24	2070.29	2094.12	2084.42	2089.14
2015/11/25	2086.3	2093	2089.3	2088.87
2015/11/27	2084.13	2093.29	2088.82	2090.11
2015/11/30	2080.41	2093.81	2090.95	2080.41
2015/12/1	2082.93	2103.37	2082.93	2102.63
2015/12/2	2077.11	2104.27	2101.71	2079.51
2015/12/3	2042.35	2085	2080.71	2049.62
2015/12/4	2051.24	2093.84	2051.24	2091.69
2015/12/7	2066.78	2090.42	2090.42	2077.07
2015/12/8	2052.32	2073.85	2073.39	2063.59
2015/12/9	2036.53	2080.33	2061.17	2047.62
2015/12/10	2045.67	2067.65	2047.93	2052.23
2015/12/11	2008.8	2047.27	2047.27	2012.37
2015/12/14	1993.26	2022.92	2013.37	2021.94
2015/12/15	2025.55	2053.87	2025.55	2043.41
2015/12/16	2042.43	2076.72	2046.5	2073.07
2015/12/17	2041.66	2076.37	2073.76	2041.89
2015/12/18	2005.33	2040.81	2040.81	2005.55
2015/12/21	2005.93	2022.9	2010.27	2021.15
2015/12/22	2020.49	2042.74	2023.15	2038.97
2015/12/23	2042.2	2064.73	2042.2	2064.29
2015/12/24	2058.73	2067.36	2063.52	2060.99
2015/12/28	2044.2	2057.77	2057.77	2056.5
2015/12/29	2060.54	2081.56	2060.54	2078.36
2015/12/30	2061.97	2077.34	2077.34	2063.36
2015/12/31	2043.62	2062.54	2060.59	2043.94
2016/1/4	1989.68	2038.2	2038.2	2012.66
2016/1/5	2004.17	2021.94	2013.78	2016.71
2016/1/6	1979.05	2011.71	2011.71	1990.26
2016/1/7	1938.83	1985.32	1985.32	1943.09
2016/1/8	1918.46	1960.4	1945.97	1922.03
2016/1/11	1901.1	1935.65	1926.12	1923.67
2016/1/12	1914.35	1947.38	1927.83	1938.68
2016/1/13	1886.41	1950.33	1940.34	1890.28
2016/1/14	1878.93	1934.47	1891.68	1921.84
2016/1/15	1857.83	1916.68	1916.68	1880.33
2016/1/19	1864.6	1901.44	1888.66	1881.33
2016/1/20	1812.29	1876.18	1876.18	1859.33
2016/1/21	1848.98	1889.85	1861.46	1868.99
2016/1/22	1877.4	1908.85	1877.4	1906.9
2016/1/25	1875.97	1906.28	1906.28	1877.08
2016/1/26	1878.79	1906.73	1878.79	1903.63
2016/1/27	1872.7	1916.99	1902.52	1882.95
2016/1/28	1873.65	1902.96	1885.22	1893.36
2016/1/29	1894	1940.24	1894	1940.24
2016/2/1	1920.3	1947.2	1936.94	1939.38
2016/2/2	1897.29	1935.26	1935.26	1903.03
2016/2/3	1872.23	1918.01	1907.07	1912.53
2016/2/4	1900.52	1927.35	1911.67	1915.45
2016/2/5	1872.65	1913.07	1913.07	1880.05
2016/2/8	1828.46	1873.25	1873.25	1853.44
2016/2/9	1834.94	1868.25	1848.46	1852.21
2016/2/10	1850.32	1881.6	1857.1	1851.86
2016/2/11	1810.1	1847	1847	1829.08
2016/2/12	1833.4	1864.78	1833.4	1864.78
2016/2/16	1871.44	1895.77	1871.44	1895.58
2016/2/17	1898.8	1930.68	1898.8	1926.82
2016/2/18	1915.09	1930	1927.57	1917.83
2016/2/19	1902.17	1918.78	1916.74	1917.78
2016/2/22	1924.44	1946.7	1924.44	1945.5
2016/2/23	1919.44	1942.38	1942.38	1921.27
2016/2/24	1891	1932.08	1917.56	1929.8
2016/2/25	1925.41	1951.83	1931.87	1951.7
2016/2/26	1945.78	1962.96	1954.95	1948.05
2016/2/29	1931.81	1958.27	1947.13	1932.23
2016/3/1	1937.09	1978.35	1937.09	1978.35
2016/3/2	1968.8	1986.51	1976.6	1986.45
2016/3/3	1977.37	1993.69	1985.6	1993.4
2016/3/4	1986.77	2009.13	1994.01	1999.99
2016/3/7	1989.38	2006.12	1996.11	2001.76
2016/3/8	1977.43	1996.88	1996.88	1979.26
2016/3/9	1979.84	1992.69	1981.44	1989.26
2016/3/10	1969.25	2005.08	1990.97	1989.57
2016/3/11	1994.71	2022.37	1994.71	2022.19
2016/3/14	2012.05	2024.57	2019.27	2019.64
2016/3/15	2005.23	2015.94	2015.27	2015.93
2016/3/16	2010.04	2032.02	2014.24	2027.22
2016/3/17	2022.16	2046.24	2026.9	2040.59
2016/3/18	2041.16	2052.36	2041.16	2049.58
2016/3/21	2043.14	2053.91	2047.88	2051.6
2016/3/22	2040.57	2056.6	2048.64	2049.8
2016/3/23	2034.86	2048.55	2048.55	2036.71
2016/3/24	2022.49	2036.04	2032.48	2035.94
2016/3/28	2031.96	2042.67	2037.89	2037.05
2016/3/29	2028.31	2055.91	2035.75	2055.01
2016/3/30	2058.27	2072.21	2058.27	2063.95
2016/3/31	2057.46	2067.92	2063.77	2059.74
2016/4/1	2043.98	2075.07	2056.62	2072.78
2016/4/4	2062.57	2074.02	2073.19	2066.13
2016/4/5	2042.56	2062.5	2062.5	2045.17
2016/4/6	2043.09	2067.33	2045.56	2066.66
2016/4/7	2033.8	2063.01	2063.01	2041.91
2016/4/8	2041.69	2060.63	2045.54	2047.6
2016/4/11	2041.88	2062.93	2050.23	2041.99
2016/4/12	2039.74	2065.05	2043.72	2061.72
2016/4/13	2065.92	2083.18	2065.92	2082.42
2016/4/14	2078.13	2087.84	2082.89	2082.78
2016/4/15	2076.31	2083.22	2083.1	2080.73
2016/4/18	2073.65	2094.66	2078.83	2094.34
2016/4/19	2091.68	2104.05	2096.05	2100.8
2016/4/20	2096.32	2111.05	2101.52	2102.4
2016/4/21	2088.52	2103.78	2102.09	2091.48
2016/4/22	2081.2	2094.32	2091.49	2091.58
2016/4/25	2077.52	2089.37	2089.37	2087.79
2016/4/26	2085.8	2096.87	2089.84	2091.7
2016/4/27	2082.31	2099.89	2092.33	2095.15
2016/4/28	2071.62	2099.3	2090.93	2075.81
2016/4/29	2052.28	2073.85	2071.82	2065.3
2016/5/2	2066.11	2083.42	2067.17	2081.43
2016/5/3	2054.89	2077.18	2077.18	2063.37
2016/5/4	2045.55	2060.3	2060.3	2051.12
2016/5/5	2045.77	2060.23	2052.95	2050.63
2016/5/6	2039.45	2057.72	2047.77	2057.14
2016/5/9	2054.31	2064.15	2057.55	2058.69
2016/5/10	2062.63	2084.87	2062.63	2084.39
2016/5/11	2064.46	2083.29	2083.29	2064.46
2016/5/12	2053.13	2073.99	2067.17	2064.11
2016/5/13	2043.13	2066.79	2062.5	2046.61
2016/5/16	2046.53	2071.88	2046.53	2066.66
2016/5/17	2040.82	2065.69	2065.04	2047.21
2016/5/18	2034.49	2060.61	2044.38	2047.63
2016/5/19	2025.91	2044.21	2044.21	2040.04
2016/5/20	2041.88	2058.35	2041.88	2052.32
2016/5/23	2047.26	2055.58	2052.23	2048.04
2016/5/24	2052.65	2079.67	2052.65	2076.06
2016/5/25	2078.93	2094.73	2078.93	2090.54
2016/5/26	2087.08	2094.3	2091.44	2090.1
2016/5/27	2090.06	2099.06	2090.06	2099.06
2016/5/31	2088.66	2103.48	2100.13	2096.96
2016/6/1	2085.1	2100.97	2093.94	2099.33
2016/6/2	2088.59	2105.26	2097.71	2105.26
2016/6/3	2085.36	2104.07	2104.07	2099.13
2016/6/6	2100.83	2113.36	2100.83	2109.41
2016/6/7	2110.18	2119.22	2110.18	2112.13
2016/6/8	2112.71	2120.55	2112.71	2119.12
2016/6/9	2107.73	2117.64	2115.65	2115.48
2016/6/10	2089.96	2109.57	2109.57	2096.07
2016/6/13	2078.46	2098.12	2091.75	2079.06
2016/6/14	2064.1	2081.3	2076.65	2075.32
2016/6/15	2069.8	2085.65	2077.6	2071.5
2016/6/16	2050.37	2079.62	2066.36	2077.99
2016/6/17	2062.84	2078.2	2078.2	2071.22
2016/6/20	2075.58	2100.66	2075.58	2083.25
2016/6/21	2083.02	2093.66	2085.19	2088.9
2016/6/22	2084.36	2099.71	2089.75	2085.45
2016/6/23	2092.8	2113.32	2092.8	2113.32
2016/6/24	2032.57	2103.81	2103.81	2037.41
2016/6/27	1991.68	2031.45	2031.45	2000.54
2016/6/28	2006.67	2036.09	2006.67	2036.09
2016/6/29	2042.69	2073.13	2042.69	2070.77
2016/6/30	2070	2098.94	2073.17	2098.86
2016/7/1	2097.9	2108.71	2099.34	2102.95
2016/7/5	2080.86	2095.05	2095.05	2088.55
2016/7/6	2074.02	2100.72	2084.43	2099.73
2016/7/7	2089.39	2109.08	2100.42	2097.9
2016/7/8	2106.97	2131.71	2106.97	2129.9
2016/7/11	2131.72	2143.16	2131.72	2137.16
2016/7/12	2139.5	2155.4	2139.5	2152.14
2016/7/13	2146.21	2156.45	2153.81	2152.43
2016/7/14	2157.88	2168.99	2157.88	2163.75
2016/7/15	2155.79	2169.05	2165.13	2161.74
2016/7/18	2159.63	2168.35	2162.04	2166.89
2016/7/19	2159.01	2164.63	2163.79	2163.78
2016/7/20	2164.89	2175.63	2166.1	2173.02
2016/7/21	2159.75	2174.56	2172.91	2165.17
2016/7/22	2163.24	2175.11	2166.47	2175.03
2016/7/25	2161.95	2173.71	2173.71	2168.48
2016/7/26	2160.18	2173.54	2168.97	2169.18
2016/7/27	2159.07	2174.98	2169.81	2166.58
2016/7/28	2159.74	2172.85	2166.05	2170.06
2016/7/29	2163.49	2177.09	2168.83	2173.6
2016/8/1	2166.21	2178.29	2173.15	2170.84
2016/8/2	2147.58	2170.2	2169.94	2157.03
2016/8/3	2152.56	2163.79	2156.81	2163.79
2016/8/4	2159.07	2168.19	2163.51	2164.25
2016/8/5	2168.79	2182.87	2168.79	2182.87
2016/8/8	2177.85	2185.44	2183.76	2180.89
2016/8/9	2178.61	2187.66	2182.24	2181.74
2016/8/10	2172	2183.41	2182.81	2175.49
2016/8/11	2177.97	2188.45	2177.97	2185.79
2016/8/12	2179.42	2186.28	2183.74	2184.05
2016/8/15	2186.08	2193.81	2186.08	2190.15
2016/8/16	2178.14	2186.24	2186.24	2178.15
2016/8/17	2168.5	2183.08	2177.84	2182.22
2016/8/18	2180.46	2187.03	2181.9	2187.02
2016/8/19	2175.13	2185	2184.24	2183.87
2016/8/22	2175.96	2185.15	2181.58	2182.64
2016/8/23	2186.8	2193.42	2187.81	2186.9
2016/8/24	2171.25	2186.66	2185.09	2175.44
2016/8/25	2169.74	2179	2173.29	2172.47
2016/8/26	2160.39	2187.94	2175.1	2169.04
2016/8/29	2170.19	2183.48	2170.19	2180.38
2016/8/30	2170.41	2182.27	2179.45	2176.12
2016/8/31	2161.35	2173.79	2173.56	2170.95
2016/9/1	2157.09	2173.56	2171.33	2170.86
2016/9/2	2173.59	2184.87	2177.49	2179.98
2016/9/6	2175.1	2186.57	2181.61	2186.48
2016/9/7	2179.07	2187.87	2185.17	2186.16
2016/9/8	2177.49	2184.94	2182.76	2181.3
2016/9/9	2127.81	2169.08	2169.08	2127.81
2016/9/12	2119.12	2163.3	2120.86	2159.04
2016/9/13	2120.27	2150.47	2150.47	2127.02
2016/9/14	2119.9	2141.33	2127.86	2125.77
2016/9/15	2122.36	2151.31	2125.36	2147.26
2016/9/16	2131.2	2146.48	2146.48	2139.16
2016/9/19	2135.91	2153.61	2143.99	2139.12
2016/9/20	2139.17	2150.8	2145.94	2139.76
2016/9/21	2139.57	2165.11	2144.58	2163.12
2016/9/22	2170.94	2179.99	2170.94	2177.18
2016/9/23	2163.97	2173.75	2173.29	2164.69
2016/9/26	2145.04	2158.54	2158.54	2146.1
2016/9/27	2141.55	2161.13	2146.04	2159.93
2016/9/28	2151.79	2172.4	2161.85	2171.37
2016/9/29	2145.2	2172.67	2168.9	2151.13
2016/9/30	2156.51	2175.3	2156.51	2168.27
2016/10/3	2154.77	2164.41	2164.33	2161.2
2016/10/4	2144.01	2165.46	2163.37	2150.49
2016/10/5	2155.15	2163.95	2155.15	2159.73
2016/10/6	2150.28	2162.93	2158.22	2160.77
2016/10/7	2144.85	2165.86	2164.19	2153.74
2016/10/10	2160.39	2169.6	2160.39	2163.66
2016/10/11	2128.84	2161.56	2161.35	2136.73
2016/10/12	2132.77	2145.36	2137.67	2139.18
2016/10/13	2114.72	2138.19	2130.26	2132.55
2016/10/14	2132.98	2149.19	2139.68	2132.98
2016/10/17	2124.43	2135.61	2132.95	2126.5
2016/10/18	2135.49	2144.38	2138.31	2139.6
2016/10/19	2138.15	2148.44	2140.81	2144.29
2016/10/20	2133.44	2147.18	2142.51	2141.34
2016/10/21	2130.09	2142.63	2139.43	2141.16
2016/10/24	2146.91	2154.79	2148.5	2151.33
2016/10/25	2141.93	2151.44	2149.72	2143.16
2016/10/26	2131.59	2145.73	2136.97	2139.43
2016/10/27	2132.52	2147.13	2144.06	2133.04
2016/10/28	2119.36	2140.72	2132.23	2126.41
2016/10/31	2125.53	2133.25	2129.78	2126.15
2016/11/1	2097.85	2131.45	2128.68	2111.72
2016/11/2	2094	2111.76	2109.43	2097.94
2016/11/3	2085.23	2102.56	2098.8	2088.66
2016/11/4	2083.79	2099.07	2083.79	2085.18
2016/11/7	2100.59	2132	2100.59	2131.52
2016/11/8	2123.56	2146.87	2129.92	2139.56
2016/11/9	2125.35	2170.1	2131.56	2163.26
2016/11/10	2151.17	2182.3	2167.49	2167.48
2016/11/11	2152.49	2165.92	2162.71	2164.45
2016/11/14	2156.08	2171.36	2165.64	2164.2
2016/11/15	2166.38	2180.84	2168.29	2180.39
2016/11/16	2172.2	2179.22	2177.53	2176.94
2016/11/17	2176.65	2188.06	2178.61	2187.12
2016/11/18	2180.38	2189.89	2186.85	2181.9
2016/11/21	2186.43	2198.7	2186.43	2198.18
2016/11/22	2194.51	2204.8	2201.56	2202.94
2016/11/23	2194.51	2204.72	2198.55	2204.72
2016/11/25	2206.27	2213.35	2206.27	2213.35
2016/11/28	2200.36	2211.14	2210.21	2201.72
2016/11/29	2198.15	2210.46	2200.76	2204.66
2016/11/30	2198.81	2214.1	2204.97	2198.81
2016/12/1	2187.44	2202.6	2200.17	2191.08
2016/12/2	2188.37	2197.95	2191.12	2191.95
2016/12/5	2199.97	2209.42	2200.65	2204.71
2016/12/6	2202.21	2212.78	2207.26	2212.23
2016/12/7	2208.93	2241.63	2210.72	2241.35
2016/12/8	2237.57	2251.69	2241.13	2246.19
2016/12/9	2249.23	2259.8	2249.73	2259.53
2016/12/12	2252.37	2264.03	2258.83	2256.96
2016/12/13	2263.32	2277.53	2263.32	2271.72
2016/12/14	2248.44	2276.2	2268.35	2253.28
2016/12/15	2253.77	2272.12	2253.77	2262.03
2016/12/16	2254.24	2268.05	2266.81	2258.07
2016/12/19	2258.21	2267.47	2259.24	2262.53
2016/12/20	2266.14	2272.56	2266.5	2270.76
2016/12/21	2265.15	2271.23	2270.54	2265.18
2016/12/22	2256.08	2263.18	2262.93	2260.96
2016/12/23	2258.84	2263.79	2260.25	2263.79
2016/12/27	2266.15	2273.82	2266.23	2268.88
2016/12/28	2249.11	2271.31	2270.23	2249.92
2016/12/29	2244.56	2254.51	2249.5	2249.26
2016/12/30	2233.62	2253.58	2251.61	2238.83
2017/1/3	2245.13	2263.88	2251.57	2257.83
2017/1/4	2261.6	2272.82	2261.6	2270.75
2017/1/5	2260.45	2271.5	2268.18	2269
2017/1/6	2264.06	2282.1	2271.14	2276.98
2017/1/9	2268.9	2275.49	2273.59	2268.9
2017/1/10	2265.27	2279.27	2269.72	2268.9
2017/1/11	2260.83	2275.32	2268.6	2275.32
2017/1/12	2254.25	2271.78	2271.14	2270.44
2017/1/13	2271.51	2278.68	2272.74	2274.64
2017/1/17	2262.81	2272.08	2269.14	2267.89
2017/1/18	2263.35	2272.01	2269.14	2271.89
2017/1/19	2258.41	2274.33	2271.9	2263.69
2017/1/20	2265.01	2276.96	2269.96	2271.31
2017/1/23	2257.02	2271.78	2267.78	2265.2
2017/1/24	2266.68	2284.63	2267.88	2280.07
2017/1/25	2288.88	2299.55	2288.88	2298.37
2017/1/26	2294.08	2300.99	2298.63	2296.68
2017/1/27	2291.62	2299.02	2299.02	2294.69
2017/1/30	2268.04	2286.01	2286.01	2280.9
2017/1/31	2267.21	2279.09	2274.02	2278.87
2017/2/1	2272.44	2289.14	2285.59	2279.55
2017/2/2	2271.65	2283.97	2276.69	2280.85
2017/2/3	2287.88	2298.31	2288.54	2297.42
2017/2/6	2288.57	2296.18	2294.28	2292.56
2017/2/7	2290.16	2299.4	2295.87	2293.08
2017/2/8	2285.38	2295.91	2289.55	2294.67
2017/2/9	2296.61	2311.08	2296.7	2307.87
2017/2/10	2311.1	2319.23	2312.27	2316.1
2017/2/13	2321.42	2331.58	2321.72	2328.25
2017/2/14	2322.17	2337.58	2326.12	2337.58
2017/2/15	2334.81	2351.3	2335.58	2349.25
2017/2/16	2338.87	2351.31	2349.64	2347.22
2017/2/17	2339.58	2351.16	2343.01	2351.16
2017/2/21	2354.91	2366.71	2354.91	2365.38
2017/2/22	2358.34	2365.13	2361.11	2362.82
2017/2/23	2355.09	2368.26	2367.5	2363.81
2017/2/24	2352.87	2367.34	2355.73	2367.34
2017/2/27	2361.87	2371.54	2365.23	2369.75
2017/2/28	2358.96	2367.79	2366.08	2363.64
2017/3/1	2380.13	2400.98	2380.13	2395.96
2017/3/2	2380.17	2394.75	2394.75	2381.92
2017/3/3	2375.39	2383.89	2380.92	2383.12
2017/3/6	2367.98	2378.8	2375.23	2375.31
2017/3/7	2365.51	2375.12	2370.74	2368.39
2017/3/8	2361.01	2373.09	2369.81	2362.98
2017/3/9	2354.54	2369.08	2363.49	2364.87
2017/3/10	2363.04	2376.86	2372.52	2372.6
2017/3/13	2368.52	2374.42	2371.56	2373.47
2017/3/14	2358.18	2368.55	2368.55	2365.45
2017/3/15	2368.94	2390.01	2370.34	2385.26
2017/3/16	2377.18	2388.1	2387.71	2381.38
2017/3/17	2377.64	2385.71	2383.71	2378.25
2017/3/20	2369.66	2379.55	2378.24	2373.47
2017/3/21	2341.9	2381.93	2379.32	2344.02
2017/3/22	2336.45	2351.81	2343	2348.45
2017/3/23	2342.13	2358.92	2345.97	2345.96
2017/3/24	2335.74	2356.22	2350.42	2343.98
2017/3/27	2322.25	2344.9	2329.11	2341.59
2017/3/28	2337.63	2363.78	2339.79	2358.57
2017/3/29	2352.94	2363.36	2356.54	2361.13
2017/3/30	2358.58	2370.42	2361.31	2368.06
2017/3/31	2362.6	2370.35	2364.82	2362.72
2017/4/3	2344.73	2365.87	2362.34	2358.84
2017/4/4	2350.72	2360.53	2354.76	2360.16
2017/4/5	2350.52	2378.36	2366.59	2352.95
2017/4/6	2348.9	2364.16	2353.79	2357.49
2017/4/7	2350.74	2363.76	2356.59	2355.54
2017/4/10	2351.5	2366.37	2357.16	2357.16
2017/4/11	2337.25	2355.22	2353.92	2353.78
2017/4/12	2341.18	2352.72	2352.15	2344.93
2017/4/13	2328.95	2348.26	2341.98	2328.95
2017/4/17	2332.51	2349.14	2332.62	2349.01
2017/4/18	2334.54	2348.35	2342.53	2342.19
2017/4/19	2335.05	2352.63	2346.79	2338.17
2017/4/20	2340.91	2361.37	2342.69	2355.84
2017/4/21	2344.51	2356.18	2354.74	2348.69
2017/4/24	2369.19	2376.98	2370.33	2374.15
2017/4/25	2381.15	2392.48	2381.51	2388.61
2017/4/26	2386.76	2398.16	2388.98	2387.45
2017/4/27	2382.68	2392.1	2389.7	2388.77
2017/4/28	2382.36	2393.68	2393.68	2384.2
2017/5/1	2384.83	2394.49	2388.5	2388.33
2017/5/2	2385.82	2392.93	2391.05	2391.17
2017/5/3	2379.75	2389.82	2386.5	2388.13
2017/5/4	2380.35	2391.43	2389.79	2389.52
2017/5/5	2389.38	2399.29	2392.37	2399.29
2017/5/8	2393.92	2401.36	2399.94	2399.38
2017/5/9	2392.44	2403.87	2401.58	2396.92
2017/5/10	2392.79	2399.74	2396.79	2399.63
2017/5/11	2381.74	2395.72	2394.84	2394.44
2017/5/12	2387.19	2392.44	2392.44	2390.9
2017/5/15	2393.94	2404.05	2393.98	2402.32
2017/5/16	2396.05	2405.77	2404.55	2400.67
2017/5/17	2356.21	2384.87	2382.95	2357.03
2017/5/18	2352.72	2375.74	2354.69	2365.72
2017/5/19	2370.43	2389.06	2371.37	2381.73
2017/5/22	2386.92	2395.46	2387.21	2394.02
2017/5/23	2393.88	2400.85	2397.04	2398.42
2017/5/24	2397.99	2405.58	2401.41	2404.39
2017/5/25	2408.01	2418.71	2409.54	2415.07
2017/5/26	2412.2	2416.68	2414.5	2415.82
2017/5/30	2409.43	2415.26	2411.67	2412.91
2017/5/31	2403.59	2415.99	2415.63	2411.8
2017/6/1	2413.54	2430.06	2415.65	2430.06
2017/6/2	2427.71	2440.23	2431.28	2439.07
2017/6/5	2434.32	2439.55	2437.83	2436.1
2017/6/6	2428.12	2436.21	2431.92	2429.33
2017/6/7	2424.75	2435.28	2432.03	2433.14
2017/6/8	2427.94	2439.27	2434.27	2433.79
2017/6/9	2415.7	2446.2	2436.39	2431.77
2017/6/12	2419.97	2430.38	2425.88	2429.39
2017/6/13	2431.28	2441.49	2434.15	2440.35
2017/6/14	2428.34	2443.75	2443.75	2437.92
2017/6/15	2418.53	2433.95	2424.14	2432.46
2017/6/16	2422.88	2433.15	2431.24	2433.15
2017/6/19	2441.79	2453.82	2442.55	2453.46
2017/6/20	2436.6	2450.66	2450.66	2437.03
2017/6/21	2430.74	2442.23	2439.31	2435.61
2017/6/22	2433.27	2441.62	2437.4	2434.5
2017/6/23	2431.11	2441.4	2434.65	2438.3
2017/6/26	2437.03	2450.42	2443.32	2439.07
2017/6/27	2419.38	2440.15	2436.34	2419.38
2017/6/28	2428.02	2442.97	2428.7	2440.69
2017/6/29	2405.7	2442.73	2442.38	2419.7
2017/6/30	2421.65	2432.71	2429.2	2423.41
2017/7/3	2428.69	2439.17	2431.39	2429.01
2017/7/5	2422.05	2434.9	2430.78	2432.54
2017/7/6	2407.7	2424.28	2423.44	2409.75
2017/7/7	2413.52	2426.92	2413.52	2425.18
2017/7/10	2422.27	2432	2424.51	2427.43
2017/7/11	2412.79	2429.3	2427.35	2425.53
2017/7/12	2435.75	2445.76	2435.75	2443.25
2017/7/13	2441.69	2449.32	2444.99	2447.83
2017/7/14	2446.69	2463.54	2449.16	2459.27
2017/7/17	2457.16	2462.82	2459.5	2459.14
2017/7/18	2450.34	2460.92	2455.88	2460.61
2017/7/19	2463.85	2473.83	2463.85	2473.83
2017/7/20	2468.43	2477.62	2475.56	2473.45
2017/7/21	2465.06	2472.54	2467.4	2472.54
2017/7/24	2466.32	2473.1	2472.04	2469.91
2017/7/25	2474.91	2481.24	2477.88	2477.13
2017/7/26	2474.94	2481.69	2479.97	2477.83
2017/7/27	2459.93	2484.04	2482.76	2475.42
2017/7/28	2464.66	2473.53	2469.12	2472.1
2017/7/31	2468.53	2477.96	2475.94	2470.3
2017/8/1	2471.14	2478.51	2477.1	2476.35
2017/8/2	2466.48	2480.38	2480.38	2477.57
2017/8/3	2468.85	2476.03	2476.03	2472.16
2017/8/4	2472.08	2480	2476.88	2476.83
2017/8/7	2475.88	2480.95	2477.14	2480.91
2017/8/8	2470.32	2490.87	2478.35	2474.92
2017/8/9	2462.08	2474.41	2465.35	2474.02
2017/8/10	2437.75	2465.38	2465.38	2438.21
2017/8/11	2437.85	2448.09	2441.04	2441.32
2017/8/14	2454.96	2468.22	2454.96	2465.84
2017/8/15	2461.61	2468.9	2468.66	2464.61
2017/8/16	2463.86	2474.93	2468.63	2468.11
2017/8/17	2430.01	2465.02	2462.95	2430.01
2017/8/18	2420.69	2440.27	2427.64	2425.55
2017/8/21	2417.35	2430.58	2425.5	2428.37
2017/8/22	2433.67	2454.77	2433.75	2452.51
2017/8/23	2441.42	2448.91	2444.88	2444.04
2017/8/24	2436.19	2450.39	2447.91	2438.97
2017/8/25	2442.22	2453.96	2444.72	2443.05
2017/8/28	2439.03	2449.12	2447.35	2444.24
2017/8/29	2428.2	2449.19	2431.94	2446.3
2017/8/30	2443.77	2460.31	2446.06	2457.59
2017/8/31	2462.65	2475.01	2462.65	2471.65
2017/9/1	2473.85	2480.38	2474.42	2476.55
2017/9/5	2446.55	2471.97	2470.35	2457.85
2017/9/6	2459.2	2469.64	2463.83	2465.54
2017/9/7	2460.29	2468.62	2468.06	2465.1
2017/9/8	2459.4	2467.11	2462.25	2461.43
2017/9/11	2474.52	2488.95	2474.52	2488.11
2017/9/12	2490.37	2496.77	2491.94	2496.48
2017/9/13	2492.14	2498.37	2493.89	2498.37
2017/9/14	2491.35	2498.43	2494.56	2495.62
2017/9/15	2493.16	2500.23	2495.67	2500.23
2017/9/18	2499.92	2508.32	2502.51	2503.87
2017/9/19	2503.19	2507.84	2506.29	2506.65
2017/9/20	2496.67	2508.85	2506.84	2508.24
2017/9/21	2499	2507.16	2507.16	2500.6
2017/9/22	2496.54	2503.47	2497.26	2502.22
2017/9/25	2488.03	2502.54	2499.39	2496.66
2017/9/26	2495.12	2503.51	2501.04	2496.84
2017/9/27	2495.91	2511.75	2503.3	2507.04
2017/9/28	2502.93	2510.81	2503.41	2510.06
2017/9/29	2507.99	2519.44	2509.96	2519.36
2017/10/2	2520.4	2529.23	2521.2	2529.12
2017/10/3	2528.85	2535.13	2530.34	2534.58
2017/10/4	2531.8	2540.53	2533.48	2537.74
2017/10/5	2540.02	2552.51	2540.86	2552.07
2017/10/6	2543.79	2549.41	2547.44	2549.33
2017/10/9	2541.6	2551.82	2551.39	2544.73
2017/10/10	2544.86	2555.23	2549.99	2550.64
2017/10/11	2547.95	2555.24	2550.62	2555.24
2017/10/12	2548.31	2555.33	2552.88	2550.93
2017/10/13	2552.09	2557.65	2555.66	2553.17
2017/10/16	2552.64	2559.47	2555.57	2557.64
2017/10/17	2554.69	2559.71	2557.17	2559.36
2017/10/18	2559.67	2564.11	2562.87	2561.26
2017/10/19	2547.92	2562.36	2553.39	2562.1
2017/10/20	2567.56	2575.44	2567.56	2575.21
2017/10/23	2564.33	2578.29	2578.08	2564.98
2017/10/24	2565.58	2572.18	2568.66	2569.13
2017/10/25	2544	2567.4	2566.52	2557.15
2017/10/26	2559.8	2567.07	2560.08	2560.4
2017/10/27	2565.94	2582.98	2570.26	2581.07
2017/10/30	2568.25	2580.03	2577.75	2572.83
2017/10/31	2572.15	2578.29	2575.99	2575.26
2017/11/1	2574.92	2588.4	2583.21	2579.36
2017/11/2	2566.17	2581.11	2579.46	2579.85
2017/11/3	2576.77	2588.42	2581.93	2587.84
2017/11/6	2585.66	2593.38	2587.47	2591.13
2017/11/7	2584.35	2597.02	2592.11	2590.64
2017/11/8	2585.02	2595.47	2588.71	2594.38
2017/11/9	2566.33	2586.5	2584	2584.62
2017/11/10	2575.57	2583.81	2580.18	2582.3
2017/11/13	2574.48	2587.66	2576.53	2584.84
2017/11/14	2566.56	2579.66	2577.75	2578.87
2017/11/15	2557.45	2572.84	2569.45	2564.62
2017/11/16	2572.95	2590.09	2572.95	2585.64
2017/11/17	2577.62	2583.96	2582.94	2578.85
2017/11/20	2578.24	2584.64	2579.49	2582.14
2017/11/21	2589.17	2601.19	2589.17	2599.03
2017/11/22	2595.23	2600.94	2600.31	2597.08
2017/11/24	2600.42	2604.21	2600.42	2602.42
2017/11/27	2598.87	2606.41	2602.66	2601.42
2017/11/28	2605.44	2627.69	2605.94	2627.04
2017/11/29	2620.32	2634.89	2627.82	2626.07
2017/11/30	2633.93	2657.74	2633.93	2647.58
2017/12/1	2605.52	2650.62	2645.1	2642.22
2017/12/4	2639.03	2665.19	2657.19	2639.44
2017/12/5	2627.73	2648.72	2639.78	2629.57
2017/12/6	2624.75	2634.41	2626.24	2629.27
2017/12/7	2626.53	2640.99	2628.38	2636.98
2017/12/8	2644.1	2651.65	2646.21	2651.5
2017/12/11	2651.47	2660.33	2652.19	2659.99
2017/12/12	2659.78	2669.72	2661.73	2664.11
2017/12/13	2662.85	2671.88	2667.59	2662.85
2017/12/14	2652.01	2668.09	2665.87	2652.01
2017/12/15	2659.14	2679.63	2660.63	2675.81
2017/12/18	2685.92	2694.97	2685.92	2690.16
2017/12/19	2680.74	2694.44	2692.71	2681.47
2017/12/20	2676.11	2691.01	2688.18	2679.25
2017/12/21	2682.4	2692.64	2683.02	2684.57
2017/12/22	2678.13	2685.35	2684.22	2683.34
2017/12/26	2677.96	2682.74	2679.09	2680.5
2017/12/27	2678.91	2685.64	2682.1	2682.62
2017/12/28	2682.69	2687.66	2686.1	2687.54
2017/12/29	2673.61	2692.12	2689.15	2673.61
2018/1/2	2682.36	2695.89	2683.73	2695.81
2018/1/3	2697.77	2714.37	2697.85	2713.06
2018/1/4	2719.07	2729.29	2719.31	2723.99
2018/1/5	2727.92	2743.45	2731.33	2743.15
2018/1/8	2737.6	2748.51	2742.67	2747.71
2018/1/9	2747.86	2759.14	2751.15	2751.29
2018/1/10	2736.06	2750.8	2745.55	2748.23
2018/1/11	2752.78	2767.56	2752.97	2767.56
2018/1/12	2769.64	2787.85	2770.18	2786.24
2018/1/16	2768.64	2807.54	2798.96	2776.42
2018/1/17	2778.38	2807.04	2784.99	2802.56
2018/1/18	2792.56	2805.83	2802.4	2798.03
2018/1/19	2798.08	2810.33	2802.6	2810.3
2018/1/22	2808.12	2833.03	2809.16	2832.97
2018/1/23	2830.59	2842.24	2835.05	2839.13
2018/1/24	2824.81	2852.97	2845.42	2837.54
2018/1/25	2830.94	2848.56	2846.24	2839.25
2018/1/26	2846.18	2872.87	2847.48	2872.87
2018/1/29	2851.48	2870.62	2867.23	2853.53
2018/1/30	2818.27	2837.75	2832.74	2822.43
2018/1/31	2813.04	2839.26	2832.41	2823.81
2018/2/1	2812.7	2835.96	2816.45	2821.98
2018/2/2	2759.97	2808.92	2808.92	2762.13
2018/2/5	2638.17	2763.39	2741.06	2648.94
2018/2/6	2593.07	2701.04	2614.78	2695.14
2018/2/7	2681.33	2727.67	2690.95	2681.66
2018/2/8	2580.56	2685.27	2685.01	2581
2018/2/9	2532.69	2638.67	2601.78	2619.55
2018/2/12	2622.45	2672.61	2636.75	2656
2018/2/13	2637.08	2668.84	2646.27	2662.94
2018/2/14	2648.87	2702.1	2651.21	2698.63
2018/2/15	2689.82	2731.51	2713.46	2731.2
2018/2/16	2725.11	2754.42	2727.14	2732.22
2018/2/20	2706.76	2737.6	2722.99	2716.26
2018/2/21	2701.29	2747.75	2720.53	2701.33
2018/2/22	2697.77	2731.26	2710.42	2703.96
2018/2/23	2713.74	2747.76	2715.8	2747.3
2018/2/26	2753.78	2780.64	2757.37	2779.6
2018/2/27	2744.22	2789.15	2780.45	2744.28
2018/2/28	2713.54	2761.52	2753.78	2713.83
2018/3/1	2659.65	2730.89	2715.22	2677.67
2018/3/2	2647.32	2696.25	2658.89	2691.25
2018/3/5	2675.75	2728.09	2681.06	2720.94
2018/3/6	2711.26	2732.08	2730.18	2728.12
2018/3/7	2701.74	2730.6	2710.18	2726.8
2018/3/8	2722.65	2740.45	2732.75	2738.97
2018/3/9	2751.54	2786.57	2752.91	2786.57
2018/3/12	2779.26	2796.98	2790.54	2783.02
2018/3/13	2758.68	2801.9	2792.31	2765.31
2018/3/14	2744.38	2777.11	2774.06	2749.48
2018/3/15	2741.47	2763.03	2754.27	2747.33
2018/3/16	2749.97	2761.85	2750.57	2752.01
2018/3/19	2694.59	2741.38	2741.38	2712.92
2018/3/20	2710.05	2724.22	2715.05	2716.94
2018/3/21	2709.79	2739.14	2714.99	2711.93
2018/3/22	2641.59	2695.68	2691.36	2643.69
2018/3/23	2585.89	2657.67	2646.71	2588.26
2018/3/26	2601.81	2661.36	2619.35	2658.55
2018/3/27	2596.12	2674.78	2667.57	2612.62
2018/3/28	2593.06	2632.65	2611.3	2605
2018/3/29	2609.72	2659.07	2614.41	2640.87
2018/4/2	2553.8	2638.3	2633.45	2581.88
2018/4/3	2575.49	2619.14	2592.17	2614.45
2018/4/4	2573.61	2649.86	2584.04	2644.69
2018/4/5	2649.58	2672.08	2657.36	2662.84
2018/4/6	2586.27	2656.88	2645.82	2604.47
2018/4/9	2610.79	2653.55	2617.18	2613.16
2018/4/10	2635.78	2665.45	2638.41	2656.87
2018/4/11	2639.25	2661.43	2643.89	2642.19
2018/4/12	2653.83	2674.72	2653.83	2663.99
2018/4/13	2645.05	2680.26	2676.9	2656.3
2018/4/16	2665.16	2686.49	2670.1	2677.84
2018/4/17	2692.05	2713.34	2692.74	2706.39
2018/4/18	2703.63	2717.49	2710.11	2708.64
2018/4/19	2681.9	2702.84	2701.16	2693.13
2018/4/20	2660.61	2693.94	2692.56	2670.14
2018/4/23	2657.99	2682.86	2675.4	2670.29
2018/4/24	2617.32	2683.55	2680.8	2634.56
2018/4/25	2612.67	2645.3	2634.92	2639.4
2018/4/26	2647.16	2676.48	2651.65	2666.94
2018/4/27	2659.01	2677.35	2675.47	2669.91
2018/4/30	2648.04	2682.92	2675.05	2648.05
2018/5/1	2625.41	2655.27	2643.64	2654.8
2018/5/2	2631.7	2660.87	2654.24	2635.67
2018/5/3	2594.62	2637.14	2628.08	2629.73
2018/5/4	2615.32	2670.93	2621.45	2663.42
2018/5/7	2664.7	2683.35	2669.36	2672.63
2018/5/8	2655.2	2676.34	2670.26	2671.92
2018/5/9	2674.14	2701.27	2678.12	2697.79
2018/5/10	2704.54	2726.11	2705.02	2723.07
2018/5/11	2717.45	2732.86	2722.7	2727.72
2018/5/14	2725.47	2742.1	2733.37	2730.13
2018/5/15	2701.91	2718.59	2718.59	2711.45
2018/5/16	2712.17	2727.76	2712.62	2722.46
2018/5/17	2711.36	2731.96	2719.71	2720.13
2018/5/18	2709.18	2719.5	2717.35	2712.97
2018/5/21	2725.7	2739.19	2725.95	2733.01
2018/5/22	2721.88	2742.24	2738.34	2724.44
2018/5/23	2709.54	2733.33	2713.98	2733.29
2018/5/24	2707.38	2731.97	2730.94	2727.76
2018/5/25	2714.99	2727.36	2723.6	2721.33
2018/5/29	2676.81	2710.67	2705.11	2689.86
2018/5/30	2702.43	2729.34	2702.43	2724.01
2018/5/31	2700.68	2722.5	2720.98	2705.27
2018/6/1	2718.7	2736.93	2718.7	2734.62
2018/6/4	2740.54	2749.16	2741.67	2746.87
2018/6/5	2739.51	2752.61	2748.46	2748.8
2018/6/6	2748.46	2772.39	2753.25	2772.35
2018/6/7	2760.16	2779.9	2774.84	2770.37
2018/6/8	2763.59	2779.39	2765.84	2779.03
2018/6/11	2780.17	2790.21	2780.18	2782
2018/6/12	2778.78	2789.8	2785.6	2786.85
2018/6/13	2774.65	2791.47	2787.94	2775.63
2018/6/14	2776.52	2789.06	2783.21	2782.49
2018/6/15	2761.73	2782.81	2777.78	2779.66
2018/6/18	2757.12	2774.99	2765.79	2773.75
2018/6/19	2743.19	2765.05	2752.01	2762.59
2018/6/20	2763.91	2774.86	2769.73	2767.32
2018/6/21	2744.39	2769.28	2769.28	2749.76
2018/6/22	2752.68	2764.17	2760.79	2754.88
2018/6/25	2698.67	2742.94	2742.94	2717.07
2018/6/26	2715.6	2732.91	2722.12	2723.06
2018/6/27	2699.38	2746.09	2728.45	2699.63
2018/6/28	2691.99	2724.34	2698.69	2716.31
2018/6/29	2718.03	2743.26	2727.13	2718.37
2018/7/2	2698.95	2727.26	2704.95	2726.71
2018/7/3	2711.16	2736.58	2733.27	2713.22
2018/7/5	2716.02	2737.83	2724.19	2736.61
2018/7/6	2733.52	2764.41	2737.68	2759.82
2018/7/9	2768.51	2784.65	2768.51	2784.17
2018/7/10	2786.24	2795.58	2788.56	2793.84
2018/7/11	2770.77	2785.91	2779.82	2774.02
2018/7/12	2781.53	2799.22	2783.14	2798.29
2018/7/13	2791.69	2804.53	2796.93	2801.31
2018/7/16	2793.39	2803.71	2801.43	2798.43
2018/7/17	2789.24	2814.19	2789.34	2809.55
2018/7/18	2805.89	2816.76	2811.35	2815.62
2018/7/19	2799.77	2812.05	2809.37	2804.49
2018/7/20	2800.01	2809.7	2804.55	2801.83
2018/7/23	2795.14	2808.61	2799.17	2806.98
2018/7/24	2811.12	2829.99	2820.68	2820.4
2018/7/25	2817.73	2848.03	2817.73	2846.07
2018/7/26	2835.26	2845.57	2835.49	2837.44
2018/7/27	2808.34	2843.17	2842.35	2818.82
2018/7/30	2798.11	2821.74	2819	2802.6
2018/7/31	2808.06	2824.46	2809.73	2816.29
2018/8/1	2805.85	2825.83	2821.17	2813.36
2018/8/2	2796.34	2829.91	2800.48	2827.22
2018/8/3	2827.37	2840.38	2829.62	2840.35
2018/8/6	2835.98	2853.29	2840.29	2850.4
2018/8/7	2855.92	2863.43	2855.92	2858.45
2018/8/8	2853.09	2862.44	2856.79	2857.7
2018/8/9	2851.98	2862.48	2857.19	2853.58
2018/8/10	2825.81	2842.2	2839.64	2833.28
2018/8/13	2819.88	2843.4	2835.46	2821.93
2018/8/14	2826.58	2843.11	2827.88	2839.96
2018/8/15	2802.49	2827.95	2827.95	2818.37
2018/8/16	2831.44	2850.49	2831.44	2840.69
2018/8/17	2833.73	2855.63	2838.32	2850.13
2018/8/20	2850.62	2859.76	2853.93	2857.05
2018/8/21	2861.32	2873.23	2861.51	2862.96
2018/8/22	2856.05	2867.54	2860.99	2861.82
2018/8/23	2854.03	2868.78	2860.29	2856.98
2018/8/24	2862.35	2876.16	2862.35	2874.69
2018/8/27	2884.69	2898.25	2884.69	2896.74
2018/8/28	2893.5	2903.77	2901.45	2897.52
2018/8/29	2898.4	2916.5	2900.62	2914.04
2018/8/30	2895.22	2912.46	2908.94	2901.13
2018/8/31	2891.73	2906.32	2898.37	2901.52
2018/9/4	2885.13	2900.18	2896.96	2896.72
2018/9/5	2876.92	2894.21	2891.59	2888.6
2018/9/6	2867.29	2892.05	2888.64	2878.05
2018/9/7	2864.12	2883.81	2868.26	2871.68
2018/9/10	2875.94	2886.93	2881.39	2877.13
2018/9/11	2866.78	2892.52	2871.57	2887.89
2018/9/12	2879.2	2894.65	2888.29	2888.92
2018/9/13	2896.39	2906.76	2896.85	2904.18
2018/9/14	2895.77	2908.3	2906.38	2904.98
2018/9/17	2886.16	2904.65	2903.83	2888.8
2018/9/18	2890.43	2911.17	2890.74	2904.31
2018/9/19	2903.82	2912.36	2906.6	2907.95
2018/9/20	2919.73	2934.8	2919.73	2930.75
2018/9/21	2927.11	2940.91	2936.76	2929.67
2018/9/24	2912.63	2923.79	2921.83	2919.37
2018/9/25	2913.7	2923.95	2921.75	2915.56
2018/9/26	2903.28	2931.15	2916.98	2905.97
2018/9/27	2909.27	2927.22	2911.65	2914
2018/9/28	2907.5	2920.53	2910.03	2913.98
2018/10/1	2917.91	2937.06	2926.29	2924.59
2018/10/2	2919.37	2931.42	2923.8	2923.43
2018/10/3	2921.36	2939.86	2931.69	2925.51
2018/10/4	2883.92	2919.78	2919.35	2901.61
2018/10/5	2869.29	2909.64	2902.54	2885.57
2018/10/8	2862.08	2889.45	2877.53	2884.43
2018/10/9	2874.27	2894.83	2882.51	2880.34
2018/10/10	2784.86	2874.02	2873.9	2785.68
2018/10/11	2710.51	2795.14	2776.87	2728.37
2018/10/12	2729.44	2775.77	2770.54	2767.13
2018/10/15	2749.03	2775.99	2763.83	2750.79
2018/10/16	2766.91	2813.46	2767.05	2809.92
2018/10/17	2781.81	2816.94	2811.67	2809.21
2018/10/18	2755.18	2806.04	2802	2768.78
2018/10/19	2760.27	2797.77	2775.66	2767.78
2018/10/22	2749.22	2778.94	2773.94	2755.88
2018/10/23	2691.43	2753.59	2721.03	2740.69
2018/10/24	2651.89	2742.59	2737.87	2656.1
2018/10/25	2667.84	2722.7	2674.88	2705.57
2018/10/26	2628.16	2692.38	2667.86	2658.69
2018/10/29	2603.54	2706.85	2682.65	2641.25
2018/10/30	2635.34	2685.43	2640.68	2682.63
2018/10/31	2705.6	2736.69	2705.6	2711.74
2018/11/1	2708.85	2741.67	2717.58	2740.37
2018/11/2	2700.44	2756.55	2745.45	2723.06
2018/11/5	2717.94	2744.27	2726.37	2738.31
2018/11/6	2737.08	2756.82	2738.4	2755.45
2018/11/7	2774.13	2815.15	2774.13	2813.89
2018/11/8	2794.99	2814.75	2806.38	2806.83
2018/11/9	2764.24	2794.1	2794.1	2781.01
2018/11/12	2722	2775.99	2773.93	2726.22
2018/11/13	2714.98	2754.6	2730.05	2722.18
2018/11/14	2685.75	2746.8	2737.9	2701.58
2018/11/15	2670.75	2735.38	2693.52	2730.2
2018/11/16	2712.16	2746.75	2718.54	2736.27
2018/11/19	2681.09	2733.16	2730.74	2690.73
2018/11/20	2631.52	2669.44	2654.6	2641.89
2018/11/21	2649.82	2670.73	2657.74	2649.93
2018/11/23	2631.09	2647.55	2633.36	2632.56
2018/11/26	2649.97	2674.35	2649.97	2673.45
2018/11/27	2655.89	2682.53	2663.75	2682.17
2018/11/28	2684.38	2744	2691.45	2743.79
2018/11/29	2722.94	2753.75	2736.97	2737.76
2018/11/30	2732.76	2760.88	2737.76	2760.17
2018/12/3	2773.38	2800.18	2790.5	2790.37
2018/12/4	2697.18	2785.93	2782.43	2700.06
2018/12/6	2621.53	2696.15	2663.51	2695.95
2018/12/7	2623.14	2708.54	2691.26	2633.08
2018/12/10	2583.23	2647.51	2630.86	2637.72
2018/12/11	2621.3	2674.35	2664.44	2636.78
2018/12/12	2650.26	2685.44	2658.23	2651.07
2018/12/13	2637.27	2670.19	2658.7	2650.54
2018/12/14	2593.84	2635.07	2629.68	2599.95
2018/12/17	2530.54	2601.13	2590.75	2545.94
2018/12/18	2528.71	2573.99	2559.9	2546.16
2018/12/19	2488.96	2585.29	2547.05	2506.96
2018/12/20	2441.18	2509.63	2496.77	2467.42
2018/12/21	2408.55	2504.41	2465.38	2416.62
2018/12/24	2351.1	2410.34	2400.56	2351.1
2018/12/26	2346.58	2467.76	2363.12	2467.7
2018/12/27	2397.94	2489.1	2442.5	2488.83
2018/12/28	2472.89	2520.27	2498.77	2485.74
2018/12/31	2482.82	2509.24	2498.94	2506.85
2019/1/2	2467.47	2519.49	2476.96	2510.03
2019/1/3	2443.96	2493.14	2491.92	2447.89
2019/1/4	2474.33	2538.07	2474.33	2531.94
2019/1/7	2524.56	2566.16	2535.61	2549.69
2019/1/8	2547.56	2579.82	2568.11	2574.41
2019/1/9	2568.89	2595.32	2580	2584.96
2019/1/10	2562.02	2597.82	2573.51	2596.64
2019/1/11	2577.4	2596.27	2588.11	2596.26
2019/1/14	2570.41	2589.32	2580.31	2582.61
2019/1/15	2585.1	2613.08	2585.1	2610.3
2019/1/16	2612.68	2625.76	2614.75	2616.1
2019/1/17	2606.36	2645.06	2609.28	2635.96
2019/1/18	2647.58	2675.47	2651.27	2670.71
2019/1/22	2617.27	2657.88	2657.88	2632.9
2019/1/23	2612.86	2653.19	2643.48	2638.7
2019/1/24	2627.01	2647.2	2638.84	2642.33
2019/1/25	2657.33	2672.38	2657.44	2664.76
2019/1/28	2624.06	2644.97	2644.97	2643.85
2019/1/29	2631.05	2650.93	2644.89	2640
2019/1/30	2648.34	2690.44	2653.62	2681.05
2019/1/31	2678.65	2708.95	2685.49	2704.1
2019/2/1	2696.88	2716.66	2702.32	2706.53
2019/2/4	2698.75	2724.99	2706.49	2724.87
2019/2/5	2724.03	2738.98	2728.34	2737.7
2019/2/6	2724.15	2738.08	2735.05	2731.61
2019/2/7	2687.26	2719.32	2717.53	2706.05
2019/2/8	2681.83	2708.07	2692.36	2707.88
2019/2/11	2703.79	2718.05	2712.4	2709.8
2019/2/12	2722.61	2748.19	2722.61	2744.73
2019/2/13	2748.63	2761.85	2750.3	2753.03
2019/2/14	2731.23	2757.9	2743.5	2745.73
2019/2/15	2760.24	2775.66	2760.24	2775.6
2019/2/19	2767.29	2787.33	2769.28	2779.76
2019/2/20	2774.06	2789.88	2779.05	2784.7
2019/2/21	2764.55	2781.58	2780.24	2774.88
2019/2/22	2779.11	2794.2	2780.67	2792.67
2019/2/25	2794.99	2813.49	2804.35	2796.11
2019/2/26	2789.47	2803.12	2792.36	2793.9
2019/2/27	2775.13	2795.76	2787.5	2792.38
2019/2/28	2782.51	2793.73	2788.11	2784.49
2019/3/1	2787.38	2808.02	2798.22	2803.69
2019/3/4	2767.66	2816.88	2814.37	2792.81
2019/3/5	2782.97	2796.44	2794.41	2789.65
2019/3/6	2768.69	2790.27	2790.27	2771.45
2019/3/7	2739.09	2767.25	2766.53	2748.93
2019/3/8	2722.27	2744.13	2730.79	2743.07
2019/3/11	2747.61	2784	2747.61	2783.3
2019/3/12	2786.73	2798.32	2787.34	2791.52
2019/3/13	2799.78	2821.24	2799.78	2810.92
2019/3/14	2803.46	2815	2810.38	2808.48
2019/3/15	2810.79	2830.73	2810.79	2822.48
2019/3/18	2821.99	2835.41	2822.61	2832.94
2019/3/19	2823.27	2852.42	2840.76	2832.57
2019/3/20	2812.43	2843.54	2831.34	2824.23
2019/3/21	2817.38	2860.31	2819.72	2854.88
2019/3/22	2800.47	2846.16	2844.52	2800.71
2019/3/25	2785.02	2809.79	2796.01	2798.36
2019/3/26	2803.99	2829.87	2812.66	2818.46
2019/3/27	2787.72	2825.56	2819.72	2805.37
2019/3/28	2798.77	2819.71	2809.4	2815.44
2019/3/29	2819.23	2836.03	2828.27	2834.4
2019/4/1	2848.63	2869.4	2848.63	2867.19
2019/4/2	2858.75	2872.9	2868.24	2867.24
2019/4/3	2865.17	2885.25	2876.09	2873.4
2019/4/4	2867.14	2881.28	2873.99	2879.39
2019/4/5	2882.99	2893.24	2884.16	2892.74
2019/4/8	2880.78	2895.95	2888.46	2895.77
2019/4/9	2873.33	2886.88	2886.58	2878.2
2019/4/10	2879.13	2889.71	2881.37	2888.21
2019/4/11	2881.99	2893.42	2891.92	2888.32
2019/4/12	2898.37	2910.54	2900.86	2907.41
2019/4/15	2896.48	2909.6	2908.32	2905.58
2019/4/16	2900.71	2916.06	2912.26	2907.06
2019/4/17	2895.45	2918	2916.04	2900.45
2019/4/18	2891.9	2908.4	2904.81	2905.03
2019/4/22	2896.35	2909.51	2898.78	2907.97
2019/4/23	2908.53	2936.31	2909.99	2933.68
2019/4/24	2926.05	2936.83	2934	2927.25
2019/4/25	2912.84	2933.1	2928.99	2926.17
2019/4/26	2917.56	2939.88	2925.81	2939.88
2019/4/29	2939.35	2949.52	2940.58	2943.03
2019/4/30	2924.11	2948.22	2937.14	2945.83
2019/5/1	2923.36	2954.13	2952.33	2923.73
2019/5/2	2900.5	2931.68	2922.16	2917.52
2019/5/3	2929.21	2947.85	2929.21	2945.64
2019/5/6	2898.21	2937.32	2908.89	2932.47
2019/5/7	2862.6	2913.03	2913.03	2884.05
2019/5/8	2873.28	2897.96	2879.61	2879.42
2019/5/9	2836.4	2875.97	2859.84	2870.72
2019/5/10	2825.39	2891.31	2863.1	2881.4
2019/5/13	2801.43	2840.19	2840.19	2811.87
2019/5/14	2820.12	2852.54	2820.12	2834.41
2019/5/15	2815.08	2858.68	2820.38	2850.96
2019/5/16	2855.8	2892.15	2855.8	2876.32
2019/5/17	2854.23	2885.48	2858.6	2859.53
2019/5/20	2831.29	2853.86	2841.94	2840.23
2019/5/21	2854.02	2868.88	2854.02	2864.36
2019/5/22	2851.11	2865.47	2856.06	2856.27
2019/5/23	2805.49	2836.7	2836.7	2822.24
2019/5/24	2820.19	2841.36	2832.41	2826.06
2019/5/28	2801.58	2840.51	2830.03	2802.39
2019/5/29	2766.06	2792.03	2790.25	2783.02
2019/5/30	2776.74	2799	2786.94	2788.86
2019/5/31	2750.52	2768.98	2766.15	2752.06
2019/6/3	2728.81	2763.07	2751.53	2744.45
2019/6/4	2762.64	2804.49	2762.64	2803.27
2019/6/5	2800.92	2827.28	2818.09	2826.15
2019/6/6	2822.45	2852.1	2828.51	2843.49
2019/6/7	2852.87	2884.97	2852.87	2873.34
2019/6/10	2885.51	2904.77	2885.83	2886.73
2019/6/11	2878.53	2910.61	2903.27	2885.72
2019/6/12	2874.68	2888.57	2882.73	2879.84
2019/6/13	2881.99	2895.24	2886.24	2891.64
2019/6/14	2879.62	2894.45	2886.82	2886.98
2019/6/17	2887.3	2897.27	2889.75	2889.67
2019/6/18	2905.44	2930.79	2906.71	2917.75
2019/6/19	2911.43	2931.74	2920.55	2926.46
2019/6/20	2931.5	2958.06	2949.6	2954.18
2019/6/21	2946.87	2964.15	2952.71	2950.46
2019/6/24	2944.05	2954.92	2951.42	2945.35
2019/6/25	2916.01	2946.52	2945.78	2917.38
2019/6/26	2912.99	2932.59	2926.07	2913.78
2019/6/27	2918.57	2929.3	2919.66	2924.92
2019/6/28	2929.05	2943.98	2932.94	2941.76
2019/7/1	2952.22	2977.93	2971.41	2964.33
2019/7/2	2955.92	2973.21	2964.66	2973.01
2019/7/3	2977.96	2995.84	2978.08	2995.82
2019/7/5	2967.97	2994.03	2984.25	2990.41
2019/7/8	2970.09	2980.76	2979.77	2975.95
2019/7/9	2963.44	2981.9	2965.52	2979.63
2019/7/10	2984.62	3002.98	2989.3	2993.07
2019/7/11	2988.8	3002.33	2999.62	2999.91
2019/7/12	3001.87	3013.92	3003.36	3013.77
2019/7/15	3008.77	3017.8	3017.8	3014.3
2019/7/16	3001.15	3015.02	3012.13	3004.04
2019/7/17	2984.25	3005.26	3005.1	2984.42
2019/7/18	2973.09	2998.28	2978.87	2995.11
2019/7/19	2975.86	3006.02	3004.26	2976.61
2019/7/22	2976.65	2990.71	2981.93	2985.03
2019/7/23	2988.56	3005.9	2994.74	3005.47
2019/7/24	2996.82	3019.59	2998.77	3019.56
2019/7/25	2997.24	3016.31	3016.26	3003.67
2019/7/26	3012.59	3027.98	3013.25	3025.86
2019/7/29	3014.3	3025.61	3024.47	3020.97
2019/7/30	3000.94	3017.19	3007.66	3013.18
2019/7/31	2958.08	3017.4	3016.22	2980.38
2019/8/1	2945.23	3013.59	2980.32	2953.56
2019/8/2	2914.11	2945.5	2943.9	2932.05
2019/8/5	2822.12	2898.07	2898.07	2844.74
2019/8/6	2847.42	2884.4	2861.18	2881.77
2019/8/7	2825.71	2892.17	2858.65	2883.98
2019/8/8	2894.47	2938.72	2896.21	2938.09
2019/8/9	2900.15	2935.75	2930.51	2918.65
2019/8/12	2873.14	2907.58	2907.07	2883.75
2019/8/13	2877.05	2943.31	2880.72	2926.32
2019/8/14	2839.64	2894.15	2894.15	2840.6
2019/8/15	2825.51	2856.67	2846.2	2847.6
2019/8/16	2864.74	2893.63	2864.74	2888.68
2019/8/19	2913.48	2931	2913.48	2923.65
2019/8/20	2899.6	2923.63	2919.01	2900.51
2019/8/21	2917.91	2928.73	2922.04	2924.43
2019/8/22	2904.51	2939.08	2930.94	2922.95
2019/8/23	2834.97	2927.01	2911.07	2847.11
2019/8/26	2856	2879.27	2866.7	2878.38
2019/8/27	2860.59	2898.79	2893.14	2869.16
2019/8/28	2853.05	2890.03	2861.28	2887.94
2019/8/29	2905.67	2930.5	2910.37	2924.58
2019/8/30	2913.32	2940.43	2937.09	2926.46
2019/9/3	2891.85	2914.39	2909.01	2906.27
2019/9/4	2921.86	2938.84	2924.67	2937.78
2019/9/5	2960.6	2985.86	2960.6	2976
2019/9/6	2972.51	2985.03	2980.33	2978.71
2019/9/9	2969.39	2989.43	2988.43	2978.43
2019/9/10	2957.01	2979.39	2971.01	2979.39
2019/9/11	2975.31	3000.93	2981.41	3000.93
2019/9/12	3000.92	3020.74	3009.08	3009.57
2019/9/13	3002.9	3017.33	3012.21	3007.39
2019/9/16	2990.67	3002.19	2996.41	2997.96
2019/9/17	2993.73	3006.21	2995.67	3005.7
2019/9/18	2978.57	3007.83	3001.5	3006.73
2019/9/19	3003.16	3021.99	3010.36	3006.79
2019/9/20	2984.68	3016.37	3008.42	2992.07
2019/9/23	2982.23	2999.15	2983.5	2991.78
2019/9/24	2957.73	3007.98	3002.43	2966.6
2019/9/25	2952.86	2989.82	2968.35	2984.87
2019/9/26	2963.71	2987.28	2985.73	2977.62
2019/9/27	2945.53	2987.31	2985.47	2961.79
2019/9/30	2967.07	2983.85	2967.07	2976.74
2019/10/1	2938.7	2992.53	2983.69	2940.25
2019/10/2	2874.93	2924.78	2924.78	2887.61
2019/10/3	2855.94	2911.13	2885.38	2910.63
2019/10/4	2918.56	2953.74	2918.56	2952.01
2019/10/7	2935.68	2959.75	2944.23	2938.79
2019/10/8	2892.66	2925.47	2920.4	2893.06
2019/10/9	2907.41	2929.32	2911.1	2919.4
2019/10/10	2917.12	2948.46	2918.55	2938.13
2019/10/11	2963.07	2993.28	2963.07	2970.27
2019/10/14	2962.94	2972.84	2965.81	2966.15
2019/10/15	2973.61	3003.28	2973.61	2995.68
2019/10/16	2985.2	2997.54	2989.68	2989.69
2019/10/17	2991.79	3008.29	3000.77	2997.95
2019/10/18	2976.31	3000	2996.84	2986.2
2019/10/21	2995.35	3007.33	2996.48	3006.72
2019/10/22	2995.04	3014.57	3010.73	2995.99
2019/10/23	2991.21	3004.78	2994.01	3004.52
2019/10/24	3000.42	3016.07	3014.78	3010.29
2019/10/25	3001.94	3027.39	3003.32	3022.55
2019/10/28	3032.12	3044.08	3032.12	3039.42
2019/10/29	3034.81	3047.87	3035.39	3036.89
2019/10/30	3025.96	3050.1	3039.74	3046.77
2019/10/31	3023.19	3046.9	3046.9	3037.56
2019/11/1	3050.72	3066.95	3050.72	3066.91
2019/11/4	3074.87	3085.2	3078.96	3078.27
2019/11/5	3072.15	3083.95	3080.8	3074.62
2019/11/6	3065.89	3078.34	3075.1	3076.78
2019/11/7	3080.23	3097.77	3087.02	3085.18
2019/11/8	3073.58	3093.09	3081.25	3093.08
2019/11/11	3075.82	3088.33	3080.33	3087.01
2019/11/12	3084.73	3102.61	3089.28	3091.84
