Dates	PX_LAST	PX_OPEN	PX_HIGH	PX_LOW
2015/1/1	2052.4	2077.9	2082.4	2051.3
2015/1/2	2046.3	2055	2066.6	2039.5
2015/1/5	2015.9	2043.7	2048.1	2010
2015/1/6	1994.4	2018.9	2023.2	1984
2015/1/7	2019.6	1997.1	2024	1995.8
2015/1/8	2055	2021.2	2058.3	2020.8
2015/1/9	2035.3	2054.1	2061.2	2031.5
2015/1/12	2022.4	2035.6	2047.5	2015.5
2015/1/13	2016.1	2024	2051	2001.5
2015/1/14	2007.5	2016.7	2019.2	1982
2015/1/15	1989.1	2010.5	2026.8	1978.8
2015/1/16	2012.9	1980.5	2014.2	1971.4
2015/1/19	2012.9	1980.5	2014.2	1971.4
2015/1/20	2016.8	2009.9	2025.3	1998
2015/1/21	2026.6	2016	2032	2005.5
2015/1/22	2056.4	2026	2059	2020
2015/1/23	2043.9	2054.6	2062	2042.5
2015/1/26	2053.6	2035.5	2054.7	2026.1
2015/1/27	2030	2054.2	2054.5	2013
2015/1/28	1991.6	2036	2046.3	1991.5
2015/1/29	2018.5	1994.3	2019.2	1982.5
2015/1/30	1988.4	2018.6	2018.6	1986
2015/2/2	2017.1	1991	2018.2	1974
2015/2/3	2042.1	2015	2044	2007.4
2015/2/4	2030.1	2040.2	2049	2023.9
2015/2/5	2055.1	2025	2058.5	2021.5
2015/2/6	2053.1	2056.2	2067.5	2045
2015/2/9	2042.4	2047.8	2051.3	2037
2015/2/10	2062.2	2043.8	2066	2041
2015/2/11	2065.7	2062.7	2079	2053.5
2015/2/12	2084.1	2071.8	2085	2059.8
2015/2/13	2093.5	2082.4	2094.9	2082
2015/2/16	2093.5	2082.4	2094.9	2082
2015/2/17	2095.9	2091	2098.3	2081
2015/2/18	2095.4	2096.4	2098.2	2088.8
2015/2/19	2095.3	2095.2	2099	2087.7
2015/2/20	2107.1	2095.5	2108	2082.5
2015/2/23	2106.7	2107.2	2107.5	2100
2015/2/24	2113.7	2106.3	2115.5	2103
2015/2/25	2110.2	2113.5	2117.3	2107.5
2015/2/26	2109.9	2110.2	2114.7	2101.5
2015/2/27	2102.8	2109.3	2110.7	2102
2015/3/2	2113.9	2104	2115.3	2100.8
2015/3/3	2104.8	2114.4	2114.4	2095.5
2015/3/4	2096.5	2104.2	2104.2	2085.5
2015/3/5	2099.7	2096.4	2103.5	2093.7
2015/3/6	2070.8	2099.6	2102.9	2066
2015/3/9	2077.7	2072.9	2082.3	2066.2
2015/3/10	2041.9	2077.6	2077.9	2041.5
2015/3/11	2039.5	2044.1	2052.1	2038.5
2015/3/12	2064	2037.5	2066.2	2037.5
2015/3/13	2049.8	2061	2064.1	2041
2015/3/16	2076.5	2063	2081	2062.5
2015/3/17	2074.4	2070.5	2077	2066
2015/3/18	2100.5	2068	2107	2062
2015/3/19	2090.4	2095.5	2097	2085.5
2015/3/20	2099.2	2078.6	2106.3	2078.1
2015/3/23	2094.8	2099.3	2106.7	2093.7
2015/3/24	2084.9	2095.4	2100.8	2083
2015/3/25	2053.8	2085.2	2089	2052.5
2015/3/26	2048.5	2055.1	2058.5	2033.3
2015/3/27	2052.6	2050.2	2056.7	2041.9
2015/3/30	2075.6	2052.9	2081.5	2049.5
2015/3/31	2060.8	2076.6	2076.8	2056.5
2015/4/1	2053.1	2057.8	2060.8	2039.4
2015/4/2	2059.5	2056	2064.5	2045
2015/4/3	2059.5	2059.3	2063.5	2038.5
2015/4/6	2073.2	2039.9	2079.5	2039.9
2015/4/7	2067.8	2071.6	2082.5	2066.3
2015/4/8	2075.9	2069.4	2080	2064.8
2015/4/9	2085.7	2077	2086.5	2067
2015/4/10	2095.5	2085.5	2096.1	2083.6
2015/4/13	2086.5	2095.5	2101	2085.2
2015/4/14	2090.9	2087.1	2092.7	2076
2015/4/15	2099.8	2090.2	2105.1	2087.5
2015/4/16	2100.8	2101.4	2104.2	2089.3
2015/4/17	2075.5	2101.3	2101.5	2064.7
2015/4/20	2091	2081.1	2097.5	2079.2
2015/4/21	2091	2089.9	2105.1	2087.7
2015/4/22	2100.2	2091.9	2103.3	2080.4
2015/4/23	2106.9	2099.6	2114.2	2088
2015/4/24	2111.7	2106.4	2114.5	2103.4
2015/4/27	2104.7	2112.7	2119	2100.3
2015/4/28	2112	2104	2112.3	2088.7
2015/4/29	2099	2110.7	2112.1	2090.8
2015/4/30	2078.9	2097.6	2101.2	2070.8
2015/5/1	2101.6	2081	2102.5	2080.9
2015/5/4	2109.3	2101.5	2114.5	2098.1
2015/5/5	2084	2108.8	2111.2	2081.9
2015/5/6	2074.2	2086	2093	2062
2015/5/7	2084.2	2074.7	2088	2057.7
2015/5/8	2108.4	2084.5	2113.5	2084.5
2015/5/11	2097.8	2108.9	2113	2096.5
2015/5/12	2095	2098.3	2100.7	2080
2015/5/13	2094.5	2096	2106.2	2091.8
2015/5/14	2117.6	2096	2118	2093.5
2015/5/15	2118.9	2117.1	2122.7	2113.5
2015/5/18	2125.9	2118.9	2128.5	2112.5
2015/5/19	2124.6	2126.2	2133.4	2121.8
2015/5/20	2122.5	2124	2132	2119.5
2015/5/21	2128	2120	2131.5	2116
2015/5/22	2124.6	2129	2130.6	2122.8
2015/5/25	2124.6	2129	2130.6	2122.8
2015/5/26	2104.9	2123.7	2126	2096.2
2015/5/27	2120.9	2103.4	2124	2101.3
2015/5/28	2121.7	2121.4	2122.5	2110.5
2015/5/29	2106	2121.6	2122.6	2102.5
2015/6/1	2109.2	2105.8	2117.5	2100.2
2015/6/2	2106.7	2111.4	2115.7	2094.9
2015/6/3	2116	2107	2120.5	2107
2015/6/4	2098.9	2115.6	2116.2	2091.5
2015/6/5	2092.2	2099	2101.2	2084
2015/6/8	2078.2	2092	2093	2076.3
2015/6/9	2080.1	2080.7	2084.5	2068.9
2015/6/10	2106.9	2081	2107.5	2080.3
2015/6/11	2109.2	2104	2114	2103.5
2015/6/12	2093.1	2100	2102	2090.5
2015/6/15	2084	2079.5	2086.7	2073
2015/6/16	2097.4	2083	2097.5	2082.5
2015/6/17	2097.5	2100.5	2106.9	2089
2015/6/18	2123	2106.5	2126	2106
2015/6/19	2097.7	2114.9	2117.7	2097.4
2015/6/22	2112.8	2105.5	2121.5	2105.5
2015/6/23	2116.4	2114.8	2120.1	2111.5
2015/6/24	2099.4	2117.6	2117.6	2099
2015/6/25	2093.9	2102	2112.6	2092.2
2015/6/26	2095.7	2094.5	2100.5	2086.5
2015/6/29	2050.5	2081.8	2082.5	2047.5
2015/6/30	2054.4	2052.9	2068.7	2047.5
2015/7/1	2070.9	2055	2077.4	2055
2015/7/2	2068.8	2071.5	2077.6	2062.8
2015/7/3	2068.8	2071.5	2077.6	2062.8
2015/7/6	2064.6	2067.8	2070	2035
2015/7/7	2073.7	2069	2077.4	2035.5
2015/7/8	2039.2	2073.4	2073.4	2036
2015/7/9	2041.2	2042	2068	2038.4
2015/7/10	2069	2048.7	2074.5	2047.2
2015/7/13	2094.4	2057.8	2094.5	2057.8
2015/7/14	2102.1	2093.5	2105.3	2090.7
2015/7/15	2104.2	2102.2	2107	2095.5
2015/7/16	2116.9	2103.7	2118.3	2103.7
2015/7/17	2118.8	2116.5	2119.7	2113
2015/7/20	2121.9	2117.6	2125.5	2116.7
2015/7/21	2114.4	2121.2	2124.6	2107.2
2015/7/22	2107.9	2107.7	2111.5	2102.8
2015/7/23	2098.5	2109.3	2113.6	2091.8
2015/7/24	2077.6	2101.6	2103.6	2069.7
2015/7/27	2064.4	2078	2080.3	2056.7
2015/7/28	2087.2	2065	2088.8	2062
2015/7/29	2101.5	2088	2104.3	2084.7
2015/7/30	2103.7	2098.7	2104	2087.7
2015/7/31	2098.4	2101.8	2108.5	2095.8
2015/8/3	2090.9	2099.9	2101.8	2080
2015/8/4	2082.9	2089.3	2095.8	2081.5
2015/8/5	2093.8	2083.5	2106.7	2083.5
2015/8/6	2079.5	2093	2098.9	2070.2
2015/8/7	2073.6	2080	2082.5	2062.3
2015/8/10	2099.8	2072.5	2101	2072.3
2015/8/11	2079.7	2101.3	2101.3	2071.3
2015/8/12	2084.2	2080.8	2084.7	2047
2015/8/13	2080.5	2083	2092.8	2073.5
2015/8/14	2089.4	2079.8	2090.1	2073.8
2015/8/17	2099.3	2089.7	2100	2075
2015/8/18	2093.9	2098.3	2103.3	2090.8
2015/8/19	2072.7	2093.2	2097	2067
2015/8/20	2025.4	2073.1	2077	2025
2015/8/21	1971.4	2027	2028.7	1967.5
2015/8/24	1871.2	1967.4	1967.4	1831
2015/8/25	1872.8	1872.7	1948.1	1863
2015/8/26	1938.1	1867.6	1942	1851
2015/8/27	1989.3	1941.7	1989.6	1935.3
2015/8/28	1989.7	1987.5	1992.5	1967.7
2015/8/31	1969.2	1986.1	1986.1	1960
2015/9/1	1915.9	1962.3	1962.3	1900
2015/9/2	1947.1	1912	1948.7	1908.4
2015/9/3	1946.1	1948.5	1972.5	1942
2015/9/4	1921.7	1946.5	1947	1908.5
2015/9/7	1921.7	1946.5	1947	1908.5
2015/9/8	1965.7	1926.4	1968	1920
2015/9/9	1942.7	1965	1991.7	1936
2015/9/10	1949.6	1943.2	1966.1	1929.5
2015/9/11	1960.2	1944	1961.5	1938.5
2015/9/14	1954	1961.5	1961.5	1947
2015/9/15	1979.7	1959	1982	1954.5
2015/9/16	1998.2	1979.5	1998	1978
2015/9/17	1987.8	1992.5	2020	1985
2015/9/18	1950.6	1976	1982.1	1941.5
2015/9/21	1963.1	1949	1969	1939
2015/9/22	1932.1	1964.1	1964.1	1918
2015/9/23	1928.6	1927.6	1941.4	1912
2015/9/24	1918.8	1932	1935.9	1897.8
2015/9/25	1919.2	1920	1950	1911
2015/9/28	1872.1	1913.5	1927.1	1869
2015/9/29	1874.5	1879	1889.5	1861.5
2015/9/30	1908.7	1877	1910.3	1873.7
2015/10/1	1916.8	1901.7	1928.4	1890.5
2015/10/2	1943.1	1918	1943.5	1883.2
2015/10/5	1974.7	1940.5	1980	1938
2015/10/6	1968.6	1972.6	1982	1962.5
2015/10/7	1987.2	1961.7	1990.7	1961.6
2015/10/8	2006.6	1987.3	2009	1970.8
2015/10/9	2007.4	2005	2013.8	1999
2015/10/12	2010.9	2006.5	2012	2002.5
2015/10/13	1993.9	2011.9	2014.3	1991.3
2015/10/14	1984	1991	2001.5	1983
2015/10/15	2019	1988	2019	1987.9
2015/10/16	2025.5	2018.9	2026	2013
2015/10/19	2027.4	2024.5	2027.9	2014.8
2015/10/20	2020.6	2025.9	2031.5	2019
2015/10/21	2008.5	2017.7	2033.5	2008
2015/10/22	2053.1	2010.1	2054	2009
2015/10/23	2066	2054	2074.1	2053.3
2015/10/26	2062.3	2066	2067	2059
2015/10/27	2060.4	2063.6	2064.4	2052
2015/10/28	2084.5	2061	2084.8	2056
2015/10/29	2083	2081	2086	2072.9
2015/10/30	2073.7	2085.1	2093	2070.5
2015/11/2	2095.4	2072.1	2099.5	2064.7
2015/11/3	2102.9	2094	2110	2089.1
2015/11/4	2094.7	2101.4	2108.8	2090.7
2015/11/5	2094	2095.2	2103.8	2084.5
2015/11/6	2093.7	2094.1	2098.2	2077.5
2015/11/9	2072.9	2091.5	2097	2063
2015/11/10	2078.1	2072.7	2079.2	2064.5
2015/11/11	2069	2076.5	2086.8	2068
2015/11/12	2040.6	2068	2077.1	2040
2015/11/13	2018.6	2039	2045	2012.5
2015/11/16	2048	2007.9	2050.5	2000.3
2015/11/17	2049	2046.3	2063	2043
2015/11/18	2079.7	2048.7	2082	2043.3
2015/11/19	2079.2	2078	2089.2	2075.2
2015/11/20	2088.7	2077.1	2094	2077
2015/11/23	2084.2	2088.9	2092.8	2078.8
2015/11/24	2084.7	2082.7	2091	2066
2015/11/25	2088.1	2084.6	2091.5	2083
2015/11/26	2088.1	2084.6	2091.5	2083
2015/11/27	2089.9	2089.4	2097.7	2081.5
2015/11/30	2079.8	2089.7	2094.9	2079
2015/12/1	2099.9	2086.8	2101	2083.7
2015/12/2	2081.6	2099.6	2104.8	2075.9
2015/12/3	2051.2	2083	2095	2040.5
2015/12/4	2088.4	2056.2	2092.5	2047.3
2015/12/7	2081	2092.2	2095	2066
2015/12/8	2058.7	2080.3	2080.3	2050.5
2015/12/9	2042.1	2062.5	2079.5	2036
2015/12/10	2049.3	2047.4	2066.5	2044.5
2015/12/11	2009.8	2025	2033.4	2008
2015/12/14	2018.4	2012.5	2023.5	1995.5
2015/12/15	2045.6	2038.5	2053	2038.5
2015/12/16	2072.1	2059	2075.5	2042
2015/12/17	2034.3	2077	2078	2037
2015/12/18	1991.9	2024	2028.5	1991.5
2015/12/21	2014.9	1999	2018.8	1996.5
2015/12/22	2035.9	2020.6	2036.3	2007.8
2015/12/23	2053	2034.2	2057.8	2033
2015/12/24	2051.2	2052.9	2059.3	2045
2015/12/25	2051.2	2052.9	2059.3	2045
2015/12/28	2048.8	2052.4	2053	2035.5
2015/12/29	2072.8	2049.7	2074	2048.2
2015/12/30	2054.6	2072.3	2073.5	2054
2015/12/31	2035.4	2054.5	2056.5	2030.5
2016/1/1	2035.4	2054.5	2056.5	2030.5
2016/1/4	2009.1	2037.9	2042	1981
2016/1/5	2011.7	2010	2016.8	1993.1
2016/1/6	1985.9	2011.9	2012	1971.3
2016/1/7	1932.9	1987	1988.1	1929.2
2016/1/8	1911.5	1933	1964.1	1910
2016/1/11	1914.2	1912.7	1928.5	1893.5
2016/1/12	1924.9	1915.6	1940	1900
2016/1/13	1881.4	1926	1946	1878
2016/1/14	1914.6	1883.6	1927.3	1872
2016/1/15	1875	1916.2	1919.3	1849.5
2016/1/18	1875	1916.2	1919.3	1849.5
2016/1/19	1872.9	1867.9	1907	1856.8
2016/1/20	1854.9	1874	1875.6	1804.5
2016/1/21	1861	1856.5	1883	1836.4
2016/1/22	1899.2	1860	1902	1857.2
2016/1/25	1870.2	1903.9	1904	1869
2016/1/26	1895.9	1872	1900	1851.9
2016/1/27	1875.1	1885	1910	1865
2016/1/28	1880.7	1879	1896	1866
2016/1/29	1930.1	1878.1	1932	1877.1
2016/2/1	1931.3	1931.5	1940	1912.8
2016/2/2	1897.4	1929	1929	1889.2
2016/2/3	1908.5	1897.5	1912	1865.5
2016/2/4	1907.8	1908	1921.5	1890.8
2016/2/5	1875.3	1905.5	1913.9	1866.5
2016/2/8	1852	1876	1883.5	1822.5
2016/2/9	1848.2	1850.1	1862.5	1826
2016/2/10	1846.7	1852	1876.5	1840
2016/2/11	1824.5	1842.5	1843	1804.2
2016/2/12	1858.3	1828	1860.5	1824.5
2016/2/15	1858.3	1828	1860.5	1824.5
2016/2/16	1888.8	1864.5	1892.5	1864.5
2016/2/17	1922.7	1888	1927	1882.5
2016/2/18	1916.6	1926.1	1933	1911.5
2016/2/19	1914.5	1916.4	1922.2	1898.5
2016/2/22	1936.3	1911.7	1943.7	1909.5
2016/2/23	1916.1	1934	1937.4	1914
2016/2/24	1930.2	1913.8	1932.8	1887
2016/2/25	1950.4	1932	1951	1921
2016/2/26	1942.7	1949.7	1968.7	1942.3
2016/2/29	1929.5	1941	1956	1927
2016/3/1	1977.9	1928.2	1978	1921.1
2016/3/2	1983.6	1976	1984.8	1967
2016/3/3	1990.5	1981.7	1991.8	1975
2016/3/4	1994.9	1990	2007	1985
2016/3/7	1999.1	1994	2004	1984.8
2016/3/8	1980.9	1998	1998.7	1976.3
2016/3/9	1988.9	1980.2	1993	1979
2016/3/10	1988.8	1990.6	2010	1969.5
2016/3/11	2019.9	2008	2022	2006
2016/3/14	2018.7	2016.5	2024	2013
2016/3/15	2015.8	2008	2016	2006
2016/3/16	2026.9	2011.5	2031	2011
2016/3/17	2039.8	2027.5	2046.7	2023
2016/3/18	2037.4	2032.1	2042.5	2028
2016/3/21	2042.7	2036.9	2044	2031
2016/3/22	2042.5	2043	2047	2028.4
2016/3/23	2028.8	2040.9	2044	2025.5
2016/3/24	2028.6	2028	2029	2012.3
2016/3/25	2028.6	2028	2029	2012.3
2016/3/28	2028	2031.7	2038	2022.5
2016/3/29	2047.5	2030	2049	2019.5
2016/3/30	2055.2	2048.7	2064	2048
2016/3/31	2051.5	2055.7	2059.5	2047.8
2016/4/1	2065.1	2052	2066.8	2035.8
2016/4/4	2057.5	2062	2071.2	2054.5
2016/4/5	2038.8	2054.4	2055.2	2034.5
2016/4/6	2060.2	2041.7	2060.3	2035.5
2016/4/7	2035.1	2058.3	2059.5	2026.5
2016/4/8	2040.7	2032	2054	2031
2016/4/11	2034.5	2040.4	2056.2	2033.3
2016/4/12	2055.7	2030.9	2058.5	2030.9
2016/4/13	2075.9	2057	2076.8	2057
2016/4/14	2076.6	2075.8	2081.5	2068
2016/4/15	2075	2077.3	2079.5	2069.8
2016/4/18	2086.7	2063.1	2088.5	2058.6
2016/4/19	2093.7	2085.8	2098	2085
2016/4/20	2098	2094	2105	2086
2016/4/21	2082.8	2097.9	2103.5	2082.1
2016/4/22	2086	2080.1	2088.5	2075
2016/4/25	2083.2	2090.1	2090.1	2071.2
2016/4/26	2088.4	2084	2091	2079.5
2016/4/27	2090.7	2082	2093.5	2076.5
2016/4/28	2072.4	2092.5	2094	2065.5
2016/4/29	2059.1	2073.4	2075	2046
2016/5/2	2074.3	2059.8	2077	2056.2
2016/5/3	2056.9	2075	2075.8	2048.5
2016/5/4	2046.9	2059.5	2059.5	2039.3
2016/5/5	2043.9	2047.5	2059	2040
2016/5/6	2052.7	2043	2053.5	2030.5
2016/5/9	2054.3	2054.5	2059.2	2048.5
2016/5/10	2077.6	2053.4	2079.8	2048.7
2016/5/11	2058	2077.3	2078.5	2058
2016/5/12	2058.8	2059.5	2072.5	2048.5
2016/5/13	2043.6	2059.9	2063	2038.8
2016/5/16	2062.7	2041	2068	2035.5
2016/5/17	2043.6	2060.2	2069.3	2037.5
2016/5/18	2041.6	2043.3	2057.5	2031
2016/5/19	2038.7	2042.5	2043.5	2022.3
2016/5/20	2050	2038.8	2055.5	2038.8
2016/5/23	2045.3	2052.8	2055.7	2043.9
2016/5/24	2075	2044.9	2077	2041.3
2016/5/25	2087.3	2075	2092.5	2075
2016/5/26	2089.7	2088.4	2091.2	2083
2016/5/27	2097.3	2090.7	2098	2088
2016/5/30	2097.3	2090.7	2098	2088
2016/5/31	2094.9	2099	2103.6	2086
2016/6/1	2097.9	2094	2099	2083.5
2016/6/2	2103.8	2096.8	2104	2087
2016/6/3	2097.8	2103.3	2105	2084
2016/6/6	2108.3	2098	2112.2	2095
2016/6/7	2110.3	2108.3	2117.8	2108
2016/6/8	2118.1	2109.6	2119	2109.1
2016/6/9	2114.2	2117.1	2117.1	2106.8
2016/6/10	2096.3	2098	2102	2089.5
2016/6/13	2078.7	2087.5	2097	2078.3
2016/6/14	2074.4	2076	2081	2065
2016/6/15	2071.8	2080	2083.3	2070.5
2016/6/16	2079.2	2062	2079.5	2050.8
2016/6/17	2058.9	2070	2074	2053.5
2016/6/20	2074.2	2073	2092	2071.5
2016/6/21	2080.4	2075.8	2086	2074.2
2016/6/22	2076.7	2078.2	2091	2076
2016/6/23	2105.8	2083	2110	2083
2016/6/24	2018.6	2115	2119.4	1999
2016/6/27	1984.9	2014.8	2022.2	1981.5
2016/6/28	2028.4	1990	2029.7	1988.7
2016/6/29	2066.8	2027.5	2073.5	2023
2016/6/30	2090.2	2072.8	2091	2056.5
2016/7/1	2096.3	2086.9	2100.5	2082
2016/7/4	2096.3	2086.9	2100.5	2082
2016/7/5	2082.7	2098.5	2103	2072.5
2016/7/6	2094.1	2082	2094.2	2066.5
2016/7/7	2092	2091.5	2101.5	2082.5
2016/7/8	2120.5	2091.3	2125	2088
2016/7/11	2130.3	2123.5	2136.5	2123.4
2016/7/12	2145.8	2130.8	2149	2129.6
2016/7/13	2145.9	2145.5	2152	2139.7
2016/7/14	2157.2	2144.6	2166.4	2143.3
2016/7/15	2152.7	2156.1	2164	2143.9
2016/7/18	2159.9	2154.4	2162.4	2153.5
2016/7/19	2158.7	2160	2161	2151.8
2016/7/20	2167.6	2159	2169.5	2155.3
2016/7/21	2157.9	2167.5	2169	2153.5
2016/7/22	2167.4	2158.6	2169	2157.5
2016/7/25	2162.2	2167.6	2171.2	2156
2016/7/26	2163.3	2162.7	2167.5	2154
2016/7/27	2160.6	2164.6	2169.2	2153.7
2016/7/28	2164.7	2162.5	2168.1	2154
2016/7/29	2168.2	2165.7	2171.5	2157.5
2016/8/1	2164.4	2173.4	2176.3	2160.2
2016/8/2	2152.7	2166.1	2169.4	2142
2016/8/3	2157	2152.2	2158.2	2146.3
2016/8/4	2159.3	2156.8	2164.2	2154
2016/8/5	2176.8	2160	2178.2	2159.8
2016/8/8	2175.5	2176	2182.4	2173.5
2016/8/9	2177.6	2176	2183.2	2174
2016/8/10	2172.7	2177.5	2180.8	2167.8
2016/8/11	2181.8	2171.6	2185	2169.6
2016/8/12	2180.2	2182.1	2183.8	2175.8
2016/8/15	2185.9	2180.6	2190.7	2180.6
2016/8/16	2176.8	2185.9	2185.9	2175
2016/8/17	2179.7	2177.7	2181.3	2166
2016/8/18	2183.6	2180.6	2184.5	2176.6
2016/8/19	2181.7	2183.6	2183.9	2172.8
2016/8/22	2181.4	2181.6	2184.3	2173.8
2016/8/23	2185.2	2180.3	2191.2	2180.3
2016/8/24	2174.9	2185.2	2187.2	2169.5
2016/8/25	2173.6	2174.4	2177	2167.5
2016/8/26	2168.4	2173.8	2186.5	2157.5
2016/8/29	2179.3	2167.6	2182	2164.5
2016/8/30	2175.2	2179.5	2181	2169
2016/8/31	2169.5	2175.8	2175.8	2160.5
2016/9/1	2167.3	2169	2176.6	2155.5
2016/9/2	2178	2166.7	2183.3	2165
2016/9/5	2178	2166.7	2183.3	2165
2016/9/6	2184.5	2179.2	2185.6	2173.7
2016/9/7	2184.6	2184.6	2186.5	2177.5
2016/9/8	2177.5	2184.5	2189.1	2177
2016/9/9	2122.7	2163.5	2164.5	2121.5
2016/9/12	2158.6	2119	2161	2117.5
2016/9/13	2128.8	2142	2145	2119.5
2016/9/14	2120.2	2128	2140	2119.5
2016/9/15	2145	2123.5	2151	2123
2016/9/16	2132.5	2136.4	2136.4	2123.3
2016/9/19	2132.9	2131.4	2146.5	2128
2016/9/20	2131.1	2133.9	2143.2	2129
2016/9/21	2156.2	2130	2157.5	2127
2016/9/22	2168.3	2155.2	2172.3	2153
2016/9/23	2158.1	2168.3	2169.2	2156.5
2016/9/26	2139.7	2156.2	2158.7	2137.7
2016/9/27	2152.8	2139.1	2153.5	2133.5
2016/9/28	2163.2	2152.2	2165.3	2144
2016/9/29	2148.5	2163.5	2166.3	2138
2016/9/30	2160.4	2144.7	2168.1	2136
2016/10/3	2153.2	2159	2164	2147
2016/10/4	2144.7	2153.9	2159	2136.5
2016/10/5	2153.3	2144.5	2158	2141.5
2016/10/6	2156.5	2153.5	2157.5	2143.7
2016/10/7	2146.5	2155.2	2160	2138.5
2016/10/10	2159.1	2151.2	2163.2	2150.1
2016/10/11	2134.4	2159	2160.5	2122.5
2016/10/12	2131.5	2135	2140	2126.3
2016/10/13	2126.3	2127	2131.5	2108
2016/10/14	2126.9	2125.5	2143	2123.5
2016/10/17	2123.1	2127.7	2129.4	2117.2
2016/10/18	2131.9	2121.7	2139.2	2121.6
2016/10/19	2138.1	2132	2142	2126.8
2016/10/20	2137.1	2137.2	2142	2127
2016/10/21	2134.7	2138	2138	2123.5
2016/10/24	2144.3	2137	2148.5	2136.8
2016/10/25	2138	2144.8	2149.2	2135.5
2016/10/26	2134.1	2134	2140	2125
2016/10/27	2123.4	2133.6	2143.1	2123
2016/10/28	2123.8	2127.5	2135	2113.3
2016/10/31	2120.1	2122	2129.3	2119
2016/11/1	2103.8	2123	2128	2091.5
2016/11/2	2092.3	2101.5	2106.2	2088
2016/11/3	2083.6	2091.5	2098.4	2080
2016/11/4	2080	2084	2094	2079
2016/11/7	2129.1	2103.5	2130.3	2103.4
2016/11/8	2135.5	2128.5	2142.5	2119
2016/11/9	2160.3	2141.4	2166.5	2028.5
2016/11/10	2167.2	2157	2180.5	2149
2016/11/11	2161.6	2164.5	2169.2	2149
2016/11/14	2160.4	2164.5	2174	2152.5
2016/11/15	2179.3	2161.5	2179.5	2158.7
2016/11/16	2172.8	2178.6	2183	2169.1
2016/11/17	2184.3	2172.6	2185	2172
2016/11/18	2180.8	2181.1	2187	2178
2016/11/21	2192.9	2179.9	2196.5	2179.7
2016/11/22	2200.3	2193.4	2202.5	2192
2016/11/23	2200.8	2200.5	2202.6	2192.2
2016/11/24	2200.8	2200.5	2202.6	2192.2
2016/11/25	2211.3	2201.1	2211.5	2203.2
2016/11/28	2200.8	2207.5	2209.2	2198.5
2016/11/29	2203.8	2200	2209	2197
2016/11/30	2198.8	2204.1	2212.8	2198
2016/12/1	2192.1	2199.4	2202.8	2186.5
2016/12/2	2192.1	2190.8	2197	2184.8
2016/12/5	2204.2	2181.8	2208.3	2180
2016/12/6	2210.1	2204.2	2212	2201
2016/12/7	2236.7	2210.9	2241	2207
2016/12/8	2247.7	2235	2251.2	2234.1
2016/12/9	2260.1	2248	2260.5	2248
2016/12/12	2256	2259	2263.7	2252.8
2016/12/13	2273.2	2266.5	2277.3	2265
2016/12/14	2257	2269	2274	2249
2016/12/15	2263.4	2256.8	2271	2256
2016/12/16	2255.3	2260	2263.8	2250
2016/12/19	2260.1	2257	2263.5	2254.2
2016/12/20	2266.5	2262.2	2269	2262.2
2016/12/21	2260.4	2267	2267.5	2260
2016/12/22	2258.7	2258.6	2260.3	2251.8
2016/12/23	2260	2259	2260.3	2254.7
2016/12/26	2260	2259	2260.3	2254.7
2016/12/27	2260.9	2258.7	2269	2257.9
2016/12/28	2245.3	2262.1	2267.3	2244
2016/12/29	2245.1	2246	2249.3	2239.5
2016/12/30	2236.2	2246.4	2251.3	2228.8
2017/1/2	2236.2	2246.4	2251.3	2228.8
2017/1/3	2252.6	2239.7	2259	2239.7
2017/1/4	2264.3	2252.7	2267	2252.7
2017/1/5	2264.3	2264.5	2265	2254
2017/1/6	2271.5	2265.3	2276.5	2258.5
2017/1/9	2265	2272	2274	2263.5
2017/1/10	2263.7	2263	2274	2260
2017/1/11	2270.6	2264.2	2271.3	2255.7
2017/1/12	2263.4	2268.2	2268.2	2249
2017/1/13	2272.5	2264.5	2273	2264.2
2017/1/16	2272.5	2264.5	2273	2264.2
2017/1/17	2262.7	2266.2	2268.2	2257.5
2017/1/18	2266.6	2263.2	2268	2259
2017/1/19	2261.6	2266	2269.3	2253.5
2017/1/20	2265.9	2261.9	2272.2	2260
2017/1/23	2262	2262.3	2267	2252
2017/1/24	2274.6	2260.8	2280	2259.8
2017/1/25	2293.9	2276.9	2295.2	2276
2017/1/26	2294.1	2292.7	2298.3	2289.8
2017/1/27	2289.1	2292.1	2296.2	2287.5
2017/1/30	2276	2283.1	2284.4	2264
2017/1/31	2274.5	2276	2277.4	2262.5
2017/2/1	2274.5	2276	2285	2268.5
2017/2/2	2275.4	2270.7	2279.5	2264.6
2017/2/3	2291	2273.5	2293.7	2273.5
2017/2/6	2286.5	2290.9	2294	2284
2017/2/7	2288.4	2286	2294.7	2284.5
2017/2/8	2290.2	2285	2292	2281.5
2017/2/9	2304.3	2290.7	2307.5	2290.1
2017/2/10	2312.7	2304	2315.8	2304
2017/2/13	2326.3	2316	2328.5	2313.8
2017/2/14	2337	2325.5	2337.5	2320
2017/2/15	2350.4	2335.8	2351	2332
2017/2/16	2345.6	2348.5	2349	2337
2017/2/17	2347.9	2345	2349	2337
2017/2/20	2347.9	2345	2349	2337
2017/2/21	2360	2347.4	2364.5	2347.4
2017/2/22	2360.9	2360	2363.3	2355.7
2017/2/23	2362.8	2362.3	2366.6	2353.3
2017/2/24	2364.9	2359.4	2365.5	2350
2017/2/27	2368.3	2364.3	2370.5	2361.2
2017/2/28	2362.8	2366	2368.1	2358
2017/3/1	2393.5	2365	2400.7	2364.3
2017/3/2	2381.9	2393.5	2394.2	2378.5
2017/3/3	2381.2	2379.9	2383	2374.2
2017/3/6	2375.4	2375.3	2378.3	2367.2
2017/3/7	2366.4	2372.8	2375	2365
2017/3/8	2364.1	2362.5	2372.5	2360.2
2017/3/9	2366.3	2363.2	2369	2354
2017/3/10	2371.8	2376	2377	2364
2017/3/13	2375	2373.3	2375	2370
2017/3/14	2366.4	2368.5	2368.5	2359
2017/3/15	2383.7	2371.5	2389.5	2369.3
2017/3/16	2382.7	2388	2388	2378
2017/3/17	2375.2	2375.8	2382	2373.5
2017/3/20	2370.3	2373	2375.7	2365.8
2017/3/21	2342.2	2368	2378.2	2338.5
2017/3/22	2342.6	2337.4	2348.5	2332.8
2017/3/23	2340	2344.6	2356	2339
2017/3/24	2344.8	2348.7	2352	2332
2017/3/27	2338.4	2336.8	2341.5	2318
2017/3/28	2351.4	2340.4	2359.7	2334
2017/3/29	2357	2353	2359.7	2349
2017/3/30	2364.6	2357.7	2367	2353.7
2017/3/31	2359.2	2365	2366.5	2357.6
2017/4/3	2356.1	2358.8	2362.9	2340
2017/4/4	2356.6	2351.2	2358.7	2346.8
2017/4/5	2346.6	2353.9	2374.7	2345.1
2017/4/6	2353.7	2343	2360.5	2338
2017/4/7	2352.2	2349	2360.3	2337.5
2017/4/10	2352.5	2352.9	2363	2348.5
2017/4/11	2351.1	2353	2353.1	2334
2017/4/12	2340.8	2348	2355.3	2338
2017/4/13	2327.4	2339	2344.5	2324.3
2017/4/14	2327.4	2339	2344.5	2324.3
2017/4/17	2345	2325	2345.5	2324.1
2017/4/18	2337.3	2344.1	2344.6	2331.5
2017/4/19	2333.7	2340	2349	2331.5
2017/4/20	2352.1	2334	2357.7	2334
2017/4/21	2347.4	2352.9	2355.4	2341.3
2017/4/24	2370	2364.5	2376.6	2364.5
2017/4/25	2385	2371.9	2388.5	2371.6
2017/4/26	2382.2	2384.5	2394.7	2382.3
2017/4/27	2386.1	2381.6	2388	2379
2017/4/28	2380.5	2385.2	2388.4	2378.5
2017/5/1	2386.9	2377.9	2390.7	2377.8
2017/5/2	2385.8	2385.6	2389	2382.5
2017/5/3	2383.2	2384.2	2385.7	2376.2
2017/5/4	2385.5	2385.9	2390.5	2376.5
2017/5/5	2397.7	2379.4	2398.3	2379.4
2017/5/8	2395	2401.6	2401.7	2390
2017/5/9	2393.3	2395.4	2400	2389
2017/5/10	2395.3	2389.4	2396.8	2388
2017/5/11	2391.1	2394.4	2394.4	2379.5
2017/5/12	2388.7	2390.8	2391.6	2384.5
2017/5/15	2398.4	2389	2402	2389
2017/5/16	2397.1	2398.1	2404.3	2394.3
2017/5/17	2357.5	2392.4	2392.4	2355
2017/5/18	2363.6	2356.7	2374.5	2344.5
2017/5/19	2381.5	2364.1	2388	2362
2017/5/22	2392.7	2382.1	2394	2378.5
2017/5/23	2398	2390.8	2399.3	2387.3
2017/5/24	2401.9	2396	2404	2396
2017/5/25	2413.4	2404	2417.5	2404
2017/5/26	2413.8	2412.9	2415.2	2408.4
2017/5/29	2413.8	2412.9	2415.2	2408.4
2017/5/30	2410.7	2415.9	2416.7	2408.5
2017/5/31	2411.1	2411	2416.4	2403
2017/6/1	2429.6	2413.1	2430	2411.6
2017/6/2	2437.7	2429.6	2439.2	2428
2017/6/5	2434.5	2434	2438.5	2433.8
2017/6/6	2430.8	2433	2435.5	2427.3
2017/6/7	2431.9	2431.9	2434.5	2424.5
2017/6/8	2432.5	2431.4	2438	2428
2017/6/9	2430.5	2437	2445.2	2417
2017/6/12	2428.5	2426	2429.5	2420.5
2017/6/13	2440	2435.8	2441.2	2431.5
2017/6/14	2437.2	2443	2443	2429
2017/6/15	2434.3	2422	2434.5	2421
2017/6/16	2431	2432.4	2435.7	2420.5
2017/6/19	2447.5	2433.5	2451	2433.5
2017/6/20	2437.5	2449	2450.6	2434.2
2017/6/21	2433.6	2436	2439.7	2428.5
2017/6/22	2431.8	2430	2438.5	2429.5
2017/6/23	2434.9	2432	2438	2428.5
2017/6/26	2436	2435.5	2447.4	2434.5
2017/6/27	2420.6	2437.1	2437.4	2417
2017/6/28	2438.4	2419	2440.5	2414.3
2017/6/29	2420	2443.9	2444.4	2403
2017/6/30	2420.9	2421.1	2429	2418.1
2017/7/3	2425	2427.3	2436.5	2422.7
2017/7/4	2425	2427.3	2436.5	2422.7
2017/7/5	2428	2427	2432	2419
2017/7/6	2408.4	2428	2428	2405.8
2017/7/7	2422.6	2410.5	2424.5	2407.6
2017/7/10	2424.6	2426	2430	2420
2017/7/11	2424.5	2424	2427	2411
2017/7/12	2440.1	2422.9	2443.5	2422.9
2017/7/13	2445.6	2444.2	2447	2439.5
2017/7/14	2456.1	2446	2460.5	2442.2
2017/7/17	2458.6	2457.1	2460.5	2454.7
2017/7/18	2457.8	2458.5	2460.2	2448
2017/7/19	2471.4	2459.1	2471.8	2458.3
2017/7/20	2471.2	2470	2475.9	2466
2017/7/21	2469.4	2471.3	2475.2	2463.5
2017/7/24	2468.4	2466	2470.3	2463.7
2017/7/25	2474.1	2468.2	2478.5	2468.1
2017/7/26	2473.3	2473	2479.3	2472
2017/7/27	2471.9	2477.4	2480	2458
2017/7/28	2470.3	2462.6	2470.8	2461.8
2017/7/31	2468	2474	2475.2	2465.5
2017/8/1	2472.3	2468	2477	2468
2017/8/2	2473.5	2474.1	2475.6	2463.5
2017/8/3	2471.7	2472.3	2474.4	2467
2017/8/4	2472.1	2470.7	2477.5	2469.5
2017/8/7	2477.4	2476.1	2478	2473.1
2017/8/8	2472.8	2476.1	2488	2467.3
2017/8/9	2473	2468.6	2473.5	2459.4
2017/8/10	2437.6	2473.7	2473.7	2434.1
2017/8/11	2440.1	2436.1	2446.2	2430.6
2017/8/14	2463.5	2447	2466.3	2447
2017/8/15	2463.7	2463.1	2470.9	2460.3
2017/8/16	2467.5	2464.8	2473.7	2462
2017/8/17	2429.5	2465.6	2466.7	2426.1
2017/8/18	2426.8	2425.9	2439	2420
2017/8/21	2428	2431.2	2431.2	2416.5
2017/8/22	2452.8	2429.4	2453.5	2429.4
2017/8/23	2441.5	2453.1	2453.1	2439
2017/8/24	2440.8	2439.3	2448.8	2435
2017/8/25	2442.5	2442.1	2453.2	2438
2017/8/28	2443.7	2442.8	2449	2436.8
2017/8/29	2447.1	2429.3	2448.5	2421.3
2017/8/30	2455.8	2446.5	2459.7	2443
2017/8/31	2470.1	2458	2474	2457.2
2017/9/1	2474.2	2472	2479.5	2470.7
2017/9/4	2474.2	2472	2479.5	2470.7
2017/9/5	2459.7	2463	2471	2446
2017/9/6	2465.5	2459.3	2468.7	2458.1
2017/9/7	2466.4	2461	2469	2460
2017/9/8	2462.6	2461	2466.3	2458.8
2017/9/11	2487.5	2476.5	2488.2	2476
2017/9/12	2495.9	2491	2496	2489.8
2017/9/13	2496.6	2492.5	2496.7	2491
2017/9/14	2496.4	2492.5	2497.5	2491.5
2017/9/15	2497.2	2490.8	2499.7	2487.6
2017/9/18	2502.7	2498.2	2505.8	2497.7
2017/9/19	2504.7	2502.3	2506	2501
2017/9/20	2505.2	2502.3	2507	2494.8
2017/9/21	2500.9	2505	2505	2496.8
2017/9/22	2499.4	2500.4	2500.7	2493.1
2017/9/25	2497	2502.9	2503.7	2485.5
2017/9/26	2495.6	2496.1	2501	2492.5
2017/9/27	2504.5	2495.1	2509.2	2493.3
2017/9/28	2507.7	2502.8	2508.2	2499.9
2017/9/29	2516.1	2507	2517.7	2505
2017/10/2	2526.3	2520.6	2527.7	2517.8
2017/10/3	2532.8	2526.5	2533	2525.5
2017/10/4	2536.2	2531.5	2537.9	2529
2017/10/5	2549.9	2535.7	2550.5	2534.7
2017/10/6	2545.1	2548.6	2549.7	2541.5
2017/10/9	2543.8	2543.8	2550.2	2540
2017/10/10	2548.5	2543.3	2553.2	2543
2017/10/11	2553	2548.4	2553.5	2545.1
2017/10/12	2549.4	2552.1	2553.3	2546.8
2017/10/13	2552.8	2547.8	2555.3	2547.8
2017/10/16	2556.2	2556	2557.5	2551
2017/10/17	2556.9	2555.2	2557.5	2552.5
2017/10/18	2560.1	2557.6	2561.8	2557
2017/10/19	2560.5	2559.6	2561.2	2542.9
2017/10/20	2574	2560.7	2574.2	2560
2017/10/23	2563.4	2575	2576.7	2562.2
2017/10/24	2567.3	2563.5	2570	2563.3
2017/10/25	2558.5	2566.3	2566.3	2541.8
2017/10/26	2561.6	2558.7	2564.7	2555.8
2017/10/27	2578.4	2559	2580.5	2558.6
2017/10/30	2568.3	2575	2577	2565.7
2017/10/31	2572.7	2567.2	2575	2567
2017/11/1	2574.8	2573.1	2585	2571.5
2017/11/2	2576.7	2571.9	2578.2	2563
2017/11/3	2582.7	2577	2585.2	2573.8
2017/11/6	2588.7	2581.3	2590	2577
2017/11/7	2586.8	2588.2	2593.3	2581
2017/11/8	2590.9	2582.2	2592.2	2580
2017/11/9	2583.9	2590.9	2593	2563.7
2017/11/10	2579.6	2582.8	2584.2	2571.8
2017/11/13	2581.9	2581.4	2585.3	2570.8
2017/11/14	2577.9	2581.3	2581.9	2564.5
2017/11/15	2565.1	2572	2572	2556.7
2017/11/16	2585	2564.3	2589	2563.6
2017/11/17	2576.3	2582.2	2584.9	2575.6
2017/11/20	2582.1	2574.4	2583.1	2567.9
2017/11/21	2596.3	2582.8	2600	2581
2017/11/22	2594.6	2595	2599.9	2593.3
2017/11/23	2594.6	2595	2599.9	2593.3
2017/11/24	2601	2594.5	2602.5	2594.8
2017/11/27	2601.8	2603	2605	2597.8
2017/11/28	2626	2601	2626.5	2598
2017/11/29	2625.1	2625.6	2634	2620
2017/11/30	2647.9	2625	2658	2624
2017/12/1	2643.9	2641.9	2650.3	2605
2017/12/4	2638.2	2659.6	2664.7	2634.8
2017/12/5	2628.3	2637	2648.5	2627.7
2017/12/6	2629.2	2629.1	2634	2620.5
2017/12/7	2639.5	2631.4	2639.8	2626.8
2017/12/8	2651	2646.5	2651.5	2644.5
2017/12/11	2661.6	2653	2662	2652
2017/12/12	2665.1	2662.5	2669.7	2662
2017/12/13	2666.4	2668.7	2672	2664.5
2017/12/14	2653.2	2667	2668	2652.5
2017/12/15	2682	2660.5	2682.9	2658.7
2017/12/18	2694.4	2687.5	2697.6	2687.5
2017/12/19	2684.1	2696	2697.8	2683.8
2017/12/20	2681.6	2691	2695.2	2679.5
2017/12/21	2687.8	2682.1	2695.5	2681.2
2017/12/22	2686.1	2689.5	2690.6	2682.7
2017/12/25	2686.1	2689.5	2690.6	2682.7
2017/12/26	2687.1	2686	2687.8	2684.4
2017/12/27	2685.4	2688.2	2690.5	2682
2017/12/28	2685.7	2686.9	2689	2683.5
2017/12/29	2676	2689.1	2698.2	2668
2018/1/1	2676	2689.1	2698.2	2668
2018/1/2	2692.9	2678.4	2696	2676.3
2018/1/3	2710.9	2693	2713.7	2693
2018/1/4	2723.8	2710.1	2728.5	2709
2018/1/5	2742.6	2726	2742.9	2725
2018/1/8	2746.8	2746	2748	2737
2018/1/9	2752.3	2747	2759.7	2744.2
2018/1/10	2750.6	2751	2751	2736.8
2018/1/11	2769.5	2752	2770	2750.1
2018/1/12	2788.7	2769.2	2789.6	2767.5
2018/1/15	2788.7	2769.2	2789.6	2767.5
2018/1/16	2782.6	2792	2808.2	2769.5
2018/1/17	2803.7	2785.9	2809	2781
2018/1/18	2796.2	2803.7	2807.8	2794
2018/1/19	2811	2797.7	2814.5	2792.2
2018/1/22	2835.2	2804.3	2838.1	2804.3
2018/1/23	2839.6	2835.3	2844.5	2829
2018/1/24	2841	2837.8	2855	2826.5
2018/1/25	2841.2	2839.3	2853.6	2832
2018/1/26	2874.5	2842.4	2875.6	2841.7
2018/1/29	2853.6	2873.9	2878.4	2852.2
2018/1/30	2824.5	2854.2	2857.6	2818.5
2018/1/31	2825.8	2824.2	2839.5	2813.5
2018/2/1	2822.4	2832.2	2836.9	2810.2
2018/2/2	2756.7	2829.8	2830.4	2756
2018/2/5	2607.7	2758	2762	2596
2018/2/6	2694.3	2626.6	2700	2531.8
2018/2/7	2668.2	2688.6	2726	2665.2
2018/2/8	2593.4	2667.3	2684.7	2581
2018/2/9	2619.1	2595.3	2638	2531
2018/2/12	2655.2	2627	2671	2621.5
2018/2/13	2661.7	2655.2	2666	2636
2018/2/14	2696.9	2662.6	2701	2627.5
2018/2/15	2733.9	2693.5	2735	2689
2018/2/16	2735	2734.1	2753.5	2724.5
2018/2/19	2735	2734.1	2753.5	2724.5
2018/2/20	2714.1	2739.2	2737.5	2706.5
2018/2/21	2698.7	2718.4	2746	2694.5
2018/2/22	2711.5	2697.4	2730.1	2684
2018/2/23	2748.8	2712.7	2749.3	2712.5
2018/2/26	2784.4	2751.5	2784.5	2744.4
2018/2/27	2747.5	2782.5	2789.5	2742.5
2018/2/28	2714.4	2750.1	2761.5	2712
2018/3/1	2678.2	2719.7	2730	2660
2018/3/2	2690.2	2682.2	2695.5	2647.5
2018/3/5	2718.4	2682.2	2727.5	2664.3
2018/3/6	2723.9	2720.5	2732	2711
2018/3/7	2723.3	2695.5	2729.5	2682.6
2018/3/8	2739.3	2721.8	2740	2720.3
2018/3/9	2783.9	2756	2785.5	2752.5
2018/3/12	2784.1	2790.5	2796	2780
2018/3/13	2768.5	2796	2800	2760
2018/3/14	2749.7	2777	2777	2745
2018/3/15	2751.6	2757	2762	2745
2018/3/16	2755.9	2757.9	2766	2751.4
2018/3/19	2722.8	2753.5	2754.3	2698
2018/3/20	2723.6	2724.1	2728	2714
2018/3/21	2718.3	2726.3	2741	2714
2018/3/22	2643.3	2718.3	2722.3	2642.2
2018/3/23	2597.8	2644.4	2658.5	2586.2
2018/3/26	2659.5	2599.3	2662.5	2592.7
2018/3/27	2615.7	2661.2	2679	2598
2018/3/28	2607.6	2610.7	2633	2593.5
2018/3/29	2643	2610.4	2658.5	2604.1
2018/3/30	2643	2610.4	2658.5	2604.1
2018/4/2	2575	2636.9	2641	2553.5
2018/4/3	2613.2	2582.5	2619	2574
2018/4/4	2647	2608.5	2649.6	2560.7
2018/4/5	2661.8	2647.6	2672	2645.3
2018/4/6	2605.7	2657.6	2657.6	2584.5
2018/4/9	2619.1	2612.7	2653	2610.6
2018/4/10	2655.1	2617.2	2665	2614.3
2018/4/11	2641.1	2651.3	2661	2626.3
2018/4/12	2664	2645.5	2674.2	2640.9
2018/4/13	2657.3	2659.8	2680.5	2646
2018/4/16	2681.7	2673.6	2686.7	2664.5
2018/4/17	2706.6	2682	2713.5	2682
2018/4/18	2709.7	2705.2	2718	2704
2018/4/19	2693.1	2711.1	2711.1	2682
2018/4/20	2671.6	2693	2695.4	2660
2018/4/23	2671.3	2681.6	2683.1	2657.8
2018/4/24	2635.3	2671.9	2686.5	2617
2018/4/25	2644.5	2634.8	2644.5	2612
2018/4/26	2674.6	2651.8	2675	2639.7
2018/4/27	2671.4	2673.1	2676	2658.5
2018/4/30	2647	2675.5	2682	2645.2
2018/5/1	2652.2	2643.3	2656.4	2623.5
2018/5/2	2627.4	2645.1	2658	2625
2018/5/3	2631.8	2630	2634.9	2591.8
2018/5/4	2663.1	2633.4	2669.3	2613
2018/5/7	2670	2665.6	2681	2663
2018/5/8	2670.3	2667.3	2674	2654
2018/5/9	2696	2667.4	2700	2667.4
2018/5/10	2718.7	2700	2724.5	2697.5
2018/5/11	2729.4	2718.3	2732	2717
2018/5/14	2730.9	2733.5	2741	2724.5
2018/5/15	2709	2728.6	2728.6	2701.3
2018/5/16	2722.9	2708.9	2727	2704.4
2018/5/17	2718.7	2723.8	2731	2711.5
2018/5/18	2713	2715.9	2724.8	2709
2018/5/21	2733.1	2732.1	2738.5	2724.7
2018/5/22	2726.1	2731.6	2741.5	2721.7
2018/5/23	2730.7	2724.7	2732.5	2706
2018/5/24	2727.6	2728.7	2732.9	2706
2018/5/25	2718.3	2734.7	2737.5	2714.5
2018/5/28	2718.3	2734.7	2737.5	2714.5
2018/5/29	2692.2	2726.9	2723.5	2675
2018/5/30	2724.6	2690.7	2729	2688
2018/5/31	2705.5	2720.2	2728.2	2700
2018/6/1	2733.8	2706	2736	2706
2018/6/4	2745.5	2732.2	2749	2732.2
2018/6/5	2751.6	2742.9	2752.5	2739.5
2018/6/6	2772.2	2751.9	2772	2748.7
2018/6/7	2772.2	2772	2779	2761
2018/6/8	2778.8	2764.5	2779.1	2763.8
2018/6/11	2783	2781.5	2789.5	2781
2018/6/12	2783.9	2787.5	2788.5	2781.5
2018/6/13	2774.3	2787.5	2790.5	2773.5
2018/6/14	2783.2	2787	2789	2777
2018/6/15	2784.4	2785.3	2787	2766.5
2018/6/18	2779.7	2781	2781	2761.2
2018/6/19	2766.2	2774.4	2774.4	2737
2018/6/20	2772	2767.3	2778	2763.6
2018/6/21	2752.5	2783	2783.7	2749
2018/6/22	2759.5	2750.2	2768	2750.2
2018/6/25	2722.3	2757.5	2757.5	2701
2018/6/26	2728.5	2723.9	2734	2716.7
2018/6/27	2704.9	2727.3	2747.8	2703
2018/6/28	2719.5	2704.8	2726	2694
2018/6/29	2721.6	2720.9	2745	2718.6
2018/7/2	2727.3	2723.7	2728	2699.4
2018/7/3	2713.3	2726.3	2741	2712.2
2018/7/4	2713.3	2726.3	2741	2712.2
2018/7/5	2738.6	2711.7	2739.4	2711.7
2018/7/6	2762.9	2735.3	2765.7	2732.5
2018/7/9	2787.4	2763.6	2787.5	2763.6
2018/7/10	2796.7	2787.2	2797.5	2781.3
2018/7/11	2774.1	2782.9	2787.5	2766.7
2018/7/12	2798.5	2776.1	2800.8	2776.1
2018/7/13	2803.2	2801	2807	2794
2018/7/16	2796.5	2808	2808	2795
2018/7/17	2811.3	2796.8	2815	2790.9
2018/7/18	2816	2814.3	2818	2807.2
2018/7/19	2805.3	2815.7	2815.7	2801
2018/7/20	2800.8	2807.2	2810.4	2794.6
2018/7/23	2812	2799.8	2812.3	2792.6
2018/7/24	2821	2812.9	2831	2812
2018/7/25	2841.3	2816	2849	2816
2018/7/26	2842.5	2836.8	2846	2834
2018/7/27	2817.5	2844.8	2845.9	2809.5
2018/7/30	2803.2	2810.6	2821.5	2799
2018/7/31	2817.1	2803.7	2824.7	2803.6
2018/8/1	2810.8	2814.3	2825.5	2805.5
2018/8/2	2828.4	2813.8	2829	2791.9
2018/8/3	2839.5	2830.3	2840.5	2826.9
2018/8/6	2850.1	2842.2	2852.3	2836
2018/8/7	2859.7	2851.5	2863	2851.5
2018/8/8	2855.3	2860.8	2862	2853
2018/8/9	2853.8	2855.3	2862.5	2852.3
2018/8/10	2836.8	2847	2847	2826.5
2018/8/13	2825.5	2830.4	2843.5	2820.5
2018/8/14	2841	2828.6	2843.5	2827
2018/8/15	2821.2	2841.7	2841.7	2804
2018/8/16	2844.7	2818	2851.5	2818
2018/8/17	2852.2	2840.8	2856.6	2835.2
2018/8/20	2858.6	2851.7	2861	2851.5
2018/8/21	2861.7	2858	2873.5	2855.4
2018/8/22	2861.2	2853.4	2868.2	2846.5
2018/8/23	2858	2864	2869	2855.5
2018/8/24	2876.7	2857.8	2877	2857.8
2018/8/27	2898.4	2881	2899	2880.5
2018/8/28	2899.3	2901	2904.3	2894.5
2018/8/29	2914.7	2901.7	2917.3	2899.3
2018/8/30	2902	2916	2916	2895.5
2018/8/31	2902.1	2900.1	2907	2892
2018/9/3	2902.1	2900.1	2907	2892
2018/9/4	2898.3	2906.8	2912.3	2885.8
2018/9/5	2888.3	2896.3	2896.3	2878
2018/9/6	2879.1	2888.5	2892	2868
2018/9/7	2874.7	2878.2	2884.3	2865.3
2018/9/10	2880.3	2878.4	2888	2877
2018/9/11	2889.8	2884.5	2892.7	2868
2018/9/12	2888.4	2890	2894.2	2880
2018/9/13	2905.3	2890	2906.5	2885.5
2018/9/14	2906.3	2907.5	2909	2898
2018/9/17	2891	2904	2904	2888
2018/9/18	2906.5	2892.5	2912	2892.5
2018/9/19	2909.9	2906.5	2912	2906.5
2018/9/20	2934.1	2931	2933	2931
2018/9/21	2933.7	2939	2946.1	2933
2018/9/24	2925.4	2927	2929.4	2918
2018/9/25	2921.3	2926.2	2933.3	2919
2018/9/26	2911.5	2926.2	2935.5	2908.5
2018/9/27	2919.9	2914	2931.8	2908
2018/9/28	2919	2922.5	2925	2908.5
2018/10/1	2930.1	2926.1	2941.8	2923
2018/10/2	2928.5	2929.8	2936	2918
2018/10/3	2931.6	2933.3	2944	2926
2018/10/4	2907.7	2925.3	2925.3	2888.5
2018/10/5	2894.1	2913.5	2915	2875
2018/10/8	2893.7	2896.5	2896.5	2867
2018/10/9	2888.2	2890	2899.5	2875.5
2018/10/10	2781.1	2888.5	2888.9	2771.7
2018/10/11	2745.4	2776	2798.5	2713.5
2018/10/12	2768.4	2751.6	2784.8	2732.5
2018/10/15	2749.1	2764.6	2778.5	2746
2018/10/16	2817.8	2747.1	2818.5	2747.1
2018/10/17	2816.2	2817.2	2823	2784
2018/10/18	2772.2	2810	2810.5	2757
2018/10/19	2767.5	2773.4	2800	2762.5
2018/10/22	2756.5	2760.8	2780.5	2751.3
2018/10/23	2746.2	2753	2754.5	2694
2018/10/24	2664.3	2742.1	2750.1	2653
2018/10/25	2688.2	2668.3	2723.5	2659
2018/10/26	2669.6	2675	2691	2628
2018/10/29	2643.6	2667.4	2706.5	2604.5
2018/10/30	2685.3	2639.6	2689.8	2636
2018/10/31	2711.1	2688.7	2736.5	2684.1
2018/11/1	2738.1	2707.5	2741.5	2707.5
2018/11/2	2724.3	2728.8	2763.8	2701
2018/11/5	2739.6	2722.8	2743.5	2713.5
2018/11/6	2759	2740.5	2760.8	2732.3
2018/11/7	2816.4	2754.5	2817.2	2747.9
2018/11/8	2808.7	2815.3	2816	2795
2018/11/9	2778.9	2804.3	2810	2766
2018/11/12	2727.8	2775.4	2794	2722.5
2018/11/13	2727.6	2734.3	2755	2715.5
2018/11/14	2698.6	2731.6	2747.5	2687
2018/11/15	2734.5	2700.5	2736.5	2672
2018/11/16	2742.9	2728.3	2748	2710.8
2018/11/19	2696.3	2730.2	2748	2682
2018/11/20	2639.9	2696.2	2696.2	2633
2018/11/21	2649	2635.7	2670.5	2633.6
2018/11/22	2649	2635.7	2670.5	2633.6
2018/11/23	2629.5	2651.2	2654.6	2627.4
2018/11/26	2669.9	2632	2675.5	2632
2018/11/27	2683.5	2659.7	2685.8	2656.6
2018/11/28	2741.5	2686.6	2745	2684.3
2018/11/29	2744.2	2738.7	2754	2724
2018/11/30	2758.3	2737.6	2764.5	2729.7
2018/12/3	2790.7	2787	2812.3	2774
2018/12/4	2701.7	2786.4	2787	2696.5
2018/12/5	2701.7	2699.5	2719.8	2699.2
2018/12/6	2691.1	2713	2713	2621.5
2018/12/7	2636	2694.2	2710	2626
2018/12/10	2643.1	2617.5	2646.5	2585.5
2018/12/11	2641.2	2638.6	2675.4	2622
2018/12/12	2652.4	2633.9	2686	2633.9
2018/12/13	2645.6	2658.2	2669.4	2640
2018/12/14	2602	2626.5	2634	2596
2018/12/17	2552.5	2591	2600	2535
2018/12/18	2535.8	2565	2572	2531.5
2018/12/19	2503.2	2546.5	2574	2490
2018/12/20	2485.7	2490	2509	2443
2018/12/21	2413.5	2484	2507.5	2409.5
2018/12/24	2341.7	2405.8	2433.7	2340
2018/12/25	2341.7	2405.8	2433.7	2340
2018/12/26	2470.9	2348.8	2477	2317.7
2018/12/27	2494.9	2469	2498	2397.5
2018/12/28	2486	2489.3	2522	2473.5
2018/12/31	2505.2	2502.3	2512	2483
2019/1/1	2505.2	2502.3	2512	2483
2019/1/2	2511	2511.4	2519	2454.2
2019/1/3	2447.7	2480.9	2492.5	2445
2019/1/4	2531.3	2453.4	2538	2439
2019/1/7	2550.6	2536.7	2567	2525
2019/1/8	2572.4	2550.7	2581	2549
2019/1/9	2582.6	2570.8	2595	2570.8
2019/1/10	2594.1	2580.9	2599	2561.7
2019/1/11	2595.1	2592.5	2597	2577
2019/1/14	2580.5	2589.9	2589.9	2568.6
2019/1/15	2605.4	2581.6	2613.5	2581.4
2019/1/16	2613.2	2605.6	2626	2605.6
2019/1/17	2635.2	2608	2645	2598.9
2019/1/18	2671.6	2635	2677.2	2635
2019/1/21	2671.6	2635	2677.2	2635
2019/1/22	2631.9	2671.4	2661.9	2617
2019/1/23	2638.3	2631.5	2653.5	2613
2019/1/24	2634	2637.9	2647	2626.5
2019/1/25	2663.5	2635.5	2671.5	2635.3
2019/1/28	2641.9	2659.5	2661.1	2624
2019/1/29	2640.3	2636.1	2648.5	2629.9
2019/1/30	2682.5	2646.6	2689.5	2640
2019/1/31	2704.5	2683.7	2711.8	2676.8
2019/2/1	2704.2	2707.4	2715.5	2696.3
2019/2/4	2721.2	2706.9	2725	2697.5
2019/2/5	2731.1	2719.7	2737	2718.3
2019/2/6	2729.4	2732.1	2736.2	2723
2019/2/7	2704.1	2726.1	2727.7	2686.5
2019/2/8	2706.3	2699.3	2708	2681
2019/2/11	2708.3	2709.5	2717.6	2703
2019/2/12	2744.8	2718.2	2747.5	2717.1
2019/2/13	2749.6	2749	2761	2747.1
2019/2/14	2743.4	2754	2759.5	2731
2019/2/15	2777.1	2743	2777.5	2729.4
2019/2/18	2777.1	2743	2777.5	2729.4
2019/2/19	2778.7	2779.8	2786.5	2767
2019/2/20	2787	2777	2790	2775
2019/2/21	2774.2	2785.4	2797.2	2764.5
2019/2/22	2791.2	2779.3	2793.5	2779.3
2019/2/25	2797.1	2801.8	2813.7	2795.2
2019/2/26	2791.5	2794	2803	2785.7
2019/2/27	2795.1	2790.8	2796.4	2775
2019/2/28	2784.7	2787.1	2793.5	2782.5
2019/3/1	2805	2785.3	2808.5	2785.3
2019/3/4	2791.6	2810	2819	2767.8
2019/3/5	2791.5	2790.3	2797.3	2784
2019/3/6	2771.4	2787	2790	2769
2019/3/7	2750	2767	2776.4	2739.5
2019/3/8	2747	2728	2746	2723
2019/3/11	2784	2750	2783.5	2750
2019/3/12	2792.1	2787.5	2796.5	2787.5
2019/3/13	2814.5	2803	2817.5	2803
2019/3/14	2807.3	2807.2	2813.5	2807
2019/3/15	2829.8	2815	2835.5	2812.9
2019/3/18	2840.6	2826.5	2841.5	2825.8
2019/3/19	2836.5	2842.7	2858.5	2830
2019/3/20	2827	2838	2849	2818.5
2019/3/21	2862.6	2828	2864	2815.5
2019/3/22	2810.7	2862	2862.1	2805
2019/3/25	2807	2817.2	2817.2	2790
2019/3/26	2823	2807	2835	2807
2019/3/27	2810.5	2821.8	2830	2792.3
2019/3/28	2821	2807.5	2823.5	2796.9
2019/3/29	2837.8	2822.2	2840.5	2822.2
2019/4/1	2870.5	2841.1	2873.5	2841.1
2019/4/2	2867.1	2865.8	2873.2	2863.2
2019/4/3	2879.8	2869	2888.5	2869
2019/4/4	2882.7	2881	2885.5	2871.5
2019/4/5	2896	2884	2897.5	2883.8
2019/4/8	2898.3	2896.3	2899	2884.5
2019/4/9	2882.6	2894.7	2896.9	2878
2019/4/10	2894.5	2883	2895.7	2883
2019/4/11	2891.8	2897.5	2898.2	2886
2019/4/12	2912.5	2892.1	2915	2892.1
2019/4/15	2909.5	2911	2913.2	2901
2019/4/16	2911.4	2914	2920.8	2904.5
2019/4/17	2900.4	2910.7	2922.5	2899.5
2019/4/18	2909.9	2895.6	2911	2890.7
2019/4/19	2909.9	2895.6	2911	2890.7
2019/4/22	2912.6	2913.9	2915.1	2899
2019/4/23	2938.1	2909	2939	2909
2019/4/24	2930.8	2937.7	2939	2928.5
2019/4/25	2926.3	2930.5	2934.2	2914.5
2019/4/26	2941.5	2925.4	2942	2919.2
2019/4/29	2942.9	2943	2951	2940.7
2019/4/30	2948.5	2941.1	2955.7	2926.5
2019/5/1	2923.1	2953.8	2957.3	2916.8
2019/5/2	2917.6	2919	2932.5	2902
2019/5/3	2947.6	2922	2948.5	2922
2019/5/6	2932.4	2927.8	2937.5	2885
2019/5/7	2890.8	2912.5	2927.8	2864
2019/5/8	2887.2	2890.1	2899	2870.1
2019/5/9	2872.7	2882.2	2883	2837
2019/5/10	2886.9	2871	2892	2826.5
2019/5/13	2807.1	2873.9	2873.9	2803
2019/5/14	2839.2	2803.5	2853	2799.3
2019/5/15	2855	2841.5	2859.5	2817
2019/5/16	2878.6	2853	2893.5	2842.3
2019/5/17	2862	2879.7	2888	2852.5
2019/5/20	2843.9	2865.5	2874.5	2833
2019/5/21	2866.1	2849.4	2870	2846.8
2019/5/22	2857.4	2864.8	2867.6	2848.8
2019/5/23	2819.4	2854	2854	2806
2019/5/24	2831.8	2823.5	2841	2819.5
2019/5/27	2831.8	2823.5	2841	2819.5
2019/5/28	2805.1	2834	2840.5	2801
2019/5/29	2780.1	2802.3	2802.3	2767
2019/5/30	2790.4	2781.5	2798.5	2777
2019/5/31	2752.6	2786.4	2786.4	2750
2019/6/3	2749.6	2749	2763	2730
2019/6/4	2804.9	2754.9	2805.5	2744.9
2019/6/5	2827.7	2812.3	2828.2	2802
2019/6/6	2845.7	2818.7	2851	2814.2
2019/6/7	2874.9	2839.5	2886	2839.4
2019/6/10	2889.2	2887	2905	2883.6
2019/6/11	2886.9	2891.3	2911	2880
2019/6/12	2881	2885.7	2889	2876
2019/6/13	2894.4	2883.7	2896	2876.1
2019/6/14	2890.6	2888.5	2895	2881
2019/6/17	2891.9	2889.5	2897	2888
2019/6/18	2921.7	2908	2931	2908
2019/6/19	2929.1	2919	2931	2916
2019/6/20	2955.7	2957	2958	2935
2019/6/21	2950.6	2957.2	2968	2948
2019/6/24	2952.1	2952	2959.5	2949.5
2019/6/25	2922.1	2952	2955.8	2921
2019/6/26	2917.9	2925.1	2937	2917.5
2019/6/27	2930.9	2916	2934.9	2916
2019/6/28	2944.2	2937	2955	2930.1
2019/7/1	2967.7	2957.2	2981	2955.5
2019/7/2	2979.6	2963.5	2979.5	2960
2019/7/3	3000.3	2979.2	3000.8	2979.2
2019/7/4	3000.3	2979.2	3000.8	2979.2
2019/7/5	2990.4	3004	3004	2972
2019/7/8	2978.6	2993.9	2993.9	2974
2019/7/9	2982.1	2967.8	2985.5	2964.5
2019/7/10	2997.4	2984	3007	2976.5
2019/7/11	3003.9	2996	3006	2993
2019/7/12	3015.4	3006	3018	3006
2019/7/15	3017.3	3012.9	3022.6	3012.9
2019/7/16	3007	3016.9	3021.5	3005.5
2019/7/17	2985	3008.8	3011.9	2985
2019/7/18	2997.6	2983.8	3005.3	2976
2019/7/19	2976.9	3008	3008	2972.8
2019/7/22	2989	2974.6	2992	2974.6
2019/7/23	3008	2992.5	3008.3	2991
2019/7/24	3021.6	3006.5	3022	2999
2019/7/25	3006.5	3023.2	3027.2	2998.5
2019/7/26	3024.5	3008	3029	3007.6
2019/7/29	3021.8	3025.1	3025.2	3015.5
2019/7/30	3012.3	3026	3026	3002
2019/7/31	2982.3	3015.1	3019.5	2959
2019/8/1	2951.9	2970.8	3013.7	2947
2019/8/2	2932.4	2951.2	2954.2	2914
2019/8/5	2830.1	2927.8	2931.2	2822
2019/8/6	2876	2812.1	2883	2776.3
2019/8/7	2880.6	2875.3	2890	2826
2019/8/8	2940.1	2883.7	2940.3	2874.3
2019/8/9	2919.7	2930.2	2935	2900
2019/8/12	2880.3	2922.8	2930.4	2874
2019/8/13	2932	2882.1	2943	2868.4
2019/8/14	2840.7	2930	2935	2836.7
2019/8/15	2848.6	2836.6	2870.6	2819.3
2019/8/16	2891.5	2851.3	2894	2850.3
2019/8/19	2923.7	2904.2	2931	2901.5
2019/8/20	2898.2	2921.8	2932	2898
2019/8/21	2929.2	2897.7	2929	2897.7
2019/8/22	2922.3	2933.3	2939	2905
2019/8/23	2855.6	2923.5	2936.5	2834.5
2019/8/26	2883.3	2820.7	2887.6	2811.3
2019/8/27	2865.4	2882	2898.5	2861
2019/8/28	2889.8	2872.6	2890.3	2853
2019/8/29	2926.7	2884.2	2930	2883.5
2019/8/30	2924.8	2922.4	2944.6	2914
2019/9/2	2924.8	2922.4	2944.6	2914
2019/9/3	2905.9	2911	2920.9	2890.3
2019/9/4	2938.5	2902.8	2938.8	2902.8
2019/9/5	2972	2938	2986	2937
2019/9/6	2980.8	2979	2985	2973
2019/9/9	2978.2	2984.7	2990.8	2970.5
2019/9/10	2978.5	2972.8	2979.5	2958
2019/9/11	3002	2985.7	3004	2976.5
2019/9/12	3011.8	3002.4	3019.3	3002
2019/9/13	3006.4	3015.5	3017.5	3005.5
2019/9/16	2999.1	2995	3002	2992
2019/9/17	3005.4	2994	3006	2994
2019/9/18	3006.3	3000.5	3008	2981
2019/9/19	3006	3013.5	3020.5	3003.5
2019/9/20	2989.5	3010.5	3018	2988.5
2019/9/23	2997.1	3003	3003.3	2984
2019/9/24	2970.2	3007.4	3012	2959
2019/9/25	2986.3	2971.3	2990.5	2955
2019/9/26	2980.5	2983	2991.1	2964.5
2019/9/27	2963.8	2973.3	2989.4	2947
2019/9/30	2978.5	2974	2985.5	2968.2
2019/10/1	2937.8	2991	2993.5	2937
2019/10/2	2880.6	2942	2946	2874.5
2019/10/3	2911.8	2888	2912.5	2856
2019/10/4	2951	2907.7	2952.5	2900.2
2019/10/7	2937.5	2929	2958	2929
2019/10/8	2892.6	2946.2	2946.2	2891
2019/10/9	2918.9	2893.5	2929.5	2891.4
2019/10/10	2941.1	2914.7	2953.7	2883.9
2019/10/11	2970.8	2948	2993	2945.4
2019/10/14	2965.5	2975.3	2982	2956.4
2019/10/15	2997.7	2969.8	3003	2969.8
2019/10/16	2991.4	2996.2	2997	2985
2019/10/17	2997.9	2992.9	3007.5	2992
2019/10/18	2988.2	2996.5	2998.5	2977
2019/10/21	3006.5	2985	3006.5	2985
2019/10/22	2994.5	3008.7	3014	2993
2019/10/23	3005.7	2985	3005.8	2985
2019/10/24	3004.2	3012	3015	2999.5
2019/10/25	3020.3	3004.9	3026	3002.5
2019/10/28	3024	3023.8	3024	3023.8
