	VIX Index			
	Last Price	High Price	Open Price	Low Price
Dates	PX_LAST	PX_HIGH	PX_OPEN	PX_LOW
2010/1/4	20.04	21.68	21.68	20.03
2010/1/5	19.35	20.13	20.05	19.34
2010/1/6	19.16	19.68	19.59	18.77
2010/1/7	19.06	19.71	19.68	18.7
2010/1/8	18.13	19.27	19.27	18.11
2010/1/11	17.55	17.74	16.93	16.86
2010/1/12	18.25	19.46	17.95	17.95
2010/1/13	17.85	18.72	17.94	17.56
2010/1/14	17.63	18.27	18.16	17.38
2010/1/15	17.91	19.02	17.63	17.63
2010/1/19	17.58	18.85	18.63	17.33
2010/1/20	18.68	19.69	18.51	18.44
2010/1/21	22.27	22.3	18.59	18.27
2010/1/22	27.31	28.01	22.27	22.27
2010/1/25	25.41	27.32	27.32	24.61
2010/1/26	24.55	26.22	26.03	22.77
2010/1/27	23.14	25.69	24.81	23.14
2010/1/28	23.73	25.3	22.79	22.69
2010/1/29	24.62	25.03	23.73	22.11
2010/2/1	22.59	24.33	24.33	22.58
2010/2/2	21.48	22.99	22.59	21.08
2010/2/3	21.6	22.11	22.11	21.33
2010/2/4	26.08	26.32	22.63	22.63
2010/2/5	26.11	29.22	25.69	25.37
2010/2/8	26.51	27.11	26.11	25.48
2010/2/9	26	26.56	26.51	24.78
2010/2/10	25.4	26.77	26.36	24.8
2010/2/11	23.96	26.11	25.82	23.87
2010/2/12	22.73	25.54	23.96	22.73
2010/2/16	22.25	23.57	23.51	22.13
2010/2/17	21.72	22.6	22.25	21.7
2010/2/18	20.63	22.21	21.72	20.6
2010/2/19	20.02	21.14	21.07	19.71
2010/2/22	19.94	21	20.16	19.59
2010/2/23	21.37	21.94	20.39	20.06
2010/2/24	20.27	21.58	21.23	20.22
2010/2/25	20.1	22.68	22.03	20.06
2010/2/26	19.5	20.53	19.88	19.32
2010/3/1	19.26	19.94	19.93	19.18
2010/3/2	19.06	19.36	18.83	18.6
2010/3/3	18.83	19.3	18.95	18.42
2010/3/4	18.72	19.27	18.86	18.58
2010/3/5	17.42	18.15	18.06	17.23
2010/3/8	17.79	17.96	17.95	17.56
2010/3/9	17.92	18.19	18.18	17.51
2010/3/10	18.57	18.6	18	17.43
2010/3/11	18.06	19.34	18.9	18.06
2010/3/12	17.58	18.53	17.97	17.58
2010/3/15	18	18.78	18.28	17.96
2010/3/16	17.69	18.01	17.78	17.42
2010/3/17	16.91	17.17	16.97	16.52
2010/3/18	16.62	16.99	16.96	16.31
2010/3/19	16.97	17.57	16.17	16.17
2010/3/22	16.87	18.34	18.3	16.77
2010/3/23	16.35	17.09	16.84	16.21
2010/3/24	17.55	17.92	16.85	16.83
2010/3/25	18.4	18.54	17.07	16.62
2010/3/26	17.77	18.69	18.27	17.35
2010/3/29	17.59	18.28	18.17	17.57
2010/3/30	17.13	18.08	17.64	17.13
2010/3/31	17.59	17.92	17.66	17.29
2010/4/1	17.47	18.09	17.01	16.79
2010/4/5	17.02	18.16	17.96	17.02
2010/4/6	16.23	17.54	17.39	16.08
2010/4/7	16.62	17.21	16.72	16.16
2010/4/8	16.48	17.8	17.21	16.3
2010/4/9	16.14	16.65	16.32	16.06
2010/4/12	15.58	16	15.67	15.23
2010/4/13	16.2	16.77	15.98	15.81
2010/4/14	15.59	16.2	15.8	15.55
2010/4/15	15.89	16.25	15.87	15.68
2010/4/16	18.36	19.7	16.19	16.11
2010/4/19	17.34	19.55	19.14	17.34
2010/4/20	15.73	16.89	16.84	15.73
2010/4/21	16.32	16.85	15.94	15.5
2010/4/22	16.47	18.19	17.48	16.2
2010/4/23	16.62	16.71	16.62	16.12
2010/4/26	17.47	17.53	17.52	17.07
2010/4/27	22.81	23.2	18.13	17.94
2010/4/28	21.08	23.03	22.08	20.86
2010/4/29	18.44	20.37	20.37	18.44
2010/4/30	22.05	22.39	18.75	18.41
2010/5/3	20.19	22.41	22.41	19.61
2010/5/4	23.84	25.7	22.46	22.46
2010/5/5	24.91	27.23	25.96	23.75
2010/5/6	32.8	40.71	25.88	24.43
2010/5/7	40.95	42.15	32.76	31.71
2010/5/10	28.84	30.6	28.65	25.68
2010/5/11	28.32	31.04	31.04	25.86
2010/5/12	25.52	26.67	26.56	24.98
2010/5/13	26.68	26.85	26.17	24.3
2010/5/14	31.24	33.24	28.4	28.4
2010/5/17	30.84	35.25	31.33	30.76
2010/5/18	33.55	34.17	28.67	28.09
2010/5/19	35.32	38.42	34.65	33.07
2010/5/20	45.79	46.37	41.79	40.3
2010/5/21	40.1	48.2	47.66	38.95
2010/5/24	38.32	41.74	41.74	35.57
2010/5/25	34.61	43.74	43.15	34.59
2010/5/26	35.02	35.02	32.54	29.39
2010/5/27	29.68	31.03	30.24	29.54
2010/5/28	32.07	33.3	30.23	29.53
2010/6/1	35.54	35.68	34.87	31.82
2010/6/2	30.17	34.57	34.39	29.94
2010/6/3	29.46	31.2	29.65	29.12
2010/6/4	35.48	36.12	32.93	31.81
2010/6/7	36.57	36.8	35.66	34.43
2010/6/8	33.7	37.38	36.53	33.36
2010/6/9	33.73	34.12	32.33	30.23
2010/6/10	30.57	31.77	31	29.69
2010/6/11	28.79	31.79	31.79	28.6
2010/6/14	28.58	28.72	27.94	26.98
2010/6/15	25.87	27.84	27.68	25.68
2010/6/16	25.92	26.72	26.72	25.34
2010/6/17	25.05	26.64	25.59	25.05
2010/6/18	23.95	24.88	24.87	23.3
2010/6/21	24.88	25.64	22.9	22.87
2010/6/22	27.05	27.05	25.14	24.41
2010/6/23	26.91	28.55	26.93	26.54
2010/6/24	29.74	30.27	27.61	27.53
2010/6/25	28.53	30.41	29.64	28.07
2010/6/28	29	29.9	29.2	28.47
2010/6/29	34.13	35.39	31.22	31.22
2010/6/30	34.54	34.63	33.95	31.74
2010/7/1	32.86	37.58	34.41	32.72
2010/7/2	30.12	31.88	31.71	29.35
2010/7/6	29.65	31.15	28.82	27.96
2010/7/7	26.84	29.56	29.56	26.84
2010/7/8	25.71	27.42	26.5	25.71
2010/7/9	24.98	25.67	25.35	24.77
2010/7/12	24.43	25.14	24.66	23.53
2010/7/13	24.56	24.57	23.29	23.12
2010/7/14	24.89	25.8	24.61	24.18
2010/7/15	25.14	27.24	25.08	24.74
2010/7/16	26.25	28.16	25.77	25.71
2010/7/19	25.97	27.3	27.02	25.12
2010/7/20	23.93	27.4	27.35	23.79
2010/7/21	25.64	26.63	23.61	23.59
2010/7/22	24.63	24.85	24.37	23.72
2010/7/23	23.47	25.17	24.79	23.32
2010/7/26	22.73	24.61	24.37	22.7
2010/7/27	23.19	23.57	21.89	21.86
2010/7/28	24.25	24.54	23.93	23.14
2010/7/29	24.13	25.54	23.4	23.04
2010/7/30	23.5	26.34	25.47	23.35
2010/8/2	22.01	23.24	23.07	21.74
2010/8/3	22.63	23.06	22.44	21.98
2010/8/4	22.21	23.08	22.69	22.16
2010/8/5	22.1	23.13	23.04	22.07
2010/8/6	21.74	23.89	23.34	21.72
2010/8/9	22.14	22.81	21.85	21.85
2010/8/10	22.37	24.11	23.3	22.17
2010/8/11	25.39	26.1	24.96	24.96
2010/8/12	25.73	27.21	27.21	25.18
2010/8/13	26.24	26.26	26.08	25.45
2010/8/16	26.1	28.1	27.41	25.38
2010/8/17	24.33	24.89	24.72	23.71
2010/8/18	24.59	25.23	24.3	23.4
2010/8/19	26.44	26.78	24.48	24.26
2010/8/20	25.49	27	26.73	25.49
2010/8/23	25.66	25.97	25.97	24.62
2010/8/24	27.46	28.77	27.91	26.32
2010/8/25	26.7	28.92	28.3	26.46
2010/8/26	27.37	27.55	26.45	25.86
2010/8/27	24.45	28.11	26.5	24.41
2010/8/30	27.21	27.21	25.88	25.41
2010/8/31	26.05	27.83	27.58	25.93
2010/9/1	23.89	25.13	25.13	23.86
2010/9/2	23.19	24.31	24.23	23.15
2010/9/3	21.31	22.78	21.99	21.24
2010/9/7	23.8	23.94	22.77	22.77
2010/9/8	23.25	23.56	23.51	22.92
2010/9/9	22.81	23.24	22.22	22.14
2010/9/10	21.99	22.87	22.64	21.76
2010/9/13	21.21	22.05	21.06	20.93
2010/9/14	21.56	21.97	21.69	20.85
2010/9/15	22.1	22.8	22.55	22.1
2010/9/16	21.72	22.83	22.65	21.71
2010/9/17	22.01	22.56	21.65	21.63
2010/9/20	21.5	22.58	22.47	21.25
2010/9/21	22.35	22.59	21.54	21.42
2010/9/22	22.51	23.19	22.56	21.91
2010/9/23	23.87	24.06	23.91	22.56
2010/9/24	21.71	22.61	22.61	21.71
2010/9/27	22.54	22.75	22.58	21.97
2010/9/28	22.6	24.28	22.92	22.4
2010/9/29	23.25	23.45	23.14	22.72
2010/9/30	23.7	24.52	22.85	22.39
2010/10/1	22.5	23.67	22.9	22.46
2010/10/4	23.53	24.34	23.63	23.3
2010/10/5	21.76	23.08	22.52	21.71
2010/10/6	21.49	22.13	21.82	21.46
2010/10/7	21.56	22.16	21.31	21.28
2010/10/8	20.71	21.64	21.58	20.29
2010/10/11	18.96	19.51	19.33	18.8
2010/10/12	18.93	20.1	20	18.55
2010/10/13	19.07	19.16	17.92	17.9
2010/10/14	19.88	21.02	19.59	19.4
2010/10/15	19.03	21.59	20.2	19.02
2010/10/18	19.09	20.71	20.43	18.88
2010/10/19	20.63	21.35	20.7	19.33
2010/10/20	19.79	21.2	21.2	19.67
2010/10/21	19.27	20.53	19.7	18.93
2010/10/22	18.78	19.36	19.36	18.76
2010/10/25	19.85	19.88	19.22	18.86
2010/10/26	20.22	21.01	20.52	20.22
2010/10/27	20.71	22.37	21.11	20.69
2010/10/28	20.88	21.41	20.28	20.18
2010/10/29	21.2	21.4	21.2	20.86
2010/11/1	21.83	22.54	21.65	20.92
2010/11/2	21.57	21.82	21.34	21.22
2010/11/3	19.56	22.02	21.66	19.54
2010/11/4	18.52	18.8	18.03	17.97
2010/11/5	18.26	18.44	18.07	17.92
2010/11/8	18.29	19.35	19.33	18.21
2010/11/9	19.08	19.39	18.51	17.83
2010/11/10	18.47	19.96	18.94	18.41
2010/11/11	18.64	19.75	19.44	18.48
2010/11/12	20.61	21.23	19.59	19.29
2010/11/15	20.2	20.37	20.33	19.14
2010/11/16	22.58	23.07	21.26	20.95
2010/11/17	21.76	22.21	22.19	21.22
2010/11/18	18.75	20.31	20.31	18.75
2010/11/19	18.04	19.72	19.15	17.76
2010/11/22	18.37	20.14	19.45	18.35
2010/11/23	20.63	21.45	20.25	20.24
2010/11/24	19.56	19.61	19.42	18.73
2010/11/26	22.22	22.22	21.17	20.28
2010/11/29	21.53	23.84	23.15	21.38
2010/11/30	23.54	23.79	23.27	22.42
2010/12/1	21.36	21.43	21.19	20.4
2010/12/2	19.39	21.13	21.13	19.1
2010/12/3	18.01	19.28	19.26	17.71
2010/12/6	18.02	18.85	18.8	17.95
2010/12/7	17.99	18.15	17.13	17.13
2010/12/8	17.74	18.32	17.97	17.69
2010/12/9	17.25	17.84	17.32	17.24
2010/12/10	17.61	17.63	17.06	17.06
2010/12/13	17.55	17.67	16.82	16.68
2010/12/14	17.61	17.95	17.6	17.22
2010/12/15	17.94	18.14	17.99	17.37
2010/12/16	17.39	18.27	18.03	17.22
2010/12/17	16.11	17.64	17.62	15.54
2010/12/20	16.41	16.86	16.22	15.78
2010/12/21	16.49	16.62	16.2	16.08
2010/12/22	15.45	16.56	16.52	15.45
2010/12/23	16.47	16.86	15.44	15.4
2010/12/27	17.67	18.32	18.26	17.66
2010/12/28	17.52	17.99	17.3	17.3
2010/12/29	17.28	17.49	17.49	17.02
2010/12/30	17.52	17.89	17.65	17.46
2010/12/31	17.75	18.13	17.91	17.75
2011/1/3	17.61	17.95	17.94	17.29
2011/1/4	17.38	18.24	17.34	17.33
2011/1/5	17.02	17.95	17.81	16.86
2011/1/6	17.4	17.56	16.8	16.79
2011/1/7	17.14	18.07	17.31	16.57
2011/1/10	17.54	18.63	18.35	17.54
2011/1/11	16.89	17.35	16.61	16.6
2011/1/12	16.24	16.5	16.26	16.17
2011/1/13	16.39	16.78	16.51	16.14
2011/1/14	15.46	16.71	16.67	15.37
2011/1/18	15.87	16.2	16.19	15.71
2011/1/19	17.31	17.67	15.89	15.86
2011/1/20	17.99	18.85	17.81	17.65
2011/1/21	18.47	18.61	17.03	16.6
2011/1/24	17.65	18.93	18.78	17.56
2011/1/25	17.59	18.55	18.22	17.59
2011/1/26	16.64	17.42	17	16.59
2011/1/27	16.15	16.89	16.84	16.13
2011/1/28	20.04	20.08	15.94	15.92
2011/1/31	19.53	19.96	19.61	18.93
2011/2/1	17.63	18.63	18.59	17.4
2011/2/2	17.3	17.84	17.82	17.28
2011/2/3	16.69	17.8	17.53	16.61
2011/2/4	15.93	16.74	16.64	15.89
2011/2/7	16.28	16.54	16.14	15.9
2011/2/8	15.81	16.6	16.29	15.81
2011/2/9	15.87	16.52	16.27	15.86
2011/2/10	16.09	17.07	16.74	16
2011/2/11	15.69	16.53	16.53	15.55
2011/2/14	15.95	16.26	16.07	15.22
2011/2/15	16.37	16.75	16.3	16.27
2011/2/16	16.72	16.74	16.31	15.84
2011/2/17	16.59	17.3	17.01	15.88
2011/2/18	16.43	16.91	16.59	16.05
2011/2/22	20.8	21.45	19.46	18.38
2011/2/23	22.13	23.22	20.84	20.3
2011/2/24	21.32	22.71	22.28	20.81
2011/2/25	19.22	20.44	20.41	18.88
2011/2/28	18.35	19.27	19.12	18.14
2011/3/1	21.01	21.01	17.63	17.63
2011/3/2	20.7	21.14	20.73	19.62
2011/3/3	18.6	19.27	19.27	18.25
2011/3/4	19.06	20.33	18.56	18.31
2011/3/7	20.66	21.77	19.37	18.95
2011/3/8	19.82	21.06	20.58	19.15
2011/3/9	20.22	20.96	20.05	19.41
2011/3/10	21.88	22.25	21.37	20.34
2011/3/11	20.08	21.75	21.72	19.97
2011/3/14	21.13	22.74	21.79	20.92
2011/3/15	24.32	25.72	25.66	23.31
2011/3/16	29.4	31.28	24.65	24.04
2011/3/17	26.37	27.54	26.94	25.44
2011/3/18	24.44	24.85	23.9	23.09
2011/3/21	20.61	22.16	22.1	20.48
2011/3/22	20.21	20.59	20.53	19.97
2011/3/23	19.17	21.05	20.59	18.19
2011/3/24	18	18.99	18.45	17.87
2011/3/25	17.91	18.08	17.87	17.07
2011/3/28	19.44	19.44	18.31	17.96
2011/3/29	18.16	19.78	19.17	18.15
2011/3/30	17.71	17.89	17.82	17.37
2011/3/31	17.74	17.95	17.9	17.41
2011/4/1	17.4	17.62	16.68	16.44
2011/4/4	17.5	17.85	17.63	17.39
2011/4/5	17.25	17.87	17.87	16.5
2011/4/6	16.9	17.15	16.75	16.5
2011/4/7	17.11	17.77	16.92	16.49
2011/4/8	17.87	18.33	16.51	16.51
2011/4/11	16.59	17.05	16.74	16.22
2011/4/12	17.09	18.46	17.58	16.88
2011/4/13	16.92	17.38	16.33	16.2
2011/4/14	16.27	18.08	17.77	16.08
2011/4/15	15.32	15.98	15.97	14.92
2011/4/18	16.96	19.07	18.3	16.81
2011/4/19	15.83	16.72	16.62	15.69
2011/4/20	15.07	15.39	14.31	14.3
2011/4/21	14.69	15.23	14.71	14.4
2011/4/25	15.77	16.06	15.64	15.5
2011/4/26	15.62	15.66	15.36	15.07
2011/4/27	15.35	16.42	15.37	15.13
2011/4/28	14.62	15.54	15.54	14.27
2011/4/29	14.75	14.99	14.56	14.49
2011/5/2	15.99	16.13	15.07	15.07
2011/5/3	16.7	17.29	16.35	16.13
2011/5/4	17.08	17.72	16.84	16.83
2011/5/5	18.2	19.11	17.68	16.74
2011/5/6	18.4	19.29	17.17	16.12
2011/5/9	17.16	18.59	18.59	17.04
2011/5/10	15.91	16.9	16.84	15.79
2011/5/11	16.95	17.49	16.27	16.23
2011/5/12	16.03	17.89	17.27	16.03
2011/5/13	17.07	17.56	16.02	15.98
2011/5/16	18.24	18.25	17.86	16.61
2011/5/17	17.55	19.09	18.54	17.47
2011/5/18	16.23	17.68	17.56	16.03
2011/5/19	15.52	16.56	15.9	15.5
2011/5/20	17.43	17.43	15.88	15.7
2011/5/23	18.27	20.03	20.03	17.47
2011/5/24	17.82	18.19	18.07	17
2011/5/25	17.07	18.26	18.26	16.7
2011/5/26	16.09	17.46	17.17	15.9
2011/5/27	15.98	16.27	16.11	15.36
2011/5/31	15.45	16.5	15.85	15.15
2011/6/1	18.3	18.48	15.95	15.95
2011/6/2	18.09	18.72	17.92	17.39
2011/6/3	17.95	19.87	18.23	17.12
2011/6/6	18.49	18.65	18.42	17.65
2011/6/7	18.07	18.48	18.13	17.39
2011/6/8	18.79	18.83	18.15	17.72
2011/6/9	17.77	18.31	18.2	17.26
2011/6/10	18.86	19.16	17.93	17.93
2011/6/13	19.61	20.02	19.1	18.41
2011/6/14	18.26	18.56	18.56	17.8
2011/6/15	21.32	21.66	19.31	19.03
2011/6/16	22.73	24.65	21.37	20.81
2011/6/17	21.85	22.39	21.56	21.01
2011/6/20	19.99	23.08	22.99	19.99
2011/6/21	18.86	19.46	19.46	17.72
2011/6/22	18.52	18.9	18.86	17.72
2011/6/23	19.29	21.5	20.23	19.22
2011/6/24	21.1	21.28	19.2	19.1
2011/6/27	20.56	21.82	21.6	20.27
2011/6/28	19.17	20.45	20.3	19.17
2011/6/29	17.27	18.83	18.62	16.32
2011/6/30	16.52	16.77	16.67	15.88
2011/7/1	15.87	16.29	16.06	15.12
2011/7/5	16.06	16.5	16.32	15.89
2011/7/6	16.34	17.08	16.46	16.32
2011/7/7	15.95	16.13	15.3	15.3
2011/7/8	15.95	17.14	17.14	15.95
2011/7/11	18.39	19.06	17.44	17.16
2011/7/12	19.87	20.13	19.55	18.25
2011/7/13	19.91	20.16	19.08	18.09
2011/7/14	20.8	21.58	20.08	19.35
2011/7/15	19.53	21.68	20.25	19.52
2011/7/18	20.95	21.93	21.25	20.9
2011/7/19	19.21	20.43	20.14	19.12
2011/7/20	19.09	19.65	18.81	18.61
2011/7/21	17.56	18.63	18.61	17.15
2011/7/22	17.52	17.95	17.22	17.14
2011/7/25	19.35	19.5	19.26	18.73
2011/7/26	20.23	20.5	19.75	19.56
2011/7/27	22.98	23.2	20.87	20.87
2011/7/28	23.74	23.99	22.83	21.2
2011/7/29	25.25	25.94	25.28	23.65
2011/8/1	23.66	25.63	22.63	22.46
2011/8/2	24.79	24.79	24.22	22.65
2011/8/3	23.38	25.23	23.58	22.76
2011/8/4	31.66	32.07	24.57	24.31
2011/8/5	32	39.25	28.48	27.54
2011/8/8	48	48	36.9	35.29
2011/8/9	35.06	47.56	42.12	34.28
2011/8/10	42.99	44.41	39.33	37.34
2011/8/11	39	42.88	41.94	37.5
2011/8/12	36.36	37.85	37.08	34.01
2011/8/15	31.87	34.83	34.73	31.47
2011/8/16	32.85	34.49	33.36	31.68
2011/8/17	31.58	33.32	32.09	30.81
2011/8/18	42.67	45.28	36.77	36.69
2011/8/19	43.05	45.4	45.34	39.99
2011/8/22	42.44	43.58	38.8	38.78
2011/8/23	36.27	42.54	41.89	35.83
2011/8/24	35.9	37.38	37.12	34.55
2011/8/25	39.76	40.14	34.43	34.05
2011/8/26	35.59	43.84	41.18	34.33
2011/8/29	32.28	33.81	33.81	32.21
2011/8/30	32.89	33.55	32.97	31.55
2011/8/31	31.62	32.53	31.2	30.16
2011/9/1	31.82	32.38	31.91	30.76
2011/9/2	33.92	34.74	34.29	32.7
2011/9/6	37	39.86	39.84	37
2011/9/7	33.38	34.7	34.24	33.38
2011/9/8	34.32	34.71	34.41	32.79
2011/9/9	38.52	40.74	35.53	35.53
2011/9/12	38.59	43.18	42.56	38.58
2011/9/13	36.91	39.43	38.68	36.69
2011/9/14	34.6	37.76	36.59	33.4
2011/9/15	31.97	33.98	33.43	31.75
2011/9/16	30.98	32.48	31.81	30.43
2011/9/19	32.73	35.33	34.8	32.35
2011/9/20	32.86	33.14	32.42	31.45
2011/9/21	37.32	37.32	33	32.45
2011/9/22	41.35	43.87	41	39.33
2011/9/23	41.25	42.82	42.17	40.42
2011/9/26	39.02	43.34	40.99	39.02
2011/9/27	37.71	38.57	36.59	35.32
2011/9/28	41.08	41.24	37.7	36.65
2011/9/29	38.84	42	38.62	38.03
2011/9/30	42.96	42.99	40.93	39.88
2011/10/3	45.45	45.55	44.25	41.51
2011/10/4	40.82	46.88	46.18	40.02
2011/10/5	37.81	41.2	40.73	37.51
2011/10/6	36.27	38.74	38.24	36.15
2011/10/7	36.2	37.82	35.67	35.19
2011/10/10	33.02	35.45	35.45	32.96
2011/10/11	32.86	34.24	33.95	32.62
2011/10/12	31.26	31.93	31.57	29.79
2011/10/13	30.7	32.76	31.99	30.48
2011/10/14	28.24	29.96	29.07	28.08
2011/10/17	33.39	33.39	30.35	30.12
2011/10/18	31.56	34.71	33.37	29.69
2011/10/19	34.44	35.47	32.92	31.91
2011/10/20	34.78	36.87	34.44	34.16
2011/10/21	31.32	32.98	32.76	31.32
2011/10/24	29.26	31.7	31.67	28.84
2011/10/25	32.22	32.46	30.68	30.32
2011/10/26	29.86	33.3	30.44	29.63
2011/10/27	25.46	26.46	24.72	24.7
2011/10/28	24.53	26.02	26.02	24.44
2011/10/31	29.96	29.97	27.09	27.01
2011/11/1	34.77	37.53	36.03	33.87
2011/11/2	32.74	34.27	33.53	32.55
2011/11/3	30.5	34.65	31.38	30.21
2011/11/4	30.16	32.56	31.46	30.14
2011/11/7	29.85	32.15	31.4	29.85
2011/11/8	27.48	30.49	29.34	27.47
2011/11/9	36.16	36.43	31.32	30.98
2011/11/10	32.81	35.5	33.09	32.12
2011/11/11	30.04	30.42	29.91	29.45
2011/11/14	31.13	32.85	31.42	31.13
2011/11/15	31.22	32.55	31.74	30.4
2011/11/16	33.51	33.51	32.66	30.54
2011/11/17	34.51	36.46	33.15	32.89
2011/11/18	32	33.99	33.16	31.92
2011/11/21	32.91	35.29	34.59	32.53
2011/11/22	31.97	33.39	33.12	31.28
2011/11/23	33.98	34.57	32.91	32.68
2011/11/25	34.47	34.77	34.61	33.12
2011/11/28	32.13	33.11	31.93	31.57
2011/11/29	30.64	32.02	31.76	30.56
2011/11/30	27.8	28.33	27.72	27.51
2011/12/1	27.41	27.89	27.63	26.64
2011/12/2	27.52	27.62	26.26	25.29
2011/12/5	27.84	28.31	26.74	26.52
2011/12/6	28.13	28.13	27.91	27.41
2011/12/7	28.67	29.58	28.61	28.44
2011/12/8	30.59	30.91	29.63	29.47
2011/12/9	26.38	29.61	29.61	26.29
2011/12/12	25.67	27.73	26.78	25.64
2011/12/13	25.41	26.28	24.72	23.27
2011/12/14	26.04	27.55	26.16	25.76
2011/12/15	25.11	25.28	24.38	24.14
2011/12/16	24.29	25.02	24.16	23.51
2011/12/19	24.92	25.38	25.14	24.38
2011/12/20	23.22	23.58	23.56	22.54
2011/12/21	21.43	22.88	22.52	21.12
2011/12/22	21.16	21.33	21.08	20.34
2011/12/23	20.73	21.21	21.1	20.72
2011/12/27	21.91	22.66	22.58	21.82
2011/12/28	23.52	23.56	22.12	22.11
2011/12/29	22.65	23.52	23.52	22.65
2011/12/30	23.4	23.46	22.86	22.79
2012/1/3	22.97	23.1	22.95	22.54
2012/1/4	22.22	23.73	23.44	22.22
2012/1/5	21.48	23.09	22.75	21.34
2012/1/6	20.63	21.72	21.24	20.58
2012/1/9	21.07	21.78	21.67	21
2012/1/10	20.69	20.69	20.14	20.05
2012/1/11	21.05	21.22	21.18	20.98
2012/1/12	20.47	22.03	21.01	20.46
2012/1/13	20.91	22.43	21.41	20.91
2012/1/17	22.2	22.25	20.9	20.69
2012/1/18	20.89	23.44	23.2	20.78
2012/1/19	19.87	20.87	20.49	19.45
2012/1/20	18.28	19.94	19.91	18.16
2012/1/23	18.67	19.31	19.22	18.55
2012/1/24	18.91	20	19.76	18.91
2012/1/25	18.31	19.55	19.35	18.02
2012/1/26	18.57	19.17	17.96	17.9
2012/1/27	18.53	19.16	19.16	18.26
2012/1/30	19.4	20.33	20.33	19.38
2012/1/31	19.44	19.84	19.07	18.99
2012/2/1	18.55	18.82	18.68	18.09
2012/2/2	17.98	18.5	18.38	17.98
2012/2/3	17.1	17.32	16.84	16.81
2012/2/6	17.76	18.02	17.98	17.75
2012/2/7	17.65	18.1	17.93	17.5
2012/2/8	18.16	18.46	17.79	17.53
2012/2/9	18.63	18.72	18.12	18.07
2012/2/10	20.79	21.98	20.1	20.03
2012/2/13	19.04	19.68	19.64	18.99
2012/2/14	19.54	20.76	19.45	19.22
2012/2/15	21.14	21.77	19.74	19.44
2012/2/16	19.22	21.76	21.59	19.22
2012/2/17	17.78	18.79	18.73	17.78
2012/2/21	18.19	18.94	18.41	17.65
2012/2/22	18.19	18.94	18.85	17.92
2012/2/23	16.8	18.97	18.73	16.64
2012/2/24	17.31	17.62	16.68	16.42
2012/2/27	18.19	19.25	19.1	17.58
2012/2/28	17.96	18.67	18.67	17.88
2012/2/29	18.43	18.75	17.8	17.53
2012/3/1	17.26	18.03	18.02	17.26
2012/3/2	17.29	17.65	17.65	17.14
2012/3/5	18.05	18.9	18.27	18.02
2012/3/6	20.87	21.24	20.57	20.3
2012/3/7	19.07	20.44	20.43	19.07
2012/3/8	17.95	18.46	18.08	17.76
2012/3/9	17.11	17.54	17.16	16.63
2012/3/12	15.64	16.67	15.79	15.23
2012/3/13	14.8	16.08	14	13.99
2012/3/14	15.31	16.19	14.42	14.39
2012/3/15	15.42	15.64	15.32	14.94
2012/3/16	14.47	15.24	14.43	13.66
2012/3/19	15.04	15.43	15.42	14.56
2012/3/20	15.58	15.95	15.82	15.11
2012/3/21	15.13	15.31	14.72	14.19
2012/3/22	15.57	16.58	16.04	15.56
2012/3/23	14.82	16.39	15.65	14.69
2012/3/26	14.26	15.03	14.51	14.26
2012/3/27	15.59	15.59	14.52	14.14
2012/3/28	15.47	17.27	15.58	15.4
2012/3/29	15.48	17.2	16.84	15.39
2012/3/30	15.5	15.98	14.88	14.67
2012/4/2	15.64	16.58	16.35	15.02
2012/4/3	15.66	16.65	15.61	15.56
2012/4/4	16.44	17.74	17.07	16.31
2012/4/5	16.7	17.13	17.02	16.29
2012/4/9	18.81	18.94	18.94	17.93
2012/4/10	20.39	21.06	19.1	18.62
2012/4/11	20.02	20.12	19.22	18.73
2012/4/12	17.2	19.74	19.63	17.2
2012/4/13	19.55	19.62	17.95	17.85
2012/4/16	19.55	20.42	18.87	18.6
2012/4/17	18.46	18.66	18.66	17.58
2012/4/18	18.64	19.17	19.02	18.19
2012/4/19	18.36	19.69	18.51	17.69
2012/4/20	17.44	18.05	17.92	16.97
2012/4/23	18.97	20.27	20.22	18.95
2012/4/24	18.1	19.22	19.22	18.09
2012/4/25	16.82	17.38	17.05	16.82
2012/4/26	16.24	17.04	16.97	15.75
2012/4/27	16.32	16.47	15.83	15.83
2012/4/30	17.15	17.41	17.04	16.92
2012/5/1	16.6	17.49	17.27	16.12
2012/5/2	16.88	17.63	17.25	16.78
2012/5/3	17.56	17.92	16.9	16.73
2012/5/4	19.16	19.28	18.03	17.81
2012/5/7	18.94	19.87	19.8	18.41
2012/5/8	19.05	20.91	19.44	17.95
2012/5/9	20.08	21.59	20.65	19.38
2012/5/10	18.83	19.88	19.25	18.77
2012/5/11	19.89	19.94	19.93	18.62
2012/5/14	21.87	21.87	21.47	20.94
2012/5/15	21.97	22.7	21.43	20.76
2012/5/16	22.27	22.69	21.54	20.83
2012/5/17	24.49	24.51	21.99	21.87
2012/5/18	25.1	25.14	23.27	23.07
2012/5/21	22.01	24.88	24.88	22.01
2012/5/22	22.48	23.19	21.76	20.25
2012/5/23	22.33	24.62	23.32	21.99
2012/5/24	21.54	23.22	22	21.48
2012/5/25	21.76	22.29	22.05	21.46
2012/5/29	21.03	22.47	21.7	20.99
2012/5/30	24.14	24.14	22.68	22.66
2012/5/31	24.06	25.46	23.83	22.78
2012/6/1	26.66	26.71	25.87	24.94
2012/6/4	26.12	27.73	26.35	25.72
2012/6/5	24.68	25.9	25.9	24.5
2012/6/6	22.16	23.89	23.76	22.06
2012/6/7	21.72	22.48	21	20.74
2012/6/8	21.23	22.64	22.54	21.23
2012/6/11	23.56	23.56	19.87	19.87
2012/6/12	22.09	23.9	23.15	22.09
2012/6/13	24.27	24.93	22.93	22.66
2012/6/14	21.68	24.81	24.19	21.55
2012/6/15	21.11	23.09	22.47	20.71
2012/6/18	18.32	21.98	21.76	18.24
2012/6/19	18.38	18.42	17.66	17.44
2012/6/20	17.24	20.05	17.96	17.09
2012/6/21	20.08	20.48	16.89	16.77
2012/6/22	18.11	19.37	18.65	17.9
2012/6/25	20.38	21.36	20.47	19.89
2012/6/26	19.72	20.57	20.01	19.42
2012/6/27	19.45	20.12	19.55	19.38
2012/6/28	19.71	21.19	20.33	19.6
2012/6/29	17.08	18.31	17.52	16.87
2012/7/2	16.8	18.19	17.62	16.74
2012/7/3	16.66	16.92	16.67	16.27
2012/7/5	17.5	18.22	17.61	17.18
2012/7/6	17.1	18.25	18.2	16.95
2012/7/9	17.98	18.32	18.17	17.73
2012/7/10	18.72	19.19	17.51	17.29
2012/7/11	17.95	19.17	17.98	17.84
2012/7/12	18.33	19.51	18.82	17.75
2012/7/13	16.74	17.82	17.78	16.36
2012/7/16	17.11	17.32	17.31	16.46
2012/7/17	16.48	17.46	16.72	16.09
2012/7/18	16.16	16.81	16.81	15.69
2012/7/19	15.45	16.7	16.06	15.45
2012/7/20	16.27	17.05	16.65	15.97
2012/7/23	18.62	20.49	20.41	18.34
2012/7/24	20.47	21	18.38	18.37
2012/7/25	19.34	20.67	19.79	18.99
2012/7/26	17.53	18.47	17.68	17.07
2012/7/27	16.7	17.3	17.11	16.52
2012/7/30	18.03	18.08	17.55	17.23
2012/7/31	18.93	18.94	18.4	18.26
2012/8/1	18.96	19.18	18.8	18.2
2012/8/2	17.57	19.25	19.05	17.56
2012/8/3	15.64	16.45	16.05	15.64
2012/8/6	15.95	16.27	15.85	15.82
2012/8/7	15.99	16.03	15.55	15.48
2012/8/8	15.32	16.47	16.46	15.27
2012/8/9	15.28	15.67	15.39	15.28
2012/8/10	14.74	15.5	15.34	14.73
2012/8/13	13.7	14.67	14.09	13.67
2012/8/14	14.85	15.06	13.91	13.91
2012/8/15	14.63	14.98	14.82	14.36
2012/8/16	14.29	15.15	14.88	14.28
2012/8/17	13.45	14.3	14.23	13.32
2012/8/20	14.02	14.78	14.11	13.99
2012/8/21	15.02	15.44	14.1	14.04
2012/8/22	15.11	15.52	15.32	14.75
2012/8/23	15.96	16.45	15	15
2012/8/24	15.18	16	15.99	15.18
2012/8/27	16.35	16.38	16.15	15.75
2012/8/28	16.49	16.92	16.32	16.01
2012/8/29	17.06	17.06	16.61	16.5
2012/8/30	17.83	18.05	17.48	17.44
2012/8/31	17.47	18.04	17.25	16.92
2012/9/4	17.98	18.96	18.65	17.85
2012/9/5	17.74	17.84	17.38	16.99
2012/9/6	15.6	17.3	17.3	15.6
2012/9/7	14.38	15.6	15.6	14.33
2012/9/10	16.28	16.28	14.27	13.97
2012/9/11	16.41	16.41	16.11	15.78
2012/9/12	15.8	16.31	15.59	15.59
2012/9/13	14.05	15.99	15.6	13.91
2012/9/14	14.51	14.71	13.82	13.51
2012/9/17	14.59	14.92	14.67	14.5
2012/9/18	14.18	14.88	14.51	14.17
2012/9/19	13.88	14.08	13.95	13.61
2012/9/20	14.07	14.67	14.63	14.07
2012/9/21	13.98	14.18	13.94	13.69
2012/9/24	14.15	15.06	15.06	13.87
2012/9/25	15.43	15.72	14.19	14.03
2012/9/26	16.81	17.08	15.83	15.83
2012/9/27	14.84	16.5	16.38	14.83
2012/9/28	15.73	15.77	15.23	14.95
2012/10/1	16.32	16.53	16.03	15.13
2012/10/2	15.71	16.5	15.85	15.7
2012/10/3	15.43	16.02	15.63	15.13
2012/10/4	14.55	15.33	15.23	14.53
2012/10/5	14.33	14.78	13.68	13.67
2012/10/8	15.11	15.46	15.19	15.04
2012/10/9	16.37	16.4	15.28	15.18
2012/10/10	16.29	16.79	16.52	16.13
2012/10/11	15.59	15.8	15.33	15.31
2012/10/12	16.14	16.18	15.41	14.96
2012/10/15	15.27	16.21	16.05	15.23
2012/10/16	15.22	15.23	14.84	14.5
2012/10/17	15.07	15.63	15.43	14.9
2012/10/18	15.03	15.5	15.25	14.68
2012/10/19	17.06	17.6	14.91	14.9
2012/10/22	16.62	17.98	17.44	16.62
2012/10/23	18.83	19.65	18.23	18.17
2012/10/24	18.33	18.67	18.22	17.93
2012/10/25	18.12	18.64	17.56	17.3
2012/10/26	17.81	18.64	18.03	17.52
2012/10/31	18.6	18.84	17.68	17.56
2012/11/1	16.69	17.79	17.77	16.45
2012/11/2	17.59	17.6	16.06	16.05
2012/11/5	18.42	18.7	18.33	18.13
2012/11/6	17.58	18.17	18.16	17.19
2012/11/7	19.08	19.4	17.72	17.62
2012/11/8	18.49	18.69	18.69	17.96
2012/11/9	18.61	18.81	18.8	17.67
2012/11/12	16.68	18.15	18.15	16.45
2012/11/13	16.65	17.38	17.36	16.12
2012/11/14	17.92	18.05	16.32	15.93
2012/11/15	17.99	18.64	17.74	17.62
2012/11/16	16.41	18.5	17.65	16.41
2012/11/19	15.24	15.98	15.88	15.1
2012/11/20	15.08	15.65	15.11	15.06
2012/11/21	15.31	15.43	14.96	14.77
2012/11/23	15.14	15.26	15	15
2012/11/26	15.5	15.84	15.63	15.47
2012/11/27	15.92	15.93	15.3	15.01
2012/11/28	15.51	16.98	16.43	15.47
2012/11/29	15.06	15.51	15.21	15.02
2012/11/30	15.87	16.17	15.26	14.89
2012/12/3	16.64	16.69	15.81	15.76
2012/12/4	17.12	17.37	16.66	16.38
2012/12/5	16.46	17.53	16.95	16.27
2012/12/6	16.58	16.85	16.59	16.31
2012/12/7	15.9	16.65	16.12	15.73
2012/12/10	16.05	16.47	16.47	15.96
2012/12/11	15.57	16.01	15.94	15.42
2012/12/12	15.95	16.09	15.6	15.41
2012/12/13	16.56	16.67	15.87	15.71
2012/12/14	17	17.15	16.68	16.61
2012/12/17	16.34	17.2	17.2	16.21
2012/12/18	15.57	16.43	16.39	15.46
2012/12/19	17.36	17.46	16.05	16.04
2012/12/20	17.67	17.96	17.26	17.11
2012/12/21	17.84	19.93	19.85	17.76
2012/12/24	17.84	18.66	18.46	18.42
2012/12/26	19.48	19.63	18.71	18.61
2012/12/27	19.47	20.9	19.39	19.11
2012/12/28	22.72	22.72	20.32	19.94
2012/12/31	18.02	22.19	22.14	17.88
2013/1/2	14.68	15.93	15.24	14.6
2013/1/3	14.56	14.92	14.77	14.24
2013/1/4	13.83	14.31	14.23	13.64
2013/1/7	13.79	14.53	14.53	13.71
2013/1/8	13.62	14.29	13.88	13.62
2013/1/9	13.81	13.93	13.32	13.22
2013/1/10	13.49	13.88	13.33	13.33
2013/1/11	13.36	13.79	13.55	13.36
2013/1/14	13.52	13.85	13.66	13.41
2013/1/15	13.55	13.99	13.97	13.33
2013/1/16	13.42	13.76	13.7	13.2
2013/1/17	13.57	13.7	13.45	13.16
2013/1/18	12.46	13.53	13.52	12.29
2013/1/22	12.43	13.32	13.28	12.43
2013/1/23	12.46	12.67	12.67	12.3
2013/1/24	12.69	13.5	12.73	12.4
2013/1/25	12.89	12.99	12.63	12.5
2013/1/28	13.57	13.91	13.29	13.29
2013/1/29	13.31	13.88	13.87	13.04
2013/1/30	14.32	14.33	13.64	13.6
2013/1/31	14.28	14.43	14.43	14.04
2013/2/1	12.9	13.38	13.37	12.72
2013/2/4	14.67	14.75	14	13.8
2013/2/5	13.72	14.21	14.21	13.39
2013/2/6	13.41	14.08	14.06	13.34
2013/2/7	13.5	14.41	13.47	13.43
2013/2/8	13.02	13.2	13.2	12.89
2013/2/11	12.94	13.42	13.37	12.91
2013/2/12	12.64	13.13	12.82	12.63
2013/2/13	12.98	13.19	12.88	12.67
2013/2/14	12.66	13.32	13.3	12.64
2013/2/15	12.46	12.89	12.47	12.24
2013/2/19	12.31	12.85	12.81	12.08
2013/2/20	14.68	14.68	12.32	12.32
2013/2/21	15.22	16.21	14.68	14.67
2013/2/22	14.17	15.02	14.6	14.16
2013/2/25	18.99	19.28	13.69	13.57
2013/2/26	16.87	18.23	17.5	16.75
2013/2/27	14.73	16.6	16.57	14.42
2013/2/28	15.51	15.6	15	14.16
2013/3/1	15.36	16.82	16.1	15.14
2013/3/4	14.01	16.16	16.16	14.01
2013/3/5	13.48	13.66	13.44	13.24
2013/3/6	13.53	13.77	13.18	13.17
2013/3/7	13.06	13.56	13.45	13.03
2013/3/8	12.59	13.3	12.67	12.49
2013/3/11	11.56	12.34	12.31	11.5
2013/3/12	12.27	12.93	11.79	11.74
2013/3/13	11.83	12.55	12.18	11.79
2013/3/14	11.3	11.75	11.7	11.05
2013/3/15	11.3	11.99	11.52	11.21
2013/3/18	13.36	13.64	13.47	12.57
2013/3/19	14.39	15.4	13.03	12.92
2013/3/20	12.67	13.18	13.18	12.3
2013/3/21	13.99	14.21	13.07	12.62
2013/3/22	13.57	13.85	13.34	13.19
2013/3/25	13.74	14.61	12.85	12.39
2013/3/26	12.77	13.21	12.95	12.69
2013/3/27	13.15	13.97	13.72	12.97
2013/3/28	12.7	13.07	12.91	12.54
2013/4/1	13.58	14.05	13.46	13.26
2013/4/2	12.78	13.18	13.11	12.76
2013/4/3	14.21	14.66	12.65	12.62
2013/4/4	13.89	14.79	14.1	13.89
2013/4/5	13.92	15.65	15.64	13.86
2013/4/8	13.19	14.5	14.04	13.19
2013/4/9	12.84	13.68	13.11	12.75
2013/4/10	12.36	12.88	12.66	12.32
2013/4/11	12.24	12.62	12.55	12.15
2013/4/12	12.06	13.12	12.61	11.99
2013/4/15	17.27	17.27	13.12	12.66
2013/4/16	13.96	14.87	14.72	13.91
2013/4/17	16.51	17.9	15.35	14.98
2013/4/18	17.56	18.2	16.34	16.32
2013/4/19	14.97	16.98	16.67	14.87
2013/4/22	14.39	16	15.08	14.04
2013/4/23	13.48	14.87	13.81	13.46
2013/4/24	13.61	13.75	13.57	13.36
2013/4/25	13.62	13.87	13.61	13.13
2013/4/26	13.61	14.18	13.94	13.49
2013/4/29	13.71	13.94	13.72	13.36
2013/4/30	13.52	14.28	13.71	13.51
2013/5/1	14.49	14.67	13.88	13.87
2013/5/2	13.59	14.48	14.48	13.58
2013/5/3	12.85	13.15	12.92	12.77
2013/5/6	12.66	13.19	13.06	12.66
2013/5/7	12.83	12.96	12.63	12.49
2013/5/8	12.66	13.04	12.87	12.62
2013/5/9	13.13	13.53	12.91	12.78
2013/5/10	12.59	13.45	13.08	12.54
2013/5/13	12.55	12.87	12.57	12.49
2013/5/14	12.77	13.21	12.61	12.54
2013/5/15	12.81	13.43	12.98	12.78
2013/5/16	13.07	13.46	13.07	12.79
2013/5/17	12.45	12.94	12.73	12.26
2013/5/20	13.02	13.28	13.28	12.84
2013/5/21	13.37	13.44	13.08	12.89
2013/5/22	13.82	14.45	13.45	13.05
2013/5/23	14.07	15.11	14.94	13.87
2013/5/24	13.99	14.79	14.59	13.99
2013/5/28	14.48	14.56	13.67	13.56
2013/5/29	14.83	15.65	15.3	14.59
2013/5/30	14.53	14.98	14.9	14.27
2013/5/31	16.3	16.35	15.02	14.36
2013/6/3	16.28	17.58	16.4	16.15
2013/6/4	16.27	17.25	16.16	15.82
2013/6/5	17.5	17.84	16.86	16.57
2013/6/6	16.63	18.51	17.7	16.6
2013/6/7	15.14	16.21	15.9	14.96
2013/6/10	15.44	15.6	15.16	15.1
2013/6/11	17.07	17.14	16.91	16
2013/6/12	18.59	18.6	16.51	16.43
2013/6/13	16.41	18.58	18.38	16.37
2013/6/14	17.15	17.26	16.63	16.03
2013/6/17	16.8	17.62	16.53	16.33
2013/6/18	16.61	16.95	16.81	16.46
2013/6/19	16.64	17.18	16.89	15.36
2013/6/20	20.49	21.32	18.4	18.01
2013/6/21	18.9	20.93	18.97	18.25
2013/6/24	20.11	21.91	20.87	18.58
2013/6/25	18.47	19.22	18.65	17.82
2013/6/26	17.21	18.06	17.23	17.08
2013/6/27	16.86	16.97	16.6	16.34
2013/6/28	16.86	17.69	17.25	16.19
2013/7/1	16.37	16.9	16.9	16
2013/7/2	16.44	16.93	16.49	15.88
2013/7/3	16.2	17.32	17.22	16.2
2013/7/5	14.89	16.28	15.59	14.89
2013/7/8	14.78	15.27	14.66	14.66
2013/7/9	14.35	14.65	14.33	14.26
2013/7/10	14.21	14.62	14.46	14.06
2013/7/11	14.01	14.2	13.57	13.57
2013/7/12	13.84	14.04	13.9	13.74
2013/7/15	13.79	14.11	13.98	13.5
2013/7/16	14.42	14.56	13.78	13.78
2013/7/17	13.78	14.44	14.2	13.76
2013/7/18	13.77	13.8	13.63	13.2
2013/7/19	12.54	13.97	13.89	12.54
2013/7/22	12.29	13.37	13.23	12.29
2013/7/23	12.66	13.06	12.15	12.07
2013/7/24	13.18	13.49	12.69	12.69
2013/7/25	12.97	13.54	13.47	12.91
2013/7/26	12.72	13.73	13.41	12.71
2013/7/29	13.39	13.86	13.54	13.38
2013/7/30	13.39	14.14	13.45	13.35
2013/7/31	13.45	13.83	13.55	12.94
2013/8/1	12.94	13.25	12.89	12.82
2013/8/2	11.98	12.74	12.66	11.98
2013/8/5	11.84	12.42	12.29	11.83
2013/8/6	12.72	12.93	12.19	12.06
2013/8/7	12.98	13.91	13.17	12.96
2013/8/8	12.73	13.13	12.5	12.37
2013/8/9	13.41	13.66	12.88	12.71
2013/8/12	12.81	13.57	13.52	12.8
2013/8/13	12.31	13.37	12.86	12.29
2013/8/14	13.04	13.09	12.48	12.35
2013/8/15	14.73	14.85	14.14	13.91
2013/8/16	14.37	14.88	14.56	13.62
2013/8/19	15.1	15.2	14.94	14.35
2013/8/20	14.91	15.25	15.22	14.29
2013/8/21	15.94	16.56	16	14.67
2013/8/22	14.76	15.26	15.26	14.66
2013/8/23	13.98	14.82	14.29	13.98
2013/8/26	14.99	15.01	14.37	13.9
2013/8/27	16.77	17.13	16.56	15.82
2013/8/28	16.49	17.11	16.96	16.1
2013/8/29	16.81	16.98	16.79	15.99
2013/8/30	17.01	17.81	16.75	16.7
2013/9/3	16.61	17.37	16.47	16.11
2013/9/4	15.88	17.01	16.88	15.77
2013/9/5	15.77	16.12	16.12	15.63
2013/9/6	15.85	16.81	15.35	15.17
2013/9/9	15.63	16.02	15.86	15.22
2013/9/10	14.53	15.09	14.89	14.5
2013/9/11	13.82	14.74	14.74	13.82
2013/9/12	14.29	14.39	13.93	13.73
2013/9/13	14.16	14.55	14.27	14.11
2013/9/16	14.38	14.49	14.1	13.87
2013/9/17	14.53	14.61	14.44	14.28
2013/9/18	13.59	14.68	14.68	13.23
2013/9/19	13.16	13.39	13.02	13.02
2013/9/20	13.12	13.47	13.3	12.52
2013/9/23	14.31	14.71	14.04	14.02
2013/9/24	14.08	14.37	14.17	13.75
2013/9/25	14.01	14.62	14.24	13.89
2013/9/26	14.06	14.4	13.8	13.58
2013/9/27	15.46	15.79	14.62	14.62
2013/9/30	16.6	17.49	17.49	16.16
2013/10/1	15.54	16.46	16.31	15.47
2013/10/2	16.6	16.81	16.4	16.13
2013/10/3	17.67	18.71	16.63	16.63
2013/10/4	16.74	17.87	17.72	16.66
2013/10/7	19.41	19.41	18.76	18.08
2013/10/8	20.34	21.01	19.01	18.98
2013/10/9	19.6	21.34	20.19	19.04
2013/10/10	16.48	17.92	17.66	16.29
2013/10/11	15.72	16.38	16.31	15.46
2013/10/14	16.07	17.74	17.08	15.8
2013/10/15	18.66	18.67	16.41	16.16
2013/10/16	14.71	17.15	17.14	14.67
2013/10/17	13.48	14.59	14.52	12.89
2013/10/18	13.04	13.53	12.86	12.34
2013/10/21	13.16	13.63	13.34	13.07
2013/10/22	13.33	13.92	12.99	12.93
2013/10/23	13.42	14.21	13.71	13.42
2013/10/24	13.2	13.62	13.5	13.15
2013/10/25	13.09	13.44	13.16	13.08
2013/10/28	13.31	13.72	13.62	13.22
2013/10/29	13.41	13.63	13.25	13.06
2013/10/30	13.65	14.36	13.72	13.64
2013/10/31	13.75	14.02	13.83	13.28
2013/11/1	13.28	13.92	13.46	13.22
2013/11/4	12.93	13.67	13.35	12.91
2013/11/5	13.27	13.64	13.22	12.86
2013/11/6	12.67	13.33	13.01	12.67
2013/11/7	13.91	14.14	12.99	12.93
2013/11/8	12.9	13.8	13.76	12.84
2013/11/11	12.53	12.93	12.85	12.4
2013/11/12	12.82	13.06	12.8	12.63
2013/11/13	12.52	13.35	13.35	12.46
2013/11/14	12.37	12.94	12.8	12.28
2013/11/15	12.19	12.45	12.12	11.99
2013/11/18	13.1	13.22	12.41	12.41
2013/11/19	13.39	13.68	13.03	12.88
2013/11/20	13.4	13.94	13.56	12.97
2013/11/21	12.66	13.09	13.09	12.44
2013/11/22	12.26	12.91	12.69	12.24
2013/11/25	12.79	12.92	12.55	12.49
2013/11/26	12.81	12.99	12.84	12.49
2013/11/27	12.98	12.98	12.81	12.44
2013/11/29	13.7	13.78	13.06	12.93
2013/12/2	14.23	14.31	13.91	13.78
2013/12/3	14.55	15.04	14.74	14.43
2013/12/4	14.7	15.71	15.03	14.22
2013/12/5	15.08	15.38	14.82	14.7
2013/12/6	13.79	14.09	13.97	13.62
2013/12/9	13.49	14.07	13.97	13.49
2013/12/10	13.91	14.22	14.14	13.69
2013/12/11	15.42	15.43	13.98	13.98
2013/12/12	15.54	16.09	15.44	15.21
2013/12/13	15.76	15.8	15.17	15.06
2013/12/16	16.03	16.08	15.64	15.3
2013/12/17	16.21	16.67	16.04	15.81
2013/12/18	13.8	16.75	15.95	13.74
2013/12/19	14.15	14.21	13.59	12.89
2013/12/20	13.79	13.87	13.61	13.12
2013/12/23	13.04	13.53	13.37	13.02
2013/12/24	12.48	12.89	12.85	12.48
2013/12/26	12.33	12.5	12.48	11.69
2013/12/27	12.46	12.59	12.21	12.2
2013/12/30	13.56	13.58	12.87	12.83
2013/12/31	13.72	14.35	13.43	13.38
2014/1/2	14.23	14.59	14.32	14
2014/1/3	13.76	14.22	14.06	13.57
2014/1/6	13.55	14	13.41	13.22
2014/1/7	12.92	13.28	12.38	12.16
2014/1/8	12.87	13.24	13.04	12.86
2014/1/9	12.89	13.26	12.83	12.83
2014/1/10	12.14	12.9	12.6	12.14
2014/1/13	13.28	13.65	12.18	11.82
2014/1/14	12.28	12.9	12.89	11.96
2014/1/15	12.28	12.4	12.15	11.81
2014/1/16	12.53	12.66	12.32	12.28
2014/1/17	12.44	12.93	12.34	12.04
2014/1/21	12.87	13.42	12.63	12.61
2014/1/22	12.84	13.12	12.57	12.55
2014/1/23	13.77	14.66	13.67	13.67
2014/1/24	18.14	18.14	14.95	14.92
2014/1/27	17.42	18.99	17.29	16.85
2014/1/28	15.8	17.28	17.27	15.8
2014/1/29	17.35	18.04	17.95	16.71
2014/1/30	17.29	17.39	16.37	15.96
2014/1/31	18.41	18.99	18.71	17.27
2014/2/3	21.44	21.48	18.57	18.34
2014/2/4	19.11	20.07	19.99	18.44
2014/2/5	19.95	20.72	19.59	19.13
2014/2/6	17.23	19.09	19.09	17.09
2014/2/7	15.29	16.31	16.15	15.09
2014/2/10	15.26	15.76	15.63	15.1
2014/2/11	14.51	15.29	15.29	14.08
2014/2/12	14.3	14.64	14.31	14.02
2014/2/13	14.14	15.24	15.24	13.98
2014/2/14	13.57	14.22	14.21	13.44
2014/2/18	13.87	14.51	13.95	13.77
2014/2/19	15.5	15.73	14.85	14.12
2014/2/20	14.79	15.8	15.28	14.59
2014/2/21	14.68	14.79	14.74	14.19
2014/2/24	14.23	14.83	14.83	13.97
2014/2/25	13.67	14.83	14.17	13.66
2014/2/26	14.35	14.54	13.83	13.73
2014/2/27	14.04	14.69	14.56	13.92
2014/2/28	14	14.79	14.22	13.49
2014/3/3	16	16.78	16.47	15.38
2014/3/4	14.1	14.54	14.53	14
2014/3/5	13.89	14.32	14.13	13.81
2014/3/6	14.21	14.42	13.82	13.73
2014/3/7	14.11	14.43	13.51	13.51
2014/3/10	14.2	15.28	14.76	14.2
2014/3/11	14.8	14.93	14.22	13.84
2014/3/12	14.47	15.64	15.37	14.43
2014/3/13	16.22	16.66	14.28	14.24
2014/3/14	17.82	18.22	16.74	16.09
2014/3/17	15.64	16.4	16.39	15.37
2014/3/18	14.52	15.47	15.42	14.16
2014/3/19	15.12	15.95	14.56	13.89
2014/3/20	14.52	15.62	15.58	14.5
2014/3/21	15	15.17	13.96	13.77
2014/3/24	15.09	16.07	14.7	14.56
2014/3/25	14.02	15.05	14.16	13.96
2014/3/26	14.93	15.28	13.64	13.46
2014/3/27	14.62	15.63	15	14.49
2014/3/28	14.41	14.86	14.15	13.73
2014/3/31	13.88	14.16	13.88	13.57
2014/4/1	13.1	13.56	13.43	13.06
2014/4/2	13.09	13.35	13.17	12.92
2014/4/3	13.37	13.7	13.02	13.02
2014/4/4	13.96	14.55	12.88	12.6
2014/4/7	15.57	16.01	14.96	14.57
2014/4/8	14.89	16.2	15.59	14.81
2014/4/9	13.82	14.94	14.58	13.7
2014/4/10	15.89	16.38	13.98	13.81
2014/4/11	17.03	17.85	16.66	15.89
2014/4/14	16.11	17.4	16.14	16.1
2014/4/15	15.61	17.5	16.14	15.47
2014/4/16	14.18	15.27	14.89	14.05
2014/4/17	13.36	14.17	14.09	13.07
2014/4/21	13.25	14.11	14.1	13.17
2014/4/22	13.19	13.26	13.13	12.9
2014/4/23	13.27	13.75	13.35	13.27
2014/4/24	13.32	14.08	13.36	13.09
2014/4/25	14.06	14.67	13.93	13.91
2014/4/28	13.97	15.28	14.27	13.82
2014/4/29	13.71	14.24	13.88	13.61
2014/4/30	13.41	14.18	14.05	13.34
2014/5/1	13.25	13.75	13.64	13.1
2014/5/2	12.91	13.5	13.15	12.83
2014/5/5	13.29	14.2	13.95	13.08
2014/5/6	13.8	13.9	13.65	13.28
2014/5/7	13.4	14.49	13.64	13.39
2014/5/8	13.43	13.88	13.69	12.92
2014/5/9	12.92	14.03	13.55	12.87
2014/5/12	12.23	12.58	12.46	11.88
2014/5/13	12.13	12.74	12.36	12.05
2014/5/14	12.17	12.51	12.42	12.03
2014/5/15	13.17	13.77	12.73	12.72
2014/5/16	12.44	13.66	13.31	12.26
2014/5/19	12.42	13.21	13.17	12.28
2014/5/20	12.96	13.3	12.69	12.32
2014/5/21	11.91	12.46	12.38	11.8
2014/5/22	12.03	12.09	11.93	11.68
2014/5/23	11.36	11.97	11.96	11.36
2014/5/27	11.51	11.84	11.69	11.5
2014/5/28	11.68	11.86	11.6	11.5
2014/5/29	11.57	11.82	11.58	11.41
2014/5/30	11.4	11.7	11.66	11.32
2014/6/2	11.58	12.17	11.69	11.29
2014/6/3	11.87	12.13	12.03	11.72
2014/6/4	12.08	12.33	12.15	11.91
2014/6/5	11.68	12.34	12.09	11.44
2014/6/6	10.73	11.39	11.32	10.73
2014/6/9	11.15	11.51	11.23	10.99
2014/6/10	10.99	11.66	11.3	10.93
2014/6/11	11.6	11.87	11.42	11.19
2014/6/12	12.56	12.81	11.81	11.71
2014/6/13	12.18	12.69	12.45	11.89
2014/6/16	12.65	12.87	12.65	12.28
2014/6/17	12.06	12.89	12.81	12.06
2014/6/18	10.61	11.91	11.8	10.57
2014/6/19	10.62	10.82	10.53	10.42
2014/6/20	10.85	11.02	10.4	10.34
2014/6/23	10.98	11.35	11.26	10.92
2014/6/24	12.13	12.27	11.02	10.87
2014/6/25	11.59	12.33	12.31	11.37
2014/6/26	11.63	12.51	11.51	11.5
2014/6/27	11.26	12.04	11.72	11.19
2014/6/30	11.57	11.81	11.75	11.3
2014/7/1	11.15	11.42	11.28	10.92
2014/7/2	10.82	11.18	11.18	10.56
2014/7/3	10.32	10.76	10.47	10.28
2014/7/7	11.33	11.54	11.15	11.01
2014/7/8	11.98	12.51	11.72	11.72
2014/7/9	11.65	12.05	11.74	11.5
2014/7/10	12.59	13.23	13.22	12.05
2014/7/11	12.08	12.68	12.5	12.07
2014/7/14	11.82	11.83	11.6	11.4
2014/7/15	11.96	12.47	11.53	11.46
2014/7/16	11	11.45	10.81	10.59
2014/7/17	14.54	15.38	11.35	10.85
2014/7/18	12.06	13.55	13.34	12.04
2014/7/21	12.81	13.62	12.85	12.46
2014/7/22	12.24	12.24	11.97	11.69
2014/7/23	11.52	12.16	11.54	11.41
2014/7/24	11.84	12.06	11.43	11.43
2014/7/25	12.69	12.75	12.03	12.03
2014/7/28	12.56	13.64	12.93	12.54
2014/7/29	13.28	13.35	12.35	12.12
2014/7/30	13.33	14.07	12.63	12.53
2014/7/31	16.95	17.11	14.35	14.26
2014/8/1	17.03	17.57	16.67	15.52
2014/8/4	15.12	16.8	16.64	14.69
2014/8/5	16.87	17.14	15.54	15.1
2014/8/6	16.37	17.3	17.22	15.7
2014/8/7	16.66	17.25	15.5	15.44
2014/8/8	15.77	17.09	16.43	15.53
2014/8/11	14.23	15.16	15.16	13.72
2014/8/12	14.13	14.74	14.42	13.76
2014/8/13	12.9	13.93	13.57	12.84
2014/8/14	12.42	13.13	13.05	12.42
2014/8/15	13.15	14.94	11.91	11.89
2014/8/18	12.32	12.85	12.85	12.26
2014/8/19	12.21	12.46	12.14	11.91
2014/8/20	11.78	12.24	12.23	11.6
2014/8/21	11.76	13.51	11.93	11.52
2014/8/22	11.47	12.48	11.88	11.47
2014/8/25	11.7	11.77	11.58	11.24
2014/8/26	11.63	11.93	11.33	11.33
2014/8/27	11.78	11.93	11.69	11.54
2014/8/28	12.05	12.73	12.38	12.05
2014/8/29	11.98	12.44	11.86	11.78
2014/9/2	12.25	13.41	12.32	12.23
2014/9/3	12.36	12.55	12.03	11.91
2014/9/4	12.64	12.99	12.4	11.7
2014/9/5	12.09	13.18	12.37	11.96
2014/9/8	12.66	13.09	12.64	12.4
2014/9/9	13.5	13.91	12.7	12.7
2014/9/10	12.88	14.06	13.36	12.86
2014/9/11	12.8	13.67	13.53	12.66
2014/9/12	13.31	14.27	12.85	12.85
2014/9/15	14.12	14.19	13.54	13.54
2014/9/16	12.73	14.53	14.48	12.72
2014/9/17	12.65	14.53	13.06	11.73
2014/9/18	12.03	12.58	12.55	11.98
2014/9/19	12.11	12.61	11.73	11.52
2014/9/22	13.69	13.98	13.14	13.13
2014/9/23	14.93	14.94	14.82	13.83
2014/9/24	13.27	14.93	14.62	13.24
2014/9/25	15.64	16.69	14.11	14.03
2014/9/26	14.85	15.98	15.77	14.31
2014/9/29	15.98	17.08	16.96	15.45
2014/9/30	16.31	16.43	15.49	15.18
2014/10/1	16.71	17.56	16.44	16.08
2014/10/2	16.16	17.98	16.7	15.9
2014/10/3	14.55	15.43	15.16	14.44
2014/10/6	15.46	15.77	14.46	14.05
2014/10/7	17.2	17.46	16.18	15.97
2014/10/8	15.11	18.03	17.35	14.97
2014/10/9	18.76	19.38	15.64	15.34
2014/10/10	21.24	22.06	19.11	18.14
2014/10/13	24.64	24.64	21.16	20.52
2014/10/14	22.79	24.55	23.77	21.48
2014/10/15	26.25	31.06	26.36	24.64
2014/10/16	25.2	29.41	29.26	24.61
2014/10/17	21.99	23.08	21.68	20.23
2014/10/20	18.57	22.16	22.11	18.51
2014/10/21	16.08	17.75	17.72	16.03
2014/10/22	17.87	18.43	16.06	15.56
2014/10/23	16.53	17.06	16.07	15.68
2014/10/24	16.11	18.06	16.43	16.09
2014/10/27	16.04	17.87	17.24	16
2014/10/28	14.39	15.78	15.69	14.39
2014/10/29	15.15	16.28	14.61	14.19
2014/10/30	14.52	15.75	15.31	14.07
2014/10/31	14.03	14.83	13.84	13.72
2014/11/3	14.73	14.99	14.41	14.23
2014/11/4	14.89	15.93	15.05	14.83
2014/11/5	14.17	14.99	14.15	14.15
2014/11/6	13.67	15.08	14.46	13.67
2014/11/7	13.12	14.16	13.71	13.01
2014/11/10	12.67	13.25	13.16	12.38
2014/11/11	12.92	13.18	12.71	12.6
2014/11/12	13.02	13.76	13.76	12.99
2014/11/13	13.79	14.31	13.33	12.87
2014/11/14	13.31	14.15	13.79	13.31
2014/11/17	13.99	14.73	14.7	13.84
2014/11/18	13.86	13.99	13.86	13.13
2014/11/19	13.96	14.78	14.01	13.83
2014/11/20	13.58	15.74	14.66	13.58
2014/11/21	12.9	13.8	13.16	12.9
2014/11/24	12.62	13.02	12.92	12.43
2014/11/25	12.25	13.02	12.55	12.23
2014/11/26	12.07	12.4	12.27	11.91
2014/11/28	13.33	13.49	12.64	12.36
2014/12/1	14.29	14.75	14.16	13.94
2014/12/2	12.85	14.17	14.1	12.85
2014/12/3	12.47	12.88	12.75	12.21
2014/12/4	12.38	13.23	12.7	12.09
2014/12/5	11.82	12.28	12.08	11.53
2014/12/8	14.21	14.67	13.05	12.55
2014/12/9	14.89	16.68	16.23	14.84
2014/12/10	18.53	18.92	15.56	15.4
2014/12/11	20.08	20.13	17.68	15.94
2014/12/12	21.08	23.06	20.51	18.34
2014/12/15	20.42	24.83	19.59	17.77
2014/12/16	23.57	25.2	23.55	19.6
2014/12/17	19.44	24.61	23.9	19.26
2014/12/18	16.81	18.51	17.14	16.07
2014/12/19	16.49	17.2	16.57	16.11
2014/12/22	15.25	16.88	16.32	15.03
2014/12/23	14.8	15.21	14.47	14.32
2014/12/24	14.37	14.54	14.52	14.01
2014/12/26	14.5	14.84	14.6	14.13
2014/12/29	15.06	16.14	16.04	15.06
2014/12/30	15.92	16.2	15.9	15.48
2014/12/31	19.2	19.91	15.91	15.86
2015/1/2	17.79	20.14	17.76	17.05
2015/1/5	19.92	21.29	19.19	19.19
2015/1/6	21.12	22.9	20.33	19.52
2015/1/7	19.31	20.72	20.15	19.04
2015/1/8	17.01	18.09	17.93	16.99
2015/1/9	17.55	18.42	16.44	16.44
2015/1/12	19.6	20.44	18.02	18.02
2015/1/13	20.56	21.58	18.21	17.65
2015/1/14	21.48	23.34	22.87	21.32
2015/1/15	22.39	23.31	21.23	20.86
2015/1/16	20.95	23.43	22.8	20.95
2015/1/20	19.89	21.37	20.07	19.58
2015/1/21	18.85	21.28	20.92	18.64
2015/1/22	16.4	19.23	17.98	16.07
2015/1/23	16.66	17.09	16.79	15.81
2015/1/26	15.52	17.43	16.96	15.52
2015/1/27	17.22	18.41	17.6	16.67
2015/1/28	20.44	20.44	16.97	16.92
2015/1/29	18.76	21.56	20.46	18.66
2015/1/30	20.97	22.18	20.23	19.24
2015/2/2	19.43	22.81	20.89	19.35
2015/2/3	17.33	18.89	18.41	17.2
2015/2/4	18.33	18.38	17.82	16.82
2015/2/5	16.85	17.43	17.29	16.67
2015/2/6	17.29	18.74	16.29	16.06
2015/2/9	18.55	19.28	19.16	18.21
2015/2/10	17.23	18.36	17.72	16.97
2015/2/11	16.96	17.81	17.43	16.82
2015/2/12	15.34	16.47	16.39	15.28
2015/2/13	14.69	15.64	15.11	14.69
2015/2/17	15.8	16.33	15.86	15.53
2015/2/18	15.45	16.74	16.74	15.44
2015/2/19	15.29	16.22	16.11	15.1
2015/2/20	14.3	16.29	15.73	14.27
2015/2/23	14.56	15.48	15.05	14.49
2015/2/24	13.69	14.63	14.5	13.53
2015/2/25	13.84	14.06	13.64	12.86
2015/2/26	13.91	14.57	13.55	13.55
2015/2/27	13.34	14.17	14.07	13.29
2015/3/2	13.04	13.9	13.9	12.87
2015/3/3	13.86	14.69	13.35	13.25
2015/3/4	14.23	15.33	14.31	14.13
2015/3/5	14.04	14.58	14.01	13.88
2015/3/6	15.2	15.83	14.61	14.18
2015/3/9	15.06	15.76	15.72	14.71
2015/3/10	16.69	16.91	16.47	16.03
2015/3/11	16.87	17.19	16.44	16.29
2015/3/12	15.42	16.45	16.45	15.3
2015/3/13	16	16.74	15.47	15.32
2015/3/16	15.61	15.89	15.78	15.36
2015/3/17	15.66	16.37	16.31	15.66
2015/3/18	13.97	16.29	14.6	13.38
2015/3/19	14.07	14.97	14.68	13.84
2015/3/20	13.02	13.53	13.52	12.54
2015/3/23	13.41	13.53	13.52	12.89
2015/3/24	13.62	13.68	13.36	12.59
2015/3/25	15.44	15.55	13.26	13.2
2015/3/26	15.8	17.19	16.64	15.23
2015/3/27	15.07	15.83	15.73	14.19
2015/3/30	14.51	14.76	14.76	14.08
2015/3/31	15.29	15.74	14.97	14.33
2015/4/1	15.11	16.66	15.32	15.08
2015/4/2	14.67	15.51	15.3	14.27
2015/4/6	14.74	15.76	15.75	14.04
2015/4/7	14.78	14.81	14.57	14.01
2015/4/8	13.98	14.77	14.59	13.75
2015/4/9	13.09	14.59	14.14	13.09
2015/4/10	12.58	13.26	13.2	12.51
2015/4/13	13.94	14.31	13.17	12.71
2015/4/14	13.67	14.74	14.34	13.64
2015/4/15	12.84	13.58	13.58	12.83
2015/4/16	12.6	13.35	13.27	12.5
2015/4/17	13.89	15.02	13.97	13.73
2015/4/20	13.3	13.67	13.67	12.83
2015/4/21	13.25	13.51	12.75	12.66
2015/4/22	12.71	13.8	12.97	12.57
2015/4/23	12.48	12.96	12.96	12.12
2015/4/24	12.29	13.02	12.21	12.16
2015/4/27	13.12	13.4	12.34	12.33
2015/4/28	12.41	14.23	13.26	12.41
2015/4/29	13.39	14.34	13.44	12.61
2015/4/30	14.55	15.29	13.89	12.49
2015/5/1	12.7	13.98	13.98	12.68
2015/5/4	12.85	13.18	13.12	12.1
2015/5/5	14.31	14.41	13.21	12.97
2015/5/6	15.15	16.36	13.93	13.89
2015/5/7	15.13	15.97	15.48	14.81
2015/5/8	12.86	13.42	13.36	12.7
2015/5/11	13.85	13.85	13.35	13
2015/5/12	13.86	15.13	14.73	13.73
2015/5/13	13.76	14.04	13.63	13.06
2015/5/14	12.74	13.29	13.14	12.72
2015/5/15	12.38	13.09	12.46	12.35
2015/5/18	12.73	13.22	13.08	12.55
2015/5/19	12.85	13.13	12.95	12.55
2015/5/20	12.88	13.27	12.9	12.62
2015/5/21	12.11	13.09	13.03	12.09
2015/5/22	12.13	12.37	12.37	11.82
2015/5/26	14.06	14.63	13.45	13.34
2015/5/27	13.27	14.41	14.16	13.05
2015/5/28	13.31	13.99	13.49	13.31
2015/5/29	13.84	14.43	13.59	13.4
2015/6/1	13.97	14.86	13.92	13.47
2015/6/2	14.24	15.05	14.72	13.59
2015/6/3	13.66	14.2	13.73	13.4
2015/6/4	14.71	15.49	14.57	13.99
2015/6/5	14.21	15.65	15.01	14.21
2015/6/8	15.29	15.5	14.84	14.67
2015/6/9	14.47	15.74	15.18	14.47
2015/6/10	13.22	14.37	14.24	12.96
2015/6/11	12.85	13.22	13.04	12.56
2015/6/12	13.78	14.02	13.31	13.3
2015/6/15	15.39	15.57	15.48	14.91
2015/6/16	14.81	15.62	15.62	14.81
2015/6/17	14.5	15.49	14.66	14.07
2015/6/18	13.19	14.03	14.03	12.54
2015/6/19	13.96	14	13.35	12.96
2015/6/22	12.74	13.46	13.42	12.43
2015/6/23	12.11	12.68	12.5	11.93
2015/6/24	13.26	13.33	12.57	12.01
2015/6/25	14.01	14.16	12.96	12.92
2015/6/26	14.02	14.91	14.13	13.64
2015/6/29	18.85	19.5	16.7	15.82
2015/6/30	18.23	19.8	17.6	17.49
2015/7/1	16.09	17.26	16.63	15.65
2015/7/2	16.79	17.48	15.43	15.39
2015/7/6	17.01	18.95	18.65	16.57
2015/7/7	16.09	19.2	17.22	15.93
2015/7/8	19.66	19.76	17.38	16.94
2015/7/9	19.97	20.05	17.46	17.2
2015/7/10	16.83	18.17	17.45	16.6
2015/7/13	13.9	15.36	15.29	13.82
2015/7/14	13.37	13.95	13.91	12.9
2015/7/15	13.23	13.97	13.35	12.81
2015/7/16	12.11	12.61	12.59	11.87
2015/7/17	11.95	12.22	11.77	11.77
2015/7/20	12.25	12.37	12.25	11.71
2015/7/21	12.22	12.79	12.42	12.21
2015/7/22	12.12	12.83	12.77	12.05
2015/7/23	12.64	13.08	12.06	11.73
2015/7/24	13.74	14.73	12.87	12.86
2015/7/27	15.6	16.27	15.6	15.03
2015/7/28	13.44	15.62	14.87	13.32
2015/7/29	12.5	13.59	13.57	11.85
2015/7/30	12.13	13.42	12.72	12.09
2015/7/31	12.12	12.63	12.03	11.82
2015/8/3	12.56	13.55	12.85	12.32
2015/8/4	13	13.22	12.66	12.29
2015/8/5	12.51	12.72	12.02	10.88
2015/8/6	13.77	14.25	12.2	12.16
2015/8/7	13.39	14.58	13.57	13.29
2015/8/10	12.23	12.78	12.73	12.18
2015/8/11	13.71	14.33	13.24	13.02
2015/8/12	13.61	16.28	15.19	13.45
2015/8/13	13.49	14.33	13.87	13.06
2015/8/14	12.83	13.87	13.69	12.8
2015/8/17	13.02	14.52	14.32	13.01
2015/8/18	13.79	13.94	13.41	13.17
2015/8/19	15.25	15.96	14.84	13.73
2015/8/20	19.14	19.24	16.55	16.13
2015/8/21	28.03	28.38	22.55	20.8
2015/8/24	40.74	53.29	28.03	28.03
2015/8/25	36.02	38.06	31.13	28.08
2015/8/26	30.32	35.62	31.13	28.67
2015/8/27	26.1	29.9	27.11	24.49
2015/8/28	26.05	29.2	26.69	25.77
2015/8/31	28.43	29.37	27.03	26.63
2015/9/1	31.4	33.82	31.91	29.91
2015/9/2	26.09	30.45	29.14	24.77
2015/9/3	25.61	26.31	25.21	23.45
2015/9/4	27.8	29.47	27.43	25.68
2015/9/8	24.9	26.25	25.05	24.13
2015/9/9	26.23	26.82	22.39	21.51
2015/9/10	24.37	27.22	26.87	23.53
2015/9/11	23.2	25.81	25.38	23.15
2015/9/14	24.25	25.32	24.03	23.64
2015/9/15	22.54	23.77	23.28	22.13
2015/9/16	21.35	22.94	22.57	21.09
2015/9/17	21.14	23.33	21.54	17.87
2015/9/18	22.28	23.99	23.07	20.98
2015/9/21	20.14	22.48	21.97	20.05
2015/9/22	22.44	26.29	22.97	22.25
2015/9/23	22.13	23.2	22.09	21.14
2015/9/24	23.47	25.3	23.53	21.81
2015/9/25	23.62	24.29	21.12	20.81
2015/9/28	27.63	28.33	25.02	24.94
2015/9/29	26.83	28.2	26.57	25.76
2015/9/30	24.5	25.88	24.64	23.25
2015/10/1	22.55	25.23	23.14	22.55
2015/10/2	20.94	24.47	23.99	20.35
2015/10/5	19.54	20.42	20.31	19.14
2015/10/6	19.4	20.32	19.54	18.82
2015/10/7	18.4	19.73	18.96	18.33
2015/10/8	17.42	19.02	18.62	16.34
2015/10/9	17.08	18.2	17.15	16.89
2015/10/12	16.17	17.81	17.68	16.15
2015/10/13	17.67	17.7	17.08	16.14
2015/10/14	18.03	18.78	17.67	17.3
2015/10/15	16.05	17.85	17.62	16.04
2015/10/16	15.05	16.86	15.64	15.05
2015/10/19	14.98	16.23	15.68	14.82
2015/10/20	15.75	16.34	15.17	14.72
2015/10/21	16.7	16.7	14.98	14.41
2015/10/22	14.45	15.92	15.02	14.45
2015/10/23	14.46	15.12	13.46	13.24
2015/10/26	15.29	15.43	14.76	14.68
2015/10/27	15.43	15.99	15.75	14.78
2015/10/28	14.33	15.73	15.14	12.8
2015/10/29	14.61	15.46	14.8	14.33
2015/10/30	15.07	15.39	14.6	14
2015/11/2	14.15	15.51	15.41	13.67
2015/11/3	14.54	14.73	14.33	13.81
2015/11/4	15.51	15.88	14.04	13.96
2015/11/5	15.05	16.39	15.39	15
2015/11/6	14.33	16	14.91	14.32
2015/11/9	16.52	17.09	15.34	15.14
2015/11/10	15.29	16.96	16.69	15.24
2015/11/11	16.06	16.15	15.07	15.02
2015/11/12	18.37	18.5	17.06	16.65
2015/11/13	20.08	20.67	18.68	18.2
2015/11/16	18.16	20.55	20.51	17.25
2015/11/17	18.84	19.59	17.82	16.86
2015/11/18	16.85	19.45	19.01	16.8
2015/11/19	16.99	18.26	16.25	16
2015/11/20	15.47	16.38	16.13	15.47
2015/11/23	15.62	16.74	16.15	15.38
2015/11/24	15.93	17.21	16.53	15.48
2015/11/25	15.19	15.89	15.55	15.05
2015/11/27	15.12	16.09	15.31	15.12
2015/11/30	16.13	16.57	15.55	15.52
2015/12/1	14.67	16.34	15.61	14.63
2015/12/2	15.91	16.49	15.04	14.71
2015/12/3	18.11	19.35	15.87	15.86
2015/12/4	14.81	17.65	17.43	14.69
2015/12/7	15.84	17.18	15.65	15.58
2015/12/8	17.6	18.33	17.69	16.52
2015/12/9	19.61	20.13	18.05	15.72
2015/12/10	19.34	19.72	19.25	18.13
2015/12/11	24.39	25.27	21.36	20.88
2015/12/14	22.73	26.81	24.7	21.47
2015/12/15	20.95	21.62	20.76	20.02
2015/12/16	17.86	20.24	19.25	17.12
2015/12/17	18.94	19.05	16.18	16.13
2015/12/18	20.7	23.3	19.34	18.75
2015/12/21	18.7	20.21	19.64	18.7
2015/12/22	16.6	18.22	17.61	16.6
2015/12/23	15.57	16.25	15.86	15.33
2015/12/24	15.74	15.88	15.44	14.45
2015/12/28	16.91	18.13	17.65	16.88
2015/12/29	16.08	16.48	15.91	15.63
2015/12/30	17.29	17.42	16.5	16.5
2015/12/31	18.21	20.39	17.97	17.51
2016/1/4	20.7	23.36	22.48	20.67
2016/1/5	19.34	21.06	20.75	19.25
2016/1/6	20.59	21.86	21.67	19.8
2016/1/7	24.99	25.86	23.22	22.4
2016/1/8	27.01	27.08	22.96	22.48
2016/1/11	24.3	27.39	25.58	23.83
2016/1/12	22.47	23.93	22.97	21.91
2016/1/13	25.22	26.11	21.72	21.44
2016/1/14	23.95	26.28	24.75	23.07
2016/1/15	27.02	30.95	28.96	26.67
2016/1/19	26.05	27.59	25.4	25.21
2016/1/20	27.59	32.09	27.78	26.59
2016/1/21	26.69	28.43	27.79	25.01
2016/1/22	22.34	24.55	24.21	22.22
2016/1/25	24.15	24.31	23.3	22.38
2016/1/26	22.5	24.02	23.75	22.33
2016/1/27	23.11	27.22	22.88	20.42
2016/1/28	22.42	23.81	22.15	21.9
2016/1/29	20.2	21.74	21.59	19.5
2016/2/1	19.98	23.66	21.32	19.61
2016/2/2	21.98	22.42	21.34	21.06
2016/2/3	21.65	27.7	21.49	21.42
2016/2/4	21.84	23.14	22.29	21.24
2016/2/5	23.38	24.11	22.09	21.91
2016/2/8	26	27.72	25.89	25.56
2016/2/9	26.54	28.31	28.3	25.99
2016/2/10	26.29	26.6	25.75	24.47
2016/2/11	28.14	30.9	29.01	26.67
2016/2/12	25.4	27.57	27.16	24.92
2016/2/16	24.11	25.52	24.96	23.32
2016/2/17	22.31	24.16	23.4	21.83
2016/2/18	21.64	22.53	22.16	21.29
2016/2/19	20.53	23.44	22.39	20.52
2016/2/22	19.38	20.35	20.14	19.02
2016/2/23	20.98	21.16	19.75	19.54
2016/2/24	20.72	22.87	22.28	20.26
2016/2/25	19.11	21.26	20.54	19.1
2016/2/26	19.81	20.13	18.89	18.46
2016/2/29	20.55	20.81	20.49	18.38
2016/3/1	17.7	20.17	19.84	17.66
2016/3/2	17.09	18.41	17.98	16.78
2016/3/3	16.7	17.56	17.25	16.32
2016/3/4	16.86	17.35	16.48	16.05
2016/3/7	17.35	18.04	17.98	16.87
2016/3/8	18.67	18.89	18.38	17.82
2016/3/9	18.34	19.11	18.56	18.31
2016/3/10	18.05	19.59	18.17	17.06
2016/3/11	16.5	17.27	17.09	16.28
2016/3/14	16.92	17.67	17.01	16.69
2016/3/15	16.84	17.85	17.6	16.84
2016/3/16	14.99	16.33	15.96	14.89
2016/3/17	14.44	15.38	15.34	13.82
2016/3/18	14.02	14.36	14.05	13.75
2016/3/21	13.79	14.73	14.57	13.79
2016/3/22	14.17	14.76	14.57	13.75
2016/3/23	14.94	15.03	14.57	14.33
2016/3/24	14.74	16.44	16.3	14.71
2016/3/28	15.24	16.04	15.65	14.89
2016/3/29	13.82	15.89	15.74	13.79
2016/3/30	13.56	13.89	13.69	13.06
2016/3/31	13.95	14.28	13.73	13.49
2016/4/1	13.1	15.28	15.23	13
2016/4/4	14.12	14.24	13.88	13.66
2016/4/5	15.42	15.72	15.39	14.93
2016/4/6	14.09	15.98	15.61	14
2016/4/7	16.16	16.77	15.14	14.68
2016/4/8	15.36	15.93	15.34	14.84
2016/4/11	16.26	16.26	15.34	14.83
2016/4/12	14.85	16.57	15.98	14.84
2016/4/13	13.84	14.53	14.49	13.6
2016/4/14	13.72	14.12	13.9	13.38
2016/4/15	13.62	14.19	13.77	13.58
2016/4/18	13.35	14.94	14.87	13.23
2016/4/19	13.24	13.88	13.18	12.98
2016/4/20	13.28	13.5	13.39	12.5
2016/4/21	13.95	14.14	13.2	13.16
2016/4/22	13.22	14.19	13.7	13.15
2016/4/25	14.08	14.76	14.07	13.86
2016/4/26	13.96	14.43	14.01	13.66
2016/4/27	13.77	14.95	14.15	13.5
2016/4/28	15.22	15.61	14.53	13.3
2016/4/29	15.7	17.09	15.21	14.91
2016/5/2	14.68	16.5	16.33	14.48
2016/5/3	15.6	16.42	14.92	14.91
2016/5/4	16.05	16.85	15.47	15.39
2016/5/5	15.91	16.45	15.54	15.22
2016/5/6	14.72	16.58	16.2	14.71
2016/5/9	14.57	15.39	15.2	14.17
2016/5/10	13.63	14.35	13.98	13.55
2016/5/11	14.69	14.69	13.92	13.29
2016/5/12	14.41	15.42	14.55	13.95
2016/5/13	15.04	15.47	15.15	13.97
2016/5/16	14.68	15.98	15.72	14.28
2016/5/17	15.57	16.12	14.57	14.48
2016/5/18	15.95	16.47	15.72	14.86
2016/5/19	16.33	17.65	16.37	16.28
2016/5/20	15.2	16.3	16.13	15.11
2016/5/23	15.82	16.47	16.33	15.4
2016/5/24	14.42	16.06	16.03	14.36
2016/5/25	13.9	14.33	14.19	13.64
2016/5/26	13.43	14.11	13.8	13.43
2016/5/27	13.12	13.76	13.49	13.04
2016/5/31	14.19	15	13.94	13.45
2016/6/1	14.2	15.25	14.45	14.18
2016/6/2	13.63	14.92	14.42	13.62
2016/6/3	13.47	14.66	13.78	12.9
2016/6/6	13.65	14.27	13.84	13.42
2016/6/7	14.05	14.05	12.77	12.72
2016/6/8	14.08	14.27	13.84	13.7
2016/6/9	14.64	14.85	14.01	13.99
2016/6/10	17.03	17.33	14.89	14.85
2016/6/13	20.97	21.01	18.24	17.89
2016/6/14	20.5	22.16	21.28	20.27
2016/6/15	20.14	20.45	20.25	18.63
2016/6/16	19.37	22.89	20.8	19.24
2016/6/17	19.41	20.03	19.42	18.71
2016/6/20	18.37	18.55	17.42	16.59
2016/6/21	18.48	18.96	17.67	16.91
2016/6/22	21.17	21.22	18.26	17.83
2016/6/23	17.25	19.79	19.54	17.25
2016/6/24	25.76	26.24	26.06	19.48
2016/6/27	23.85	26.72	24.38	22.93
2016/6/28	18.75	22.07	21.76	18.75
2016/6/29	16.64	18.27	18.12	16.48
2016/6/30	15.63	16.99	16.91	15.29
2016/7/1	14.77	15.86	15.59	14.61
2016/7/5	15.58	16.62	16.05	15.49
2016/7/6	14.96	17.04	15.87	14.96
2016/7/7	14.76	15.98	14.8	14.33
2016/7/8	13.2	14.75	14.64	13.19
2016/7/11	13.54	13.67	13.25	13
2016/7/12	13.55	13.93	12.93	12.75
2016/7/13	13.04	13.79	13.32	12.92
2016/7/14	12.82	13.37	12.5	12.14
2016/7/15	12.67	13.22	13.12	12.27
2016/7/18	12.44	13.12	12.75	12.33
2016/7/19	11.97	12.83	12.53	11.94
2016/7/20	11.77	11.97	11.94	11.4
2016/7/21	12.74	13.06	11.8	11.69
2016/7/22	12.02	12.88	12.8	11.97
2016/7/25	12.87	13.72	12.64	12.39
2016/7/26	13.05	13.5	12.88	12.8
2016/7/27	12.83	13.74	12.61	12.5
2016/7/28	12.72	13.52	12.51	12.36
2016/7/29	11.87	12.9	12.85	11.77
2016/8/1	12.44	12.98	11.89	11.86
2016/8/2	13.37	14.24	12.39	12.35
2016/8/3	12.86	13.91	13.53	12.73
2016/8/4	12.42	12.98	12.73	11.79
2016/8/5	11.39	12.26	12.08	11.18
2016/8/8	11.5	11.78	11.66	11.41
2016/8/9	11.66	11.92	11.4	11.02
2016/8/10	12.05	12.5	11.55	11.37
2016/8/11	11.68	12.11	11.93	11.38
2016/8/12	11.55	12	11.61	11.28
2016/8/15	11.81	12.17	11.81	11.58
2016/8/16	12.64	12.78	12.04	11.87
2016/8/17	12.19	13.71	12.57	12.14
2016/8/18	11.43	12.53	12.2	11.42
2016/8/19	11.34	12.28	11.67	11.33
2016/8/22	12.27	13.02	12.53	11.94
2016/8/23	12.38	12.44	12.15	11.72
2016/8/24	13.45	14.01	12.7	12.3
2016/8/25	13.63	14.09	13.62	13.29
2016/8/26	13.65	14.93	13.54	12.13
2016/8/29	12.94	14.43	14.09	12.9
2016/8/30	13.12	13.6	12.94	12.7
2016/8/31	13.42	14.34	13.14	12.97
2016/9/1	13.48	14.61	13.07	12.99
2016/9/2	11.98	13.9	13.47	11.9
2016/9/6	12.02	12.93	12.42	11.85
2016/9/7	11.94	12.45	11.89	11.77
2016/9/8	12.51	12.6	11.74	11.65
2016/9/9	17.5	17.54	12.52	12.52
2016/9/12	15.16	20.51	20.13	14.76
2016/9/13	17.85	18.97	15.98	15.83
2016/9/14	18.14	18.14	17.63	16.34
2016/9/15	16.3	18.07	17.97	15.74
2016/9/16	15.37	17.1	16.41	15.28
2016/9/19	15.53	15.96	15.14	14.6
2016/9/20	15.92	16.09	14.98	14.69
2016/9/21	13.3	15.65	15.07	12.98
2016/9/22	12.02	13.39	13.39	11.76
2016/9/23	12.29	12.58	12	11.93
2016/9/26	14.5	14.63	13.26	13.26
2016/9/27	13.1	14.76	13.36	12.97
2016/9/28	12.39	13.57	12.9	12.24
2016/9/29	14.02	15.69	12.53	12.14
2016/9/30	13.29	15.2	14.91	12.53
2016/10/3	13.57	14.42	13.75	13.42
2016/10/4	13.63	14.57	13.4	12.92
2016/10/5	12.99	13.68	13.56	12.7
2016/10/6	12.84	13.84	13.11	12.8
2016/10/7	13.48	14.15	13.52	12.21
2016/10/10	13.38	14.36	14.19	13.29
2016/10/11	15.36	16.47	13.71	13.69
2016/10/12	15.91	16.34	15.53	15.26
2016/10/13	16.69	17.95	16.88	16.14
2016/10/14	16.12	16.5	16.49	15.25
2016/10/17	16.21	17.11	17.01	16.13
2016/10/18	15.28	15.85	15.82	15.03
2016/10/19	14.41	15.68	15.45	13.87
2016/10/20	13.75	14.72	14.43	13.74
2016/10/21	13.34	14.53	14.04	13.27
2016/10/24	13.02	13.26	13.19	12.83
2016/10/25	13.46	13.86	12.91	12.73
2016/10/26	14.24	14.8	13.66	13.66
2016/10/27	15.36	15.43	14.37	13.6
2016/10/28	16.19	17.35	15.67	14.65
2016/10/31	17.06	17.63	16.31	16.25
2016/11/1	18.56	20.43	16.54	16.51
2016/11/2	19.32	19.82	19.09	18.56
2016/11/3	22.08	22.57	19.85	18.84
2016/11/4	22.51	23.01	21.86	19.2
2016/11/7	18.71	19.86	19.78	18.39
2016/11/8	18.74	19.91	18.92	17.7
2016/11/9	14.38	21.48	20.7	14.33
2016/11/10	14.74	16.3	14.01	13.26
2016/11/11	14.17	16	14.83	14.15
2016/11/14	14.48	15.56	14.69	14.39
2016/11/15	13.37	14.65	14.16	13.3
2016/11/16	13.72	14.49	13.51	13.51
2016/11/17	13.35	13.55	13.37	12.97
2016/11/18	12.85	13.74	13.56	12.85
2016/11/21	12.42	13.44	13.27	12.16
2016/11/22	12.41	12.83	12.26	12.2
2016/11/23	12.43	13.01	12.34	12.19
2016/11/25	12.34	12.74	12.52	12.31
2016/11/28	13.15	13.5	13.4	12.74
2016/11/29	12.9	13.55	13.07	12.62
2016/11/30	13.33	13.42	12.6	12.23
2016/12/1	14.07	14.72	13.4	13.05
2016/12/2	14.12	14.48	14.16	12.39
2016/12/5	12.14	13.77	13.75	12.14
2016/12/6	11.79	12.3	12.19	11.54
2016/12/7	12.22	12.24	11.59	11.33
2016/12/8	12.64	13.4	12.1	11.3
2016/12/9	11.75	12.72	12.59	11.67
2016/12/12	12.64	12.78	12.23	12.07
2016/12/13	12.72	13.42	12.46	12.34
2016/12/14	13.19	13.39	12.88	12.48
2016/12/15	12.79	13.24	13.07	12.46
2016/12/16	12.2	12.95	12.88	12.15
2016/12/19	11.71	12.52	12.5	11.67
2016/12/20	11.45	11.75	11.65	11.38
2016/12/21	11.27	11.49	11.44	10.93
2016/12/22	11.43	11.67	11.32	11.14
2016/12/23	11.44	11.81	11.38	11.35
2016/12/27	11.99	12.33	12.26	11.84
2016/12/28	12.95	13.04	11.89	11.85
2016/12/29	13.37	13.71	13.15	12.95
2016/12/30	14.04	14.68	13.2	13.05
2017/1/3	12.85	14.07	14.07	12.85
2017/1/4	11.85	12.8	12.78	11.63
2017/1/5	11.67	12.09	11.96	11.4
2017/1/6	11.32	11.74	11.7	10.98
2017/1/9	11.56	12.08	11.71	11.46
2017/1/10	11.49	11.79	11.59	11.31
2017/1/11	11.26	12.23	11.56	11.21
2017/1/12	11.54	12.6	11.48	11.32
2017/1/13	11.23	11.62	11.45	10.94
2017/1/17	11.87	12.75	12.2	11.79
2017/1/18	12.48	12.81	11.79	11.69
2017/1/19	12.78	13.28	12.58	12.17
2017/1/20	11.54	12.59	12.58	11.53
2017/1/23	11.77	12.62	12.3	11.59
2017/1/24	11.07	11.89	11.82	11.04
2017/1/25	10.81	11.05	10.79	10.51
2017/1/26	10.63	11.01	10.61	10.6
2017/1/27	10.58	10.82	10.57	10.3
2017/1/30	11.88	12.9	11.1	11.1
2017/1/31	11.99	12.99	12.29	11.79
2017/2/1	11.81	12.05	11.79	9.97
2017/2/2	11.93	12.47	12.37	11.62
2017/2/3	10.97	11.84	11.84	10.72
2017/2/6	11.37	11.84	11.37	11.09
2017/2/7	11.29	11.67	11.39	11.06
2017/2/8	11.45	11.82	11.19	11.15
2017/2/9	10.88	11.53	11.44	10.74
2017/2/10	10.85	10.95	10.85	10.55
2017/2/13	11.07	11.4	11.36	11.07
2017/2/14	10.74	11.34	11.17	10.73
2017/2/15	11.97	12.01	10.84	10.8
2017/2/16	11.76	12.86	12.02	11.69
2017/2/17	11.49	12.26	11.84	11.37
2017/2/21	11.57	12.09	12.05	11.5
2017/2/22	11.74	12.07	11.48	11.44
2017/2/23	11.71	12.46	11.66	11.54
2017/2/24	11.47	12.59	11.81	11.34
2017/2/27	12.09	12.14	11.78	11.53
2017/2/28	12.92	12.96	12.19	12.13
2017/3/1	12.54	12.58	12.31	11.78
2017/3/2	11.81	12.71	12.43	11.32
2017/3/3	10.96	11.97	11.96	10.94
2017/3/6	11.24	11.72	11.59	11.06
2017/3/7	11.45	11.58	11.27	11.04
2017/3/8	11.86	11.86	11.49	11.09
2017/3/9	12.3	12.43	11.75	11.62
2017/3/10	11.66	12.09	11.97	11.46
2017/3/13	11.35	12.23	12.16	11.29
2017/3/14	12.3	12.54	11.39	11.28
2017/3/15	11.63	12.25	12.12	10.6
2017/3/16	11.21	11.55	11.29	11.16
2017/3/17	11.28	11.38	11.38	10.78
2017/3/20	11.34	11.72	11.71	11.03
2017/3/21	12.47	12.85	11.15	10.92
2017/3/22	12.81	13.16	12.95	11.99
2017/3/23	13.12	13.17	12.65	12.18
2017/3/24	12.96	14.16	12.86	12.27
2017/3/27	12.5	15.11	14.78	12.48
2017/3/28	11.53	12.67	12.44	11.34
2017/3/29	11.42	11.7	11.54	11.03
2017/3/30	11.54	11.64	11.37	11.12
2017/3/31	12.37	12.54	11.61	11.5
2017/4/3	12.38	13.59	12.59	12.27
2017/4/4	11.79	13.07	12.71	11.7
2017/4/5	12.89	12.89	11.89	10.9
2017/4/6	12.39	13.22	13.11	11.7
2017/4/7	12.87	13.43	13.17	12.23
2017/4/10	14.05	14.11	13.24	12.94
2017/4/11	15.07	15.88	14.32	14.17
2017/4/12	15.77	16.16	15.16	14.84
2017/4/13	15.96	16.22	15.89	14.97
2017/4/17	14.66	16.28	16.19	14.6
2017/4/18	14.42	15.5	14.5	14.29
2017/4/19	14.93	15.15	14	13.46
2017/4/20	14.15	14.81	14.59	13.83
2017/4/21	14.63	15.33	13.85	13.85
2017/4/24	10.84	12.01	11.56	10.82
2017/4/25	10.76	11.15	10.81	10.22
2017/4/26	10.85	10.89	10.61	10.39
2017/4/27	10.36	11.08	10.72	10.33
2017/4/28	10.82	11.16	10.39	10.29
2017/5/1	10.11	11.04	10.92	9.9
2017/5/2	10.59	10.59	10.16	10.14
2017/5/3	10.68	11.15	10.56	10.4
2017/5/4	10.46	11.24	10.71	10.27
2017/5/5	10.57	10.98	10.51	9.99
2017/5/8	9.77	10.55	10.53	9.67
2017/5/9	9.96	10.14	9.87	9.56
2017/5/10	10.21	10.24	9.75	9.62
2017/5/11	10.6	11.23	10.34	10.32
2017/5/12	10.4	10.87	10.72	10.28
2017/5/15	10.42	10.88	10.54	10.25
2017/5/16	10.65	10.67	10.46	10.18
2017/5/17	15.59	15.59	11.89	11.53
2017/5/18	14.66	16.3	14.06	14.03
2017/5/19	12.04	14.23	14.23	11.72
2017/5/22	10.93	12.52	12.29	10.89
2017/5/23	10.72	11	11	10.56
2017/5/24	10.02	10.9	10.61	9.88
2017/5/25	9.99	10.29	9.82	9.72
2017/5/26	9.81	10.48	9.93	9.65
2017/5/30	10.38	10.84	10.61	10.14
2017/5/31	10.41	11.3	10.1	9.93
2017/6/1	9.89	10.54	10.42	9.69
2017/6/2	9.75	10.3	10.08	9.58
2017/6/5	10.07	10.28	10.08	9.6
2017/6/6	10.45	10.77	10.19	9.86
2017/6/7	10.39	10.93	10.48	10.12
2017/6/8	10.16	10.53	10.27	9.73
2017/6/9	10.7	12.11	9.93	9.37
2017/6/12	11.46	12.37	11.19	11.19
2017/6/13	10.42	11.14	11.12	10.26
2017/6/14	10.64	11.26	10.33	10.01
2017/6/15	10.9	12.01	11.06	10.74
2017/6/16	10.38	11.35	10.63	10.26
2017/6/19	10.37	10.6	10.57	10.01
2017/6/20	10.86	11.15	10.28	10.24
2017/6/21	10.75	11.4	11.03	10.4
2017/6/22	10.48	11.01	10.81	10.24
2017/6/23	10.02	10.69	10.25	9.85
2017/6/26	9.9	10.44	10.13	9.68
2017/6/27	11.06	11.31	10.04	9.8
2017/6/28	10.03	11.49	11.17	9.76
2017/6/29	11.44	15.16	9.79	9.73
2017/6/30	11.18	11.85	11.74	10.4
2017/7/3	11.22	11.45	11.07	10.28
2017/7/5	11.07	12.03	11.2	10.79
2017/7/6	12.54	13.05	11.2	11.18
2017/7/7	11.19	12.57	12.48	10.98
2017/7/10	11.11	11.73	11.26	10.61
2017/7/11	10.89	12.14	10.79	10.68
2017/7/12	10.3	10.85	10.85	10.08
2017/7/13	9.9	10.4	10.07	9.9
2017/7/14	9.51	10.14	10.09	9.5
2017/7/17	9.82	10.03	9.77	9.71
2017/7/18	9.89	10.35	9.86	9.66
2017/7/19	9.79	9.94	9.69	9.58
2017/7/20	9.58	10.28	9.66	9.5
2017/7/21	9.36	9.98	9.52	9.3
2017/7/24	9.43	9.97	9.94	9.26
2017/7/25	9.43	9.52	9.4	9.04
2017/7/26	9.6	9.66	9.25	8.84
2017/7/27	10.11	11.5	9.33	9.16
2017/7/28	10.29	11.3	10.62	10.26
2017/7/31	10.26	10.84	10.53	10.23
2017/8/1	10.09	10.56	10.19	9.95
2017/8/2	10.28	10.81	10.08	9.8
2017/8/3	10.44	10.6	10.47	9.9
2017/8/4	10.03	10.5	10.48	9.68
2017/8/7	9.93	10.32	10.19	9.76
2017/8/8	10.96	11.52	10.04	9.52
2017/8/9	11.11	12.63	11.49	11.11
2017/8/10	16.04	16.17	11.57	11.56
2017/8/11	15.51	17.28	16.17	14.5
2017/8/14	12.33	14.05	14.05	12.06
2017/8/15	12.04	12.37	11.78	11.45
2017/8/16	11.74	12.54	11.59	11.25
2017/8/17	15.55	15.77	11.81	11.54
2017/8/18	14.26	16.04	15.38	13.32
2017/8/21	13.19	14.74	14.59	13.07
2017/8/22	11.35	12.94	12.6	11.35
2017/8/23	12.25	12.59	11.51	11.39
2017/8/24	12.23	12.83	12.06	11.55
2017/8/25	11.28	12.45	12.2	11.1
2017/8/28	11.32	12.11	12.09	11.23
2017/8/29	11.7	14.34	13.33	11.48
2017/8/30	11.22	11.98	11.4	10.96
2017/8/31	10.59	11.22	11.07	10.34
2017/9/1	10.13	10.46	10.33	10.02
2017/9/5	12.23	14.06	11.75	11.41
2017/9/6	11.63	12.59	12.27	11.35
2017/9/7	11.55	12.07	11.93	11.32
2017/9/8	12.12	12.6	11.87	11.84
2017/9/11	10.73	11.39	11.38	10.51
2017/9/12	10.58	10.95	10.66	10.29
2017/9/13	10.5	10.86	10.72	10.33
2017/9/14	10.44	11.04	10.57	10.28
2017/9/15	10.17	10.74	10.51	10
2017/9/18	10.15	10.42	10.18	9.88
2017/9/19	10.18	10.3	10.16	9.85
2017/9/20	9.78	10.67	10.04	9.67
2017/9/21	9.67	10.21	9.74	9.54
2017/9/22	9.59	10.2	9.9	9.5
2017/9/25	10.21	11.21	10.08	9.79
2017/9/26	10.17	10.68	10.42	9.94
2017/9/27	9.87	10.42	9.9	9.63
2017/9/28	9.55	10.13	9.74	9.55
2017/9/29	9.51	9.83	9.59	9.36
2017/10/2	9.45	10.04	9.59	9.37
2017/10/3	9.51	9.75	9.3	9.3
2017/10/4	9.63	9.88	9.53	9.53
2017/10/5	9.19	9.62	9.48	9.13
2017/10/6	9.65	10.27	9.23	9.11
2017/10/9	10.33	10.53	9.92	9.88
2017/10/10	10.08	10.66	10.15	9.94
2017/10/11	9.85	10.38	9.95	9.72
2017/10/12	9.91	10.33	9.94	9.65
2017/10/13	9.61	9.98	9.95	9.44
2017/10/16	9.91	10.02	9.95	9.75
2017/10/17	10.31	10.46	9.85	9.78
2017/10/18	10.07	10.41	10.34	9.87
2017/10/19	10.05	11.77	10.22	9.99
2017/10/20	9.97	10.04	9.92	9.29
2017/10/23	11.07	11.08	10.25	9.94
2017/10/24	11.16	11.16	10.89	10.39
2017/10/25	11.23	13.2	11.34	10.99
2017/10/26	11.3	11.81	11.17	10.6
2017/10/27	9.8	11.12	11.12	9.74
2017/10/30	10.5	10.89	10.28	10.1
2017/10/31	10.18	10.37	10.34	9.9
2017/11/1	10.2	10.49	9.79	9.74
2017/11/2	9.93	10.89	10.44	9.67
2017/11/3	9.14	9.91	9.83	8.99
2017/11/6	9.4	9.74	9.63	9.38
2017/11/7	9.89	10.31	9.31	9.29
2017/11/8	9.78	10.27	9.79	9.5
2017/11/9	10.5	12.19	9.94	9.79
2017/11/10	11.29	11.58	10.78	10.5
2017/11/13	11.5	12.18	11.43	11
2017/11/14	11.59	12.61	11.53	11.45
2017/11/15	13.13	14.51	12.52	12.33
2017/11/16	11.76	12.52	12.47	11.38
2017/11/17	11.43	12.01	11.75	11.16
2017/11/20	10.65	12.08	11.96	10.44
2017/11/21	9.73	10.78	10.74	9.67
2017/11/22	9.88	9.88	9.6	9.32
2017/11/24	9.67	9.96	9.82	8.56
2017/11/27	9.87	10.26	10.07	9.79
2017/11/28	10.03	10.31	9.72	9.53
2017/11/29	10.7	10.93	9.91	9.81
2017/11/30	11.28	12.05	10.49	10.25
2017/12/1	11.43	14.58	11.19	10.54
2017/12/4	11.68	11.86	11.05	10.26
2017/12/5	11.33	11.67	11.38	10.65
2017/12/6	11.02	11.68	11.63	10.86
2017/12/7	10.16	11.32	10.9	10.12
2017/12/8	9.58	10.06	10	9.43
2017/12/11	9.34	10.08	9.74	9.28
2017/12/12	9.92	9.92	9.36	9.21
2017/12/13	10.18	10.21	9.78	9.65
2017/12/14	10.49	10.54	9.98	9.78
2017/12/15	9.42	10.2	10.12	9.22
2017/12/18	9.53	9.89	9.46	9.24
2017/12/19	10.03	10.15	9.4	9.18
2017/12/20	9.72	9.85	9.69	8.9
2017/12/21	9.62	9.86	9.59	9.2
2017/12/22	9.9	10.18	9.37	9.35
2017/12/26	10.25	10.46	10.19	10.13
2017/12/27	10.47	10.79	10.04	9.71
2017/12/28	10.18	10.44	10.29	10.07
2017/12/29	11.04	11.06	10.03	9.95
2018/1/2	9.77	11.07	10.95	9.52
2018/1/3	9.15	9.65	9.56	8.94
2018/1/4	9.22	9.31	9.01	8.92
2018/1/5	9.22	9.54	9.1	9
2018/1/8	9.52	9.89	9.61	9.32
2018/1/9	10.08	10.09	9.41	9.37
2018/1/10	9.82	10.85	10.11	9.82
2018/1/11	9.88	10.02	9.69	9.62
2018/1/12	10.16	10.31	9.74	9.54
2018/1/16	11.66	12.41	10.42	10.4
2018/1/17	11.91	12.81	11.35	11.18
2018/1/18	12.22	12.4	12.01	11.62
2018/1/19	11.27	12.33	12.3	11.18
2018/1/22	11.03	11.62	11.59	10.84
2018/1/23	11.1	11.57	10.77	10.76
2018/1/24	11.47	12.19	11	10.89
2018/1/25	11.58	12.01	11.27	11.2
2018/1/26	11.08	11.6	11.4	11.08
2018/1/29	13.84	13.84	11.71	11.68
2018/1/30	14.79	15.42	13.93	13.88
2018/1/31	13.54	14.44	14.23	13.41
2018/2/1	13.47	14.3	13.05	12.5
2018/2/2	17.31	17.86	13.64	13.64
2018/2/5	37.32	38.8	18.44	16.8
2018/2/6	29.98	50.3	37.32	22.42
2018/2/7	27.73	31.64	31.38	21.17
2018/2/8	33.46	36.17	27.29	24.41
2018/2/9	29.06	41.06	32.18	27.73
2018/2/12	25.61	29.7	27.25	24.42
2018/2/13	24.97	27.82	26.94	24.47
2018/2/14	19.26	25.72	23.48	18.99
2018/2/15	19.13	20.66	18.39	17.6
2018/2/16	19.46	20.99	18.74	17.44
2018/2/20	20.6	21.61	20.53	19.75
2018/2/21	20.02	21.04	20.76	16.97
2018/2/22	18.72	20.61	20.57	18.07
2018/2/23	16.49	18.8	17.96	16.47
2018/2/26	15.8	16.94	16.53	15.8
2018/2/27	18.59	18.98	15.83	15.29
2018/2/28	19.85	20.44	18.08	15.65
2018/3/1	22.47	25.3	19.96	19.57
2018/3/2	19.59	26.22	22.47	19.36
2018/3/5	18.73	21.57	21.55	17.94
2018/3/6	18.36	19.64	18.25	17.68
2018/3/7	17.76	20.49	20.11	17.52
2018/3/8	16.54	17.68	17.56	14.91
2018/3/9	14.64	16.75	16.41	13.31
2018/3/12	15.78	16.35	15.28	15.18
2018/3/13	16.35	16.98	15.7	15.03
2018/3/14	17.23	17.59	16.59	14.94
2018/3/15	16.59	17.41	16.99	15.96
2018/3/16	15.8	16.72	16.6	15.23
2018/3/19	19.02	21.87	16.63	16.56
2018/3/20	18.2	19.31	18.38	18.09
2018/3/21	17.86	18.37	17.76	16.26
2018/3/22	23.34	23.81	18.13	18.12
2018/3/23	24.87	26.01	24.02	21.63
2018/3/26	21.03	24.54	23.41	20.71
2018/3/27	22.5	24.06	20.33	19.84
2018/3/28	22.87	24.94	22.52	21.71
2018/3/29	19.97	23.05	22.87	19.6
2018/4/2	23.62	25.72	21.07	20.44
2018/4/3	21.1	23.38	23.03	20.92
2018/4/4	20.06	24.51	21.68	19.86
2018/4/5	18.94	20.21	19.76	18.57
2018/4/6	21.49	23.12	20.33	18.6
2018/4/9	21.77	22.02	21.27	20.34
2018/4/10	20.47	21.68	20.51	20.24
2018/4/11	20.24	21.66	20.95	19.64
2018/4/12	18.49	19.92	19.83	18.16
2018/4/13	17.41	18.45	18.27	17.26
2018/4/16	16.56	17.66	17.59	16.38
2018/4/17	15.25	16.27	16.16	14.57
2018/4/18	15.6	16.9	15.3	14.95
2018/4/19	15.96	16.92	15.55	15.16
2018/4/20	16.88	17.5	16.16	15.19
2018/4/23	16.34	17.56	17.29	15.79
2018/4/24	18.02	19.66	16.16	15.37
2018/4/25	17.84	19.84	18.14	17.75
2018/4/26	16.24	18.12	18.07	16.24
2018/4/27	15.41	16.77	16.22	15.25
2018/4/30	15.93	16.35	15.39	15.13
2018/5/1	15.49	16.82	15.78	15.42
2018/5/2	15.97	15.97	15.48	14.75
2018/5/3	15.9	18.66	15.78	15.43
2018/5/4	14.77	16.92	15.94	10.91
2018/5/7	14.75	15.52	15.32	14.51
2018/5/8	14.71	15.56	14.53	14.52
2018/5/9	13.42	14.63	14.54	13.38
2018/5/10	13.23	13.63	13.36	12.92
2018/5/11	12.65	13.44	13.22	12.65
2018/5/14	12.93	13.28	12.95	12.81
2018/5/15	14.63	15.01	13.13	12.5
2018/5/16	13.42	14.91	14.38	13.21
2018/5/17	13.43	13.86	13.54	12.65
2018/5/18	13.42	13.87	13.18	13.06
2018/5/21	13.08	13.59	13.44	12.78
2018/5/22	13.22	13.42	13.03	12.77
2018/5/23	12.58	14.6	13.5	12.49
2018/5/24	12.53	14.24	12.73	12.53
2018/5/25	13.22	13.52	12.44	12.29
2018/5/29	17.02	18.78	14.39	14.39
2018/5/30	14.94	16.64	16.6	14.65
2018/5/31	15.43	16.29	14.93	14.2
2018/6/1	13.46	14.93	14.92	13.37
2018/6/4	12.74	13.91	13.91	12.69
2018/6/5	12.4	13.34	12.91	12.3
2018/6/6	11.64	12.56	12.1	11.62
2018/6/7	12.13	13.28	11.66	11.22
2018/6/8	12.18	13.31	12.54	12.09
2018/6/11	12.35	12.69	12.52	12.14
2018/6/12	12.34	12.6	12.29	11.88
2018/6/13	12.94	12.95	12.13	11.98
2018/6/14	12.12	13.07	12.98	11.88
2018/6/15	11.98	13.16	12.19	11.93
2018/6/18	12.31	13.74	12.79	12.28
2018/6/19	13.35	14.68	14.61	13.21
2018/6/20	12.79	13.02	12.9	12.25
2018/6/21	14.64	15.18	12.54	12.18
2018/6/22	13.77	14.6	14.6	13.11
2018/6/25	17.33	19.61	15.07	14.56
2018/6/26	15.92	17.54	16.71	15.1
2018/6/27	17.91	18.19	16.52	14.76
2018/6/28	16.85	18.99	17.54	16.4
2018/6/29	16.09	16.51	15.73	14.66
2018/7/2	15.6	18.08	17.7	15.54
2018/7/3	16.14	16.45	15.37	14.68
2018/7/5	14.97	16.22	15.62	14.47
2018/7/6	13.37	15.45	14.99	13.34
2018/7/9	12.69	13.45	13.42	12.6
2018/7/10	12.64	13.21	12.52	11.93
2018/7/11	13.63	14.15	14.05	13.09
2018/7/12	12.58	13.33	13.07	12.42
2018/7/13	12.18	12.97	12.39	11.62
2018/7/16	12.83	12.97	12.46	12.13
2018/7/17	12.06	13.18	12.91	11.85
2018/7/18	12.1	12.47	11.87	11.44
2018/7/19	12.87	13.09	12.2	11.79
2018/7/20	12.86	13.58	13	12.49
2018/7/23	12.62	13.55	13.47	12.58
2018/7/24	12.41	13.21	12.61	11.66
2018/7/25	12.29	12.82	12.37	11.8
2018/7/26	12.14	12.53	12.45	11.78
2018/7/27	13.03	14.26	12.17	11.6
2018/7/30	14.26	14.46	13.63	12.98
2018/7/31	12.83	14.12	13.98	12.81
2018/8/1	13.15	13.63	13.09	12.45
2018/8/2	12.19	14.53	13.57	12.17
2018/8/3	11.64	12.46	12.43	11.07
2018/8/6	11.27	12.15	11.91	11.17
2018/8/7	10.93	11.24	11.12	10.52
2018/8/8	10.85	11.18	10.93	10.52
2018/8/9	11.27	11.31	10.94	10.17
2018/8/10	13.16	13.82	11.82	11.59
2018/8/13	14.78	15.02	14.5	12.95
2018/8/14	13.31	14.22	13.93	13.11
2018/8/15	14.64	16.86	13.52	13.44
2018/8/16	13.45	14.36	14.18	12.82
2018/8/17	12.64	13.96	13.18	12.4
2018/8/20	12.49	12.79	12.57	12.26
2018/8/21	12.86	12.89	12.47	12.09
2018/8/22	12.25	13.29	13.09	11.97
2018/8/23	12.41	12.68	12.03	11.65
2018/8/24	11.99	12.17	12.13	11.83
2018/8/27	12.16	12.48	12.37	12.02
2018/8/28	12.5	12.5	12.01	11.87
2018/8/29	12.25	12.55	12.34	12.09
2018/8/30	13.53	13.95	12.25	12.24
2018/8/31	12.86	14.03	13.54	12.82
2018/9/4	13.16	14.35	13.13	13.12
2018/9/5	13.91	14.3	13.69	13.23
2018/9/6	14.65	15.41	14.21	13.72
2018/9/7	14.88	15.63	14.72	14.31
2018/9/10	14.16	15.2	15.09	13.93
2018/9/11	13.22	14.92	13.96	13.21
2018/9/12	13.14	13.86	13.07	12.91
2018/9/13	12.37	12.91	12.91	12.3
2018/9/14	12.07	13.15	12.13	11.93
2018/9/17	13.68	13.75	12.72	12.32
2018/9/18	12.79	13.48	13.48	12.56
2018/9/19	11.75	12.77	12.61	11.66
2018/9/20	11.8	11.96	11.82	11.31
2018/9/21	11.68	12.03	11.76	11.1
2018/9/24	12.2	12.92	12.46	12.18
2018/9/25	12.42	12.6	12.28	11.8
2018/9/26	12.89	13.13	12.21	11.55
2018/9/27	12.41	13	12.77	11.94
2018/9/28	12.12	13.22	12.59	12.09
2018/10/1	12	12.4	11.99	11.57
2018/10/2	12.05	12.69	12.47	11.61
2018/10/3	11.61	12.14	11.66	11.34
2018/10/4	14.22	15.84	12.84	12.42
2018/10/5	14.82	17.36	14.29	11.72
2018/10/8	15.69	18.38	16.05	15.69
2018/10/9	15.95	17.49	16.12	15.27
2018/10/10	22.96	22.96	16.03	15.83
2018/10/11	24.98	28.84	23.07	20.65
2018/10/12	21.31	26.8	21.63	20.88
2018/10/15	21.3	22.89	21.97	19.47
2018/10/16	17.62	20.56	20.28	17.55
2018/10/17	17.4	19.55	17.06	17.06
2018/10/18	20.06	21.57	18.02	17.51
2018/10/19	19.89	21.08	19.24	18.39
2018/10/22	19.64	20.89	19.38	18.82
2018/10/23	20.71	24.66	22.18	20.18
2018/10/24	25.23	26.38	21.6	20.4
2018/10/25	24.22	24.78	24.78	22.06
2018/10/26	24.16	27.52	24.51	23.33
2018/10/29	24.7	27.86	24.48	22.01
2018/10/30	23.35	25.55	23.94	23.11
2018/10/31	21.23	22.8	22.72	20.39
2018/11/1	19.34	21.21	20.96	19.03
2018/11/2	19.51	21.61	18.52	18.05
2018/11/5	19.96	20.87	20.58	19.64
2018/11/6	19.91	20.6	19.84	19.69
2018/11/7	16.36	18.05	18.03	16.33
2018/11/8	16.72	17.2	16.18	16.09
2018/11/9	17.36	18.41	16.87	16.84
2018/11/12	20.45	20.71	17.26	17.25
2018/11/13	20.02	21.25	19.45	19.11
2018/11/14	21.25	22.36	20.52	19.3
2018/11/15	19.98	22.97	20.41	19.94
2018/11/16	18.14	21.36	20.04	18.1
2018/11/19	20.1	20.99	18.78	18.52
2018/11/20	22.48	23.81	20.76	20.37
2018/11/21	20.8	22.31	21.66	20.11
2018/11/23	21.52	22.65	21.23	20.65
2018/11/26	18.9	20.8	20.78	18.67
2018/11/27	19.02	19.93	19.41	18.7
2018/11/28	18.49	19.38	18.87	18.18
2018/11/29	18.79	20.48	18.65	18.59
2018/11/30	18.07	19.91	19.18	18.03
2018/12/3	16.44	17.28	16.04	15.94
2018/12/4	20.74	21.94	16.84	16.26
2018/12/6	21.19	25.94	23.53	20.94
2018/12/7	23.23	24.71	22.42	19.9
2018/12/10	22.64	25.94	23.95	22.5
2018/12/11	21.76	23.6	22.96	21.39
2018/12/12	21.46	21.91	21.91	20.5
2018/12/13	20.65	21.57	21	20.34
2018/12/14	21.63	22.47	21.57	20.95
2018/12/17	24.52	25.88	22.36	21.97
2018/12/18	25.58	26.14	24.68	23.64
2018/12/19	25.58	26.64	25.15	22.5
2018/12/20	28.38	30.3	26.09	24.68
2018/12/21	30.11	31.35	28.24	25.71
2018/12/24	36.07	36.1	29.29	29.16
2018/12/26	30.41	36.2	35.5	29.59
2018/12/27	29.96	33.8	31.2	29.66
2018/12/28	28.34	31.05	29.97	27.43
2018/12/31	25.42	27.64	27.59	25.33
2019/1/2	23.22	28.53	27.54	23.05
2019/1/3	25.45	26.6	25.68	24.05
2019/1/4	21.38	24.48	24.36	21.19
2019/1/7	21.4	22.71	22.06	20.91
2019/1/8	20.47	22.03	20.96	20.09
2019/1/9	19.98	22.8	20.44	19.48
2019/1/10	19.5	21.32	20.98	19.29
2019/1/11	18.19	20.16	19.68	18.12
2019/1/14	19.07	20.27	19.84	18.7
2019/1/15	18.6	19.2	18.53	17.98
2019/1/16	19.04	19.04	18.08	17.76
2019/1/17	18.06	19.72	19.51	17.85
2019/1/18	17.8	18.18	17.8	17.17
2019/1/22	20.8	21.15	18.53	18.2
2019/1/23	19.52	22.02	20.85	19.47
2019/1/24	18.89	20.25	19.69	18.63
2019/1/25	17.42	18.46	18.43	17.31
2019/1/28	18.87	20.42	18.56	18.42
2019/1/29	19.13	19.93	19.45	18.42
2019/1/30	17.66	19.31	19.15	17.54
2019/1/31	16.57	17.72	17.39	16.54
2019/2/1	16.14	16.83	16.63	16.08
2019/2/4	15.73	16.73	16.72	15.6
2019/2/5	15.57	15.94	15.79	15.04
2019/2/6	15.38	15.87	15.44	15.09
2019/2/7	16.37	17.89	15.66	15.51
2019/2/8	15.72	17.63	16.81	15.62
2019/2/11	15.97	16.5	16.17	15.34
2019/2/12	15.43	15.65	15.23	14.95
2019/2/13	15.65	15.91	15.46	15
2019/2/14	16.22	17.27	15.61	15.3
2019/2/15	14.91	16.82	16.82	14.79
2019/2/19	14.88	16.16	15.65	14.64
2019/2/20	14.02	15.19	14.92	13.99
2019/2/21	14.46	15.17	14	13.85
2019/2/22	13.51	14.47	14.46	13.51
2019/2/25	14.85	14.9	13.91	13.44
2019/2/26	15.17	15.28	15.16	14.52
2019/2/27	14.7	16.17	15.53	14.7
2019/2/28	14.78	15.24	15.17	14.39
2019/3/1	13.57	14.84	14.57	13.41
2019/3/4	14.63	16.98	13.77	13.38
2019/3/5	14.74	15.39	14.52	14.26
2019/3/6	15.74	16.11	14.91	14.74
2019/3/7	16.59	17.81	16.33	15.54
2019/3/8	16.05	18.33	17.38	16.02
2019/3/11	14.33	16.43	16.28	14.33
2019/3/12	13.77	14.7	13.97	13.61
2019/3/13	13.41	14.05	14	13.25
2019/3/14	13.5	13.84	13.35	13.16
2019/3/15	12.88	13.28	13.21	12.5
2019/3/18	13.1	13.8	13.13	13
2019/3/19	13.56	13.77	12.89	12.37
2019/3/20	13.91	14.3	13.54	13.05
2019/3/21	13.63	14.56	14.11	13.26
2019/3/22	16.48	17.52	13.77	13.62
2019/3/25	16.33	17.85	17.76	16.26
2019/3/26	14.68	16.3	16.22	14.67
2019/3/27	15.15	16.71	14.52	14.51
2019/3/28	14.43	15.62	15.38	14.41
2019/3/29	13.71	14.43	14.19	13.64
2019/4/1	13.4	14.01	13.9	13.32
2019/4/2	13.36	13.68	13.62	13.13
2019/4/3	13.74	14.27	13.06	12.85
2019/4/4	13.58	14.03	13.84	13.4
2019/4/5	12.82	13.47	13.46	12.17
2019/4/8	13.18	13.77	13.55	13.1
2019/4/9	14.28	14.39	13.46	13.31
2019/4/10	13.3	14.29	14.09	13.27
2019/4/11	13.02	13.58	13.37	12.91
2019/4/12	12.01	12.96	12.96	11.95
2019/4/15	12.32	13.14	12.46	12.24
2019/4/16	12.18	12.47	12.26	11.85
2019/4/17	12.6	13.02	12.12	11.03
2019/4/18	12.09	13.12	12.8	12.02
2019/4/22	12.42	13.36	13.21	12.38
2019/4/23	12.28	12.69	12.66	12.08
2019/4/24	13.14	13.23	12.53	12.26
2019/4/25	13.25	14.3	13.29	12.81
2019/4/26	12.73	13.62	13.44	12.49
2019/4/29	13.11	13.27	13.04	12.65
2019/4/30	13.12	14.05	13.11	12.88
2019/5/1	14.8	14.83	12.86	12.74
2019/5/2	14.42	15.92	14.35	13.8
2019/5/3	12.87	14.15	14.11	12.8
2019/5/6	15.44	18.8	12.89	12.89
2019/5/7	19.32	21.84	15.9	15.8
2019/5/8	19.4	21.74	18.95	18.29
2019/5/9	19.1	23.38	21.4	18.87
2019/5/10	16.04	20.19	18.79	15.57
2019/5/13	20.55	21.32	18.62	18.35
2019/5/14	18.06	19.65	19.4	17.45
2019/5/15	16.44	19.15	17.57	16.41
2019/5/16	15.29	17.13	16.69	15.16
2019/5/17	15.96	16.81	15.89	14.86
2019/5/20	16.31	17.63	15.88	15.46
2019/5/21	14.95	16.22	15.86	14.79
2019/5/22	14.75	15.44	15.06	14.42
2019/5/23	16.92	18.05	15.93	15.28
2019/5/24	15.85	16.52	16.34	15.52
2019/5/28	17.5	17.7	16.55	15.9
2019/5/29	17.9	19.04	18.55	17.62
2019/5/30	17.3	18.11	17.47	16.72
2019/5/31	18.71	19.72	19.05	18.01
2019/6/3	18.86	19.75	19.41	18.16
2019/6/4	16.97	18.74	18.74	16.97
2019/6/5	16.09	17.49	17.06	16.04
2019/6/6	15.93	16.54	16.25	15.36
2019/6/7	16.3	16.44	15.65	15.33
2019/6/10	15.94	16.47	16.3	15.84
2019/6/11	15.99	16.7	15.84	15.5
2019/6/12	15.91	16.43	16.26	15.78
2019/6/13	15.82	16.21	16.16	15.61
2019/6/14	15.28	16.4	16	15.21
2019/6/17	15.35	15.76	15.61	15.24
2019/6/18	15.15	15.54	14.89	14.62
2019/6/19	14.33	15.71	15.05	14.15
2019/6/20	14.75	16.03	14.04	13.19
2019/6/21	15.4	15.48	14.74	14.42
2019/6/24	15.26	15.56	15.46	15.23
2019/6/25	16.28	16.68	15.43	15.1
2019/6/26	16.21	16.6	16.1	15.47
2019/6/27	15.82	16.4	15.66	15.66
2019/6/28	15.08	16.13	15.7	15.08
2019/7/1	14.06	14.64	13.85	13.8
2019/7/2	12.93	14.3	14.16	12.9
2019/7/3	12.57	13.19	13.18	12.56
2019/7/5	13.28	14.47	13	12.04
2019/7/8	13.96	14.44	13.73	13.64
2019/7/9	14.09	14.71	14.47	13.99
2019/7/10	13.03	14.69	14.38	12.98
2019/7/11	12.93	13.33	13.01	12.39
2019/7/12	12.39	12.82	12.76	12.28
2019/7/15	12.68	13.02	12.58	12.49
2019/7/16	12.86	13.14	12.61	12.28
2019/7/17	13.97	13.97	12.62	12.24
2019/7/18	13.53	14.5	14.45	13.19
2019/7/19	14.45	14.45	13.31	13.09
2019/7/22	13.53	14.7	14.55	13.42
2019/7/23	12.61	13.52	13.42	12.55
2019/7/24	12.07	13.1	12.8	11.98
2019/7/25	12.74	13.54	12.24	11.69
2019/7/26	12.16	12.72	12.58	12.01
2019/7/29	12.83	13.17	12.15	12.15
2019/7/30	13.94	14.18	12.87	12.87
2019/7/31	16.12	16.55	13.83	13.46
2019/8/1	17.87	19.46	15.41	13.73
2019/8/2	17.61	20.11	17.69	17.04
2019/8/5	24.59	24.81	19.96	19.91
2019/8/6	20.17	22.87	22.29	19.77
2019/8/7	19.49	23.67	20.7	18.94
2019/8/8	16.91	19.89	19.36	16.82
2019/8/9	17.97	19.44	18.14	17.31
2019/8/12	21.09	21.26	17.87	17.77
2019/8/13	17.52	21.64	21.28	17.52
2019/8/14	22.1	22.71	17.81	17.75
2019/8/15	21.18	24.1	21.58	20.78
2019/8/16	18.47	20.5	20.48	18.41
2019/8/19	16.88	18.22	17.93	16.52
2019/8/20	17.5	17.7	16.78	16.45
2019/8/21	15.8	17.04	17.01	15.51
2019/8/22	16.68	17.68	16.12	15.63
2019/8/23	19.87	21.07	16.15	16.04
2019/8/26	19.32	21.33	20.34	19.06
2019/8/27	20.31	21.04	20.18	18.49
2019/8/28	19.35	21.64	20.55	19.1
2019/8/29	17.88	19.2	19.02	17.6
2019/8/30	18.98	19.18	17.94	17.09
2019/9/3	19.66	21.15	20.96	19.41
2019/9/4	17.33	18.83	18.23	17.26
2019/9/5	16.27	17.05	16.92	15.45
2019/9/6	15	16.06	15.92	14.91
2019/9/9	15.27	16.13	15.26	14.95
2019/9/10	15.2	16.52	15.53	15.11
2019/9/11	14.61	15.52	15.33	14.55
2019/9/12	14.22	14.94	14.69	13.85
2019/9/13	13.74	14.31	14.16	13.51
2019/9/16	14.67	15.29	14.89	14.5
2019/9/17	14.44	15.03	14.92	14.4
2019/9/18	13.95	15.8	14.61	13.8
2019/9/19	14.05	14.66	14.66	13.31
2019/9/20	15.32	15.84	13.94	13.35
2019/9/23	14.91	16	15.35	14.71
2019/9/24	17.05	17.62	14.77	14.33
2019/9/25	15.96	18.45	17.05	15.69
2019/9/26	16.07	17.09	16.23	15.35
2019/9/27	17.22	18.69	15.77	15.15
2019/9/30	16.24	17.35	17.23	16.2
2019/10/1	18.56	18.62	16.02	15.79
2019/10/2	20.56	21.46	18.75	18.75
2019/10/3	19.12	21.44	20.11	19.03
2019/10/4	17.04	19.97	19.42	16.97
2019/10/7	17.86	18.52	18.27	16.44
2019/10/8	20.28	20.38	17.61	17.42
2019/10/9	18.64	20	19.94	17.77
2019/10/10	17.57	19.8	19.28	17.56
2019/10/11	15.58	17.44	17.35	15.11
2019/10/14	14.57	16.5	15.66	14.51
2019/10/15	13.54	14.43	13.94	13.39
2019/10/16	13.68	14.26	13.94	13.6
2019/10/17	13.79	14.18	13.79	13.31
2019/10/18	14.25	15.16	14.2	13.78
2019/10/21	14	14.63	14.24	14
2019/10/22	14.46	14.61	13.99	13.7
2019/10/23	14.01	15.12	14.83	14.01
2019/10/24	13.71	14.34	13.98	13.4
2019/10/25	12.65	13.79	13.53	12.62
2019/10/28	13.11	13.14	13.01	12.66
